ID,class,nfp,qs_error,aspect_ratio
134961,QA,1,-4.4437,10.000
166525,QA,1,-3.6775,6.667
124532,QA,1,-4.0561,6.667
143907,QA,1,-4.3904,10.000
160330,QA,1,-4.1698,6.667
135096,QA,1,-4.0906,5.000
137727,QA,1,-3.2466,6.667
152498,QA,1,-3.1547,5.000
136971,QA,1,-3.1511,6.667
139490,QA,1,-3.2904,10.000
137001,QA,1,-2.4946,4.000
144518,QA,1,-2.7905,5.000
136931,QA,1,-2.6103,3.999
161474,QA,1,-2.5332,3.333
305818,QA,1,-2.7974,6.667
126691,QA,1,-2.2694,3.333
136799,QA,1,-2.3245,3.333
152101,QA,1,-2.1306,3.333
181581,QA,2,-4.1005,10.000
895219,QA,2,-4.1359,5.000
604808,QA,2,-3.5714,10.000
1054112,QA,2,-3.9328,5.000
896606,QA,2,-3.7632,4.000
626000,QA,2,-3.7100,4.000
1043612,QA,2,-2.8599,5.000
765822,QA,2,-3.0561,9.999
191572,QA,2,-3.1882,5.000
632710,QA,2,-3.0454,10.001
1043611,QA,2,-3.1353,6.667
611651,QA,2,-2.6367,3.333
607206,QA,2,-2.6193,3.333
766323,QA,2,-2.7299,3.333
199589,QA,2,-2.7288,3.333
1042669,QA,2,-2.8089,3.333
602092,QA,2,-2.1606,10.000
612509,QA,2,-2.1103,6.667
598709,QA,2,-1.2674,2.856
171846,QA,2,-1.4194,5.000
4211,QA,2,-1.5990,4.000
171890,QA,2,-1.3068,3.332
168795,QA,2,-1.7243,4.000
937217,QA,3,-3.9938,10.000
227628,QA,3,-3.6422,6.667
1093422,QA,3,-3.4909,10.000
810216,QA,3,-3.0712,10.000
210975,QA,3,-2.4190,6.667
924654,QA,3,-2.7793,5.000
645077,QA,3,-2.3352,2.857
647307,QA,3,-2.2515,5.000
644726,QA,3,-2.0280,3.333
797469,QA,3,-1.9414,10.000
915197,QA,3,-1.9480,5.000
40610,QA,3,-1.6356,5.000
795682,QA,3,-1.5046,2.857
949677,QA,4,-3.3842,10.000
1106827,QA,4,-3.5144,10.000
243552,QA,4,-3.5316,10.000
948991,QA,4,-3.4297,10.000
244175,QA,4,-2.9764,10.000
1112910,QA,4,-2.8675,10.000
819155,QA,4,-2.9064,10.000
951035,QA,4,-3.1854,10.000
660927,QA,4,-2.9875,10.000
81957,QA,4,-3.0343,10.000
671763,QA,4,-3.0987,10.000
660759,QA,4,-2.6206,10.000
821990,QA,4,-2.4237,10.000
828068,QA,4,-2.3716,5.000
1113150,QA,4,-2.3822,5.000
946870,QA,4,-2.1423,10.000
235182,QA,4,-2.2370,5.000
674830,QA,4,-2.0527,6.667
833372,QA,4,-2.0548,10.000
1107115,QA,4,-2.1563,6.667
675109,QA,4,-2.2504,10.001
245880,QA,4,-1.1544,3.336
829974,QA,4,-1.2161,3.335
420116,QA,4,-1.2120,4.003
945226,QA,4,-1.5904,6.667
672193,QA,4,-1.3726,4.001
661713,QA,4,-1.8057,5.000
252890,QA,5,-2.8532,10.000
251875,QA,5,-2.8984,10.000
260695,QA,5,-2.5920,10.000
252659,QA,5,-2.4438,10.000
252561,QA,5,-2.4214,10.000
260716,QA,5,-2.6941,10.000
260457,QA,5,-1.9958,10.000
252555,QA,5,-2.0203,6.667
255494,QA,5,-1.8874,10.000
252099,QA,5,-1.9204,10.000
253240,QA,5,-1.9099,10.000
264020,QA,5,-1.9305,10.001
252723,QA,5,-2.1674,6.667
253383,QA,5,-1.3789,4.000
258456,QA,5,-1.3582,6.667
251086,QA,5,-1.5934,5.000
259086,QA,5,-1.4244,6.668
252345,QA,5,-1.8543,6.667
258102,QA,5,-0.9426,3.341
254248,QA,5,-1.8266,10.000
439842,QA,5,-1.0589,4.003
2324450,QH,2,-3.3761,8.000
2300248,QH,2,-3.5099,12.000
2299847,QH,2,-3.6833,12.000
2194965,QH,2,-3.4426,8.000
1865676,QH,2,-3.1134,12.000
2224833,QH,2,-3.1094,6.000
2293992,QH,2,-3.3131,12.000
2150417,QH,2,-3.0038,12.000
2154967,QH,2,-2.4855,12.000
2150200,QH,2,-2.5684,12.000
2336213,QH,2,-2.7791,8.000
2301366,QH,2,-2.5267,12.000
2193949,QH,2,-2.4729,8.000
2290330,QH,2,-2.1517,12.000
2190149,QH,2,-2.1505,8.000
2147494,QH,2,-2.0110,12.000
2298410,QH,2,-1.6912,12.000
2301275,QH,2,-1.8019,12.000
2219633,QH,2,-1.4935,5.999
2336554,QH,2,-1.5671,7.999
2372250,QH,2,-1.4927,6.001
2218624,QH,2,-1.5916,6.000
1623529,QH,3,-3.7384,8.000
1875584,QH,3,-3.6628,12.000
2511922,QH,3,-3.6630,6.000
1586913,QH,3,-4.0159,12.000
1765606,QH,3,-3.5240,8.000
1300401,QH,3,-3.0109,12.000
1622997,QH,3,-3.1449,8.000
2515693,QH,3,-2.8267,6.000
2509642,QH,3,-2.7258,6.000
1485031,QH,3,-2.7346,8.000
1448268,QH,3,-2.4848,12.000
1800119,QH,3,-1.8813,6.000
2483111,QH,3,-2.0682,8.000
1628928,QH,3,-2.2871,8.000
1768537,QH,3,-2.3080,8.000
1765500,QH,3,-1.9450,8.000
1519937,QH,3,-1.9511,6.001
1949508,QH,3,-1.3557,5.998
1949568,QH,3,-1.7422,6.000
1947221,QH,3,-1.6976,6.001
1798105,QH,3,-1.7983,6.000
1949335,QH,3,-1.4944,6.006
2488959,QH,4,-3.4385,8.000
1154813,QH,4,-3.3452,10.000
1955373,QH,4,-3.0675,6.000
2450236,QH,4,-3.2601,12.000
1740594,QH,4,-2.8472,12.000
1634383,QH,4,-3.0675,8.000
1808415,QH,4,-3.0798,6.000
1636764,QH,4,-2.6436,8.000
1638334,QH,4,-2.7202,8.000
1812014,QH,4,-2.3684,6.000
1602683,QH,4,-2.6851,12.000
2524693,QH,4,-2.7833,6.000
2618848,QH,4,-2.2076,8.000
1673209,QH,4,-1.8708,6.000
1815730,QH,4,-2.1564,6.000
1781441,QH,4,-2.0363,8.000
1637934,QH,4,-2.1428,8.000
1922442,QH,4,-2.0699,8.000
1673650,QH,4,-1.6137,6.000
2655207,QH,4,-1.8441,6.000
2527522,QH,4,-1.4678,6.000
1813978,QH,4,-1.8403,6.000
2458948,QH,5,-3.3604,12.000
1750128,QH,5,-3.5928,12.000
1608172,QH,5,-3.7564,12.000
2461443,QH,5,-2.9893,12.000
1608753,QH,5,-3.1257,12.000
1750315,QH,5,-3.2496,12.000
1607779,QH,5,-3.1199,12.000
1644752,QH,5,-3.0965,8.000
1928010,QH,5,-2.4499,8.000
1749731,QH,5,-2.6271,12.000
1783322,QH,5,-2.4754,8.000
1645920,QH,5,-2.7759,8.000
2499048,QH,5,-2.0327,8.000
1646848,QH,5,-2.2458,8.000
1783216,QH,5,-2.1596,8.000
1681285,QH,5,-2.1668,6.000
1682009,QH,5,-2.3361,6.000
1925429,QH,5,-1.8655,8.001
1642805,QH,5,-2.3549,8.000
1640084,QH,5,-1.4550,8.004
2006736,QH,6,-3.0034,12.000
2011187,QH,6,-3.2400,12.000
2004983,QH,6,-2.3993,12.000
2010840,QH,6,-2.5479,12.000
2010546,QH,6,-2.7059,12.000
2041816,QH,6,-2.2741,8.000
2048668,QH,6,-2.3398,8.000
2045775,QH,6,-2.3562,8.000
2041455,QH,6,-2.0041,8.000
2048067,QH,6,-1.2790,8.000
2044746,QH,6,-1.4752,8.000
2718777,QH,6,-1.8008,12.000
