ID,class,nfp,aspect,d_min_over_a,gap_m_ARIESCS,blanket_fit_1.29m,blanket_fit_1.0m
1007,QA,2,2.857,0.8077,1.376,1,1
11357,QA,2,5.000,1.7501,2.982,1,1
24285,QA,2,6.667,2.0592,3.509,1,1
45395,QA,3,20.000,7.0140,11.952,1,1
52035,QA,3,4.000,0.6537,1.114,0,1
59509,QA,3,6.667,0.6469,1.102,0,1
66633,QA,4,20.000,5.8690,10.001,1,1
79030,QA,4,20.001,3.1104,5.300,1,1
104435,QA,1,6.667,2.2300,3.800,1,1
112734,QA,1,2.857,0.8523,1.452,1,1
114547,QA,1,2.857,0.5314,0.905,0,0
115818,QA,1,5.000,1.5874,2.705,1,1
117786,QA,1,4.000,0.6060,1.033,0,1
122334,QA,1,6.667,2.4465,4.169,1,1
124235,QA,1,2.857,0.5651,0.963,0,0
125172,QA,1,3.333,0.6980,1.189,0,1
125577,QA,1,4.000,1.3429,2.288,1,1
126777,QA,1,20.001,6.7372,11.480,1,1
127637,QA,1,2.857,0.2619,0.446,0,0
134198,QA,1,10.000,3.7693,6.423,1,1
135024,QA,1,10.000,3.4161,5.821,1,1
136610,QA,1,3.334,0.3861,0.658,0,0
136694,QA,1,3.333,0.2580,0.440,0,0
136695,QA,1,2.858,0.1883,0.321,0,0
137202,QA,1,6.662,2.7284,4.649,1,1
137693,QA,1,5.001,0.9676,1.649,1,1
137694,QA,1,4.003,0.6315,1.076,0,1
150260,QA,1,3.333,0.4344,0.740,0,0
160285,QA,1,2.857,0.4992,0.851,0,0
161137,QA,1,4.000,0.8817,1.502,1,1
161631,QA,1,10.000,2.0366,3.470,1,1
161900,QA,1,4.000,0.7432,1.266,0,1
162351,QA,1,20.000,7.3582,12.538,1,1
162397,QA,1,4.000,0.9132,1.556,1,1
164739,QA,1,10.000,3.0564,5.208,1,1
164985,QA,1,6.667,1.6975,2.893,1,1
166515,QA,1,2.857,0.0917,0.156,0,0
167607,QA,1,2.857,0.1617,0.275,0,0
168794,QA,2,5.000,1.7370,2.960,1,1
174071,QA,2,6.667,2.6045,4.438,1,1
178432,QA,2,6.667,2.4685,4.206,1,1
179224,QA,2,5.000,1.5467,2.636,1,1
180269,QA,2,3.333,0.9808,1.671,1,1
180790,QA,2,10.000,2.8719,4.894,1,1
185880,QA,2,6.667,2.2292,3.799,1,1
189654,QA,2,5.000,1.6043,2.734,1,1
192284,QA,2,10.000,4.1738,7.112,1,1
209893,QA,3,3.333,0.6847,1.167,0,1
220230,QA,3,5.000,0.7930,1.351,1,1
225971,QA,3,4.000,0.8503,1.449,1,1
232765,QA,3,10.000,1.3389,2.281,1,1
235789,QA,4,10.000,2.2391,3.815,1,1
237722,QA,4,6.667,1.5356,2.617,1,1
243019,QA,4,20.000,4.4234,7.537,1,1
244209,QA,4,20.000,3.6699,6.253,1,1
248934,QA,4,20.000,3.4724,5.917,1,1
251797,QA,5,20.000,2.8447,4.847,1,1
252042,QA,5,20.000,4.3777,7.460,1,1
252393,QA,5,10.000,1.5992,2.725,1,1
252504,QA,5,20.000,3.2293,5.503,1,1
252527,QA,5,6.667,1.0488,1.787,1,1
252812,QA,5,20.000,3.3622,5.729,1,1
252896,QA,5,20.000,3.2689,5.570,1,1
252973,QA,5,20.000,3.1639,5.391,1,1
253015,QA,5,20.000,3.0991,5.281,1,1
253057,QA,5,20.000,3.6946,6.296,1,1
254241,QA,5,10.000,1.9073,3.250,1,1
254453,QA,5,5.001,0.8547,1.456,1,1
254674,QA,5,20.000,3.8580,6.574,1,1
254758,QA,5,20.000,3.5093,5.980,1,1
255357,QA,5,4.003,0.4725,0.805,0,0
255378,QA,5,4.002,0.4936,0.841,0,0
257019,QA,5,20.000,3.9440,6.721,1,1
257740,QA,5,20.000,4.0996,6.986,1,1
258167,QA,5,20.000,3.8878,6.625,1,1
258461,QA,5,20.000,4.3183,7.358,1,1
260092,QA,5,20.001,3.8006,6.476,1,1
260277,QA,5,5.001,0.7142,1.217,0,1
260407,QA,5,20.002,2.7711,4.722,1,1
260624,QA,5,20.000,2.2852,3.894,1,1
260855,QA,5,20.000,2.1475,3.659,1,1
261310,QA,5,20.000,2.3106,3.937,1,1
261660,QA,5,20.000,2.0950,3.570,1,1
261681,QA,5,20.000,2.6539,4.522,1,1
261849,QA,5,20.000,2.6833,4.572,1,1
262171,QA,5,20.000,4.6670,7.953,1,1
294767,QA,1,4.000,1.1960,2.038,1,1
361824,QA,2,10.000,2.9709,5.062,1,1
366459,QA,2,6.667,1.4742,2.512,1,1
391491,QA,3,6.665,1.8906,3.222,1,1
606074,QA,2,20.000,7.9161,13.489,1,1
638925,QA,3,20.000,6.1812,10.533,1,1
646306,QA,3,5.000,0.7359,1.254,0,1
649055,QA,3,10.000,2.0656,3.520,1,1
657580,QA,3,20.004,5.6863,9.689,1,1
665963,QA,4,4.001,0.6421,1.094,0,1
666449,QA,4,20.000,4.7507,8.095,1,1
668330,QA,4,3.334,0.2006,0.342,0,0
671020,QA,4,20.000,3.2792,5.588,1,1
674188,QA,4,4.001,0.4529,0.772,0,0
674289,QA,4,20.000,4.1147,7.012,1,1
775499,QA,2,4.000,1.2301,2.096,1,1
777649,QA,2,3.333,0.5421,0.924,0,0
777998,QA,2,4.000,0.7112,1.212,0,1
793251,QA,3,4.000,0.8896,1.516,1,1
803053,QA,3,2.857,0.4239,0.722,0,0
803097,QA,3,10.000,2.2671,3.863,1,1
806854,QA,3,2.859,0.1246,0.212,0,0
809322,QA,3,5.000,1.0272,1.750,1,1
810803,QA,3,20.000,1.9250,3.280,1,1
824674,QA,4,4.001,0.5721,0.975,0,0
825832,QA,4,20.000,5.6457,9.620,1,1
828429,QA,4,20.000,3.8360,6.537,1,1
877292,QA,2,5.000,1.9699,3.357,1,1
883330,QA,2,20.000,6.8708,11.708,1,1
883496,QA,2,3.333,0.9827,1.674,1,1
886079,QA,2,3.412,0.3242,0.552,0,0
888694,QA,2,6.667,2.1477,3.660,1,1
894738,QA,2,3.333,0.7817,1.332,1,1
918134,QA,3,20.000,6.5627,11.183,1,1
918568,QA,3,20.000,7.5098,12.797,1,1
923503,QA,3,20.000,4.8775,8.311,1,1
923602,QA,3,10.000,2.4615,4.194,1,1
928988,QA,3,4.000,0.7601,1.295,1,1
931756,QA,3,20.000,5.0357,8.581,1,1
932746,QA,3,5.000,0.5006,0.853,0,0
939367,QA,4,6.667,1.1874,2.023,1,1
941045,QA,4,20.000,6.1569,10.491,1,1
948374,QA,4,20.000,2.5366,4.322,1,1
948619,QA,4,20.000,2.5205,4.295,1,1
952490,QA,4,20.000,3.7192,6.338,1,1
955983,QA,4,20.000,3.5433,6.038,1,1
1000272,QA,2,20.001,7.0233,11.968,1,1
1035368,QA,2,3.333,1.2096,2.061,1,1
1042101,QA,2,4.000,0.9293,1.583,1,1
1042638,QA,2,6.667,2.3072,3.931,1,1
1051091,QA,2,2.857,0.8380,1.428,1,1
1052272,QA,2,4.000,1.2153,2.071,1,1
1060080,QA,2,20.000,4.4917,7.654,1,1
1075299,QA,3,10.000,2.8908,4.926,1,1
1077221,QA,3,3.332,0.7578,1.291,1,1
1081587,QA,3,5.000,0.8676,1.478,1,1
1081620,QA,3,10.000,2.4833,4.232,1,1
1090019,QA,3,20.000,5.3126,9.053,1,1
1090727,QA,3,10.000,1.8448,3.144,1,1
1090831,QA,3,20.000,3.6732,6.259,1,1
1090990,QA,3,3.333,0.3083,0.525,0,0
1095472,QA,3,20.000,6.0289,10.273,1,1
1096180,QA,3,10.000,1.4666,2.499,1,1
1097975,QA,4,4.000,0.6346,1.081,0,1
1102493,QA,4,20.000,4.6260,7.883,1,1
1102647,QA,4,20.000,4.5638,7.777,1,1
1104005,QA,4,20.000,4.1224,7.025,1,1
1106084,QA,4,20.000,4.3737,7.453,1,1
1107841,QA,4,20.001,4.3576,7.425,1,1
1107995,QA,4,20.000,4.6262,7.883,1,1
1109675,QA,4,20.000,6.0146,10.249,1,1
1121685,QH,5,20.000,2.9941,5.102,1,1
1190023,QH,4,6.417,0.6067,1.034,0,1
1257819,QH,4,24.000,5.4478,9.283,1,1
1259243,QH,4,24.000,5.3184,9.063,1,1
1266029,QH,3,24.000,6.5434,11.150,1,1
1295205,QH,4,12.000,1.8514,3.155,1,1
1328722,QH,4,8.000,1.1756,2.003,1,1
1331217,QH,4,8.000,1.1888,2.026,1,1
1331857,QH,4,8.000,1.1846,2.018,1,1
1333420,QH,3,8.000,1.1331,1.931,1,1
1335098,QH,3,8.003,1.1373,1.938,1,1
1406183,QH,3,24.000,4.2217,7.194,1,1
1444558,QH,3,12.000,2.4076,4.103,1,1
1445098,QH,3,12.000,1.9938,3.397,1,1
1445211,QH,3,12.002,1.8299,3.118,1,1
1470331,QH,2,8.000,1.1862,2.021,1,1
1486742,QH,3,8.000,1.6554,2.821,1,1
1517956,QH,3,6.000,0.6958,1.186,0,1
1545207,QH,2,24.001,4.5751,7.796,1,1
1567468,QH,4,24.000,5.4253,9.245,1,1
1569016,QH,5,24.000,3.6255,6.178,1,1
1571526,QH,5,24.000,3.5570,6.061,1,1
1574333,QH,5,24.000,3.6887,6.286,1,1
1577073,QH,2,12.000,2.3826,4.060,1,1
1601622,QH,4,12.005,1.7785,3.031,1,1
1607357,QH,5,12.000,1.7632,3.004,1,1
1610630,QH,5,12.000,2.0272,3.454,1,1
1611640,QH,5,12.000,2.1726,3.702,1,1
1624686,QH,3,8.000,1.1858,2.021,1,1
1626853,QH,3,8.000,1.5783,2.689,1,1
1632094,QH,4,8.000,1.1664,1.988,1,1
1642116,QH,5,8.000,1.1674,1.989,1,1
1642553,QH,5,8.000,1.1748,2.002,1,1
1642802,QH,5,8.000,1.1864,2.022,1,1
1661867,QH,3,6.000,1.2494,2.129,1,1
1673573,QH,4,6.000,0.8764,1.493,1,1
1680659,QH,5,6.000,0.8193,1.396,1,1
1681455,QH,5,6.000,0.8808,1.501,1,1
1697632,QH,3,24.000,6.3144,10.760,1,1
1700131,QH,3,24.000,5.2224,8.899,1,1
1700146,QH,3,24.000,6.1458,10.472,1,1
1703864,QH,4,24.000,3.9423,6.718,1,1
1705245,QH,4,24.000,4.0456,6.894,1,1
1708968,QH,4,24.000,3.6903,6.288,1,1
1733102,QH,3,12.003,1.7901,3.050,1,1
1736006,QH,3,12.000,3.0527,5.202,1,1
1737821,QH,4,12.000,1.7260,2.941,1,1
1742813,QH,4,12.000,2.5329,4.316,1,1
1747877,QH,5,12.000,1.7677,3.012,1,1
1749785,QH,5,12.000,1.8894,3.220,1,1
1755224,QH,2,8.000,1.4353,2.446,1,1
1758284,QH,2,8.000,1.5695,2.675,1,1
1775270,QH,4,8.001,0.0542,0.092,0,0
1776157,QH,4,8.000,1.1870,2.023,1,1
1781536,QH,4,8.000,1.4603,2.488,1,1
1785050,QH,5,8.000,1.1777,2.007,1,1
1793879,QH,2,6.000,1.0369,1.767,1,1
1803985,QH,3,6.000,1.0702,1.824,1,1
1809398,QH,4,6.000,0.8696,1.482,1,1
1818651,QH,5,6.007,0.8792,1.498,1,1
1821296,QH,5,6.000,0.8756,1.492,1,1
1826834,QH,2,24.000,6.5332,11.133,1,1
1836628,QH,3,24.001,4.8907,8.334,1,1
1836693,QH,3,24.000,5.5128,9.394,1,1
1841479,QH,3,24.000,4.7206,8.044,1,1
1848895,QH,4,24.000,5.1514,8.778,1,1
1851606,QH,4,24.000,4.2994,7.326,1,1
1854549,QH,5,24.000,3.5452,6.041,1,1
1856039,QH,5,24.000,3.5468,6.044,1,1
1856583,QH,5,24.000,3.8282,6.523,1,1
1872066,QH,3,12.000,2.7348,4.660,1,1
1886120,QH,4,12.000,2.2790,3.883,1,1
1893882,QH,5,12.000,1.7849,3.041,1,1
1894960,QH,5,12.000,1.7889,3.048,1,1
1895847,QH,5,12.000,2.1432,3.652,1,1
1907269,QH,3,8.000,1.6991,2.895,1,1
1907475,QH,3,8.000,1.7092,2.912,1,1
1952403,QH,4,6.000,0.9571,1.631,1,1
1960314,QH,5,7.023,0.8988,1.532,1,1
1968931,QH,6,24.000,2.8281,4.819,1,1
1969175,QH,6,24.007,2.6262,4.475,1,1
1969176,QH,6,24.000,3.4565,5.890,1,1
1969311,QH,6,24.000,3.5316,6.018,1,1
1970299,QH,6,24.000,3.5957,6.127,1,1
1970412,QH,6,24.000,3.9245,6.687,1,1
1970427,QH,6,24.000,3.7343,6.363,1,1
1970553,QH,6,24.000,3.5711,6.085,1,1
1970577,QH,6,24.000,2.4282,4.138,1,1
1971023,QH,6,24.000,3.5610,6.068,1,1
1971503,QH,6,24.000,3.8726,6.599,1,1
1971507,QH,6,24.000,3.7682,6.421,1,1
1972229,QH,6,24.000,3.5400,6.032,1,1
1973204,QH,6,24.000,4.2814,7.296,1,1
1973589,QH,6,24.012,3.5334,6.021,1,1
1973808,QH,6,24.000,4.2483,7.239,1,1
1974924,QH,6,24.000,3.5943,6.125,1,1
1975045,QH,6,24.000,3.6391,6.201,1,1
1976169,QH,6,24.000,3.7232,6.344,1,1
1976590,QH,6,24.000,3.5654,6.075,1,1
1977096,QH,6,24.000,3.5782,6.097,1,1
1980528,QH,7,24.000,3.5601,6.066,1,1
1981017,QH,7,24.001,3.4717,5.916,1,1
1981145,QH,7,24.011,3.5321,6.019,1,1
1983033,QH,7,24.000,3.5713,6.085,1,1
1983200,QH,7,24.000,3.5850,6.109,1,1
1983464,QH,7,24.000,3.5915,6.120,1,1
1983700,QH,7,24.000,3.5824,6.104,1,1
1983961,QH,7,24.000,3.5632,6.072,1,1
1984568,QH,7,24.000,3.5903,6.118,1,1
1985360,QH,7,24.000,3.6270,6.180,1,1
1985616,QH,7,24.000,3.5812,6.102,1,1
1986143,QH,7,24.000,3.5978,6.131,1,1
1986156,QH,7,24.000,3.9288,6.695,1,1
1986368,QH,7,24.000,3.5902,6.118,1,1
1986894,QH,7,24.000,3.6410,6.204,1,1
1987091,QH,7,24.000,3.5893,6.116,1,1
1987238,QH,7,24.000,3.5701,6.083,1,1
1987996,QH,7,24.000,3.5902,6.118,1,1
1988084,QH,7,24.000,3.5740,6.090,1,1
1988211,QH,7,24.000,3.6020,6.138,1,1
1991816,QH,8,24.000,3.5574,6.062,1,1
1991944,QH,8,24.000,3.5727,6.088,1,1
1992228,QH,8,24.008,3.5867,6.112,1,1
1993559,QH,8,24.000,3.5585,6.064,1,1
1994178,QH,8,24.000,3.6030,6.139,1,1
1994309,QH,8,24.000,3.5907,6.119,1,1
1994380,QH,8,24.000,3.5763,6.094,1,1
1995066,QH,8,24.000,3.5789,6.098,1,1
1996104,QH,8,24.000,3.5911,6.119,1,1
1996122,QH,8,24.000,3.5886,6.115,1,1
1996321,QH,8,24.000,3.5854,6.110,1,1
1996625,QH,8,24.000,3.5901,6.118,1,1
1996774,QH,8,24.000,3.5868,6.112,1,1
1996811,QH,8,24.000,3.5932,6.123,1,1
1996833,QH,8,24.000,3.5816,6.103,1,1
1996973,QH,8,24.000,3.5777,6.096,1,1
1997015,QH,8,24.000,3.5878,6.114,1,1
1997062,QH,8,24.000,2.6408,4.500,1,1
2004285,QH,6,12.000,1.7654,3.008,1,1
2007457,QH,6,12.000,1.1071,1.886,1,1
2007828,QH,6,12.000,0.6956,1.185,0,1
2008487,QH,6,12.000,1.7746,3.024,1,1
2010135,QH,6,12.000,1.7385,2.962,1,1
2013568,QH,6,12.000,1.7674,3.012,1,1
2018003,QH,7,12.000,1.7644,3.007,1,1
2019378,QH,7,12.001,1.7057,2.907,1,1
2019565,QH,7,12.000,1.7861,3.043,1,1
2021294,QH,7,12.001,1.7875,3.046,1,1
2021692,QH,7,12.000,1.7928,3.055,1,1
2022645,QH,7,12.000,1.7743,3.023,1,1
2024496,QH,7,12.000,1.8071,3.079,1,1
2031484,QH,8,12.200,1.7380,2.962,1,1
2033774,QH,8,12.003,1.3334,2.272,1,1
2040317,QH,6,8.000,0.7154,1.219,0,1
2047704,QH,6,8.000,0.8323,1.418,1,1
2059165,QH,7,8.000,0.8873,1.512,1,1
2115647,QH,2,24.000,6.6490,11.330,1,1
2116450,QH,2,24.000,7.2754,12.397,1,1
2116476,QH,2,24.000,7.2986,12.437,1,1
2147191,QH,2,12.000,3.4175,5.824,1,1
2151635,QH,2,12.000,3.5055,5.973,1,1
2158036,QH,2,12.000,2.8339,4.829,1,1
2158593,QH,2,12.000,3.3393,5.690,1,1
2160797,QH,3,12.000,2.4272,4.136,1,1
2186497,QH,2,8.000,2.5197,4.293,1,1
2187239,QH,2,8.000,2.1992,3.747,1,1
2258826,QH,2,24.000,8.0819,13.772,1,1
2262053,QH,2,24.000,8.0840,13.775,1,1
2263414,QH,2,24.000,7.9916,13.618,1,1
2291244,QH,2,12.000,3.5939,6.124,1,1
2292778,QH,2,12.000,4.4268,7.543,1,1
2300745,QH,2,12.000,3.2296,5.503,1,1
2324964,QH,2,8.000,2.8941,4.932,1,1
2327106,QH,2,8.000,2.1188,3.611,1,1
2328973,QH,2,8.000,1.9524,3.327,1,1
2328994,QH,2,8.000,1.9814,3.376,1,1
2332502,QH,2,8.000,1.4679,2.501,1,1
2362093,QH,2,6.000,1.5325,2.611,1,1
2362839,QH,2,6.000,1.9821,3.377,1,1
2417717,QH,4,24.000,4.8483,8.262,1,1
2425037,QH,5,24.000,3.5759,6.093,1,1
2427609,QH,5,24.000,4.3393,7.394,1,1
2428526,QH,5,24.000,3.5899,6.117,1,1
2429625,QH,5,24.000,4.0298,6.867,1,1
2441815,QH,3,12.001,1.8318,3.121,1,1
2445074,QH,3,12.000,2.9071,4.954,1,1
2445239,QH,3,12.000,3.1179,5.313,1,1
2447537,QH,3,12.000,3.0428,5.185,1,1
2453253,QH,4,12.000,2.1890,3.730,1,1
2461576,QH,5,12.002,1.7763,3.027,1,1
2465759,QH,5,12.000,1.7888,3.048,1,1
2485498,QH,4,8.000,1.1627,1.981,1,1
2487574,QH,4,8.000,1.1724,1.998,1,1
2488091,QH,4,8.000,1.1840,2.018,1,1
2493104,QH,4,8.000,1.6429,2.800,1,1
2502284,QH,2,6.000,0.5973,1.018,0,1
2518816,QH,3,6.001,1.2628,2.152,1,1
2530389,QH,5,6.006,0.8486,1.446,1,1
2557281,QH,7,24.000,4.4827,7.639,1,1
2561058,QH,8,24.000,3.5938,6.124,1,1
2562466,QH,8,24.000,4.0931,6.975,1,1
2582851,QH,4,12.000,2.3363,3.981,1,1
2588494,QH,6,11.984,1.8035,3.073,1,1
2596661,QH,8,12.011,1.7963,3.061,1,1
2630694,QH,7,8.465,1.2073,2.057,1,1
2632206,QH,8,8.334,1.2116,2.065,1,1
2632243,QH,8,8.912,1.2306,2.097,1,1
2659427,QH,6,5.998,0.9949,1.695,1,1
2696682,QH,7,24.000,3.8266,6.521,1,1
