ID,nfp,iota,aspect,elongation,mean_elongation,curvature,msc,qs_type,nc_per_hp,n_coils,d_min_over_a,d_min_over_R0,nonplanarity,nonplanarity_max,point_gini,point_pr_over_n,coil_peak,coil_gini,coil_pr_over_n
1007,2.0,0.1,2.8569763305,7.0662665956,2.9476290452,3.9822875046,2.2169936783,0.0,1.0,4,0.8076877839179024,0.2759537998959149,0.19954843811186587,0.1995484381118659,0.40195662352777983,0.3146245250281122,3.212517140643635,9.076105241373159e-17,0.9999999999999998
11357,2.0,0.2,4.9999955401,3.3480314394,2.1345797719,4.5938300449,5.000001982,0.0,2.0,8,1.7500918972605768,0.34863981022446716,0.31729365382353025,0.35490143171570665,0.29733914247458026,0.4348650513538149,2.5863439553022407,0.058618766399710226,0.9492188485375791
24285,2.0,0.5,6.6666665383,4.9497160044,3.4790270284,4.9996487296,4.9152688535,0.0,3.0,12,2.0592304095752714,0.3092171571888582,0.23320984446269752,0.30097182692337315,0.39945572961059306,0.29609792404304824,3.5530596893400865,0.07333546297592673,0.9352188513883787
45395,3.0,0.5,19.9999550707,3.1735030413,2.5930756736,4.599552053,4.3928560263,0.0,1.0,6,7.014047058419554,0.35018614940117904,0.31913228307873,0.3191322830787301,0.3561652538539051,0.36121977176814574,2.7768090656461326,3.194625422091134e-17,1.0000000000000002
52035,3.0,0.3,4.0000587355,2.7420930935,2.1344922406,3.7434554002,5.0000524003,0.0,2.0,12,0.6536886803956709,0.153725781811096,0.15398844256583996,0.15512692024388733,0.20963858568644295,0.6371847233521462,1.925262633488747,0.0387204171252554,0.9768456527361269
59509,3.0,0.1,6.6666832285,1.5448806107,1.4406890475,3.9639059226,4.9880315351,0.0,3.0,18,0.6469324418118982,0.09704011012380927,0.15210787060470374,0.22928461956865553,0.3244786976454714,0.34508758442202797,3.0024677167980296,0.08776446015638517,0.8763352852024899
66633,4.0,0.2,20.0000021445,2.2547453447,1.7759667969,4.3259335473,5.0000013896,0.0,1.0,8,5.868958082689957,0.29313144690901993,0.31259270212954027,0.3125927021295404,0.25626609862079347,0.5353966426381851,2.1108103519868666,5.014908797773073e-17,1.0000000000000002
79030,4.0,0.6,20.0010483967,5.675908488,3.5660570188,4.9999946104,5.00000557,0.0,2.0,16,3.1103677632115505,0.15517108076476527,0.23494338761561495,0.33667670890060303,0.3794558980861235,0.3003972917892535,3.215606017547198,0.017644568048901785,0.9950556589750564
104435,1.0,0.2,6.6666660107,2.2399228452,1.9225430493,4.373862652,4.9998467249,0.0,3.0,6,2.2300046936151934,0.3307131184989877,0.34818733923995904,0.4042301434215275,0.3441276449655437,0.35592802985462435,3.1100188938988222,0.009953308516179047,0.9984644566347728
112734,1.0,0.1,2.857142146,3.3665509252,2.3307104465,4.6852823606,3.2114264169,0.0,4.0,8,0.8522680822005522,0.2881655577974262,0.11532974914401309,0.12303190742243957,0.36835407712404783,0.37048595895123826,2.732795257763837,0.00957815206694197,0.9986321131160508
114547,1.0,0.3,2.8574929758,3.6924919082,2.5307043949,4.9998919402,5.000039564,0.0,4.0,8,0.5313906496994631,0.18261664365855987,0.15214664497400374,0.20335792977873493,0.31521940054561093,0.5088684945177333,2.3486343665990947,0.13663579976603296,0.8346478891187783
115818,1.0,0.4,4.9999991371,4.2201270332,2.9286978467,4.6326999368,4.4379943303,0.0,4.0,8,1.587376118365149,0.31634107484436846,0.25313493441436113,0.30043822518189206,0.36959294664251724,0.35676379724160906,3.085303881777799,0.07175672251814451,0.9346798306443697
117786,1.0,0.6,3.9999262708,5.6060580711,4.4354393073,4.9994978137,4.9999944323,0.0,4.0,8,0.6059935134794858,0.1511194938698597,0.27364284079950185,0.33930631642740766,0.3375454516989109,0.4225264856276909,3.053368975034805,0.15312193198016863,0.7993295789382112
122334,1.0,0.1,6.6666666248,3.0913935935,2.178300279,4.8832572251,4.1705785407,0.0,5.0,10,2.44651222793812,0.36261246491641924,0.15202783576768458,0.19878671203253886,0.4057188538180451,0.2841151405885356,4.354871482530037,0.02859541180187644,0.9800310211874317
124235,1.0,0.3,2.8571380934,3.7772082713,2.5523458463,4.94208584,4.4951065635,0.0,5.0,10,0.5650749604271809,0.19379974875375458,0.1682006609105043,0.1869695834618756,0.3416195143334851,0.4048533968828177,2.6922772140650655,0.08427387387871858,0.9187245108469249
125172,1.0,0.4,3.3333319369,4.2392996243,2.9307854014,5.0000497033,5.0000012458,0.0,5.0,10,0.6979644100909027,0.20845292402916418,0.22390082984663867,0.24985396904928164,0.34689610358857376,0.38106708302200387,2.8095609824307393,0.08274760474261779,0.9218264016868097
125577,1.0,0.4,3.9999999932,4.5342436628,2.973086592,4.0114581795,3.0178872911,0.0,5.0,10,1.3429376030195976,0.332391356031369,0.1915430670360123,0.21387117837227773,0.40985715297869724,0.30859728028574096,3.5530453462320115,0.05563198892703209,0.9623945879544922
126777,1.0,0.5,20.0006089781,6.2197080914,3.714432861,4.5686252387,4.4596678852,0.0,5.0,10,6.737177380799229,0.3372582285809184,0.22319462563675438,0.25096824403438717,0.4282388659997227,0.27180688709104733,4.102921402749777,0.1313489995185011,0.8236536763786187
127637,1.0,0.6,2.8571452864,7.8215313671,5.0447537831,4.9959177972,4.854530365,0.0,5.0,10,0.26189588301677125,0.0929695248366006,0.2588073803608588,0.3206706113022379,0.3640985444625888,0.34931749270928136,2.8831439263387657,0.0701458715260836,0.9408522430790016
134198,1.0,0.3,9.999999922,4.6040113988,2.8416607087,3.1665640766,2.1690197033,0.0,6.0,12,3.7693234853803195,0.3769308097432443,0.1712555593681194,0.2269494385386631,0.4217874252566119,0.2693526571799867,4.311559540453365,0.04926741037991518,0.9672378969317562
135024,1.0,0.4,10.0000000215,4.6354060466,3.0023716154,4.4460878657,3.6077823172,0.0,6.0,12,3.4161430772870713,0.3413557936066305,0.20347577460468988,0.2539027875931448,0.369333149603521,0.3056705820737157,3.6332743251809636,0.07299033398400796,0.9291877770547695
136610,1.0,0.6,3.3341330737,6.1182989737,4.4499579562,4.9838943271,5.0000033459,0.0,6.0,12,0.3860819141025154,0.11761278695386689,0.18181302614210615,0.2557391890284998,0.3093388225811604,0.5066228985716095,2.492390468828705,0.12691817461530897,0.8546629743586506
136694,1.0,0.6,3.3329222391,5.9886894394,4.3877444549,4.871911885,5.0031025613,0.0,6.0,12,0.25798639475213125,0.0784200442157333,0.18955447171636677,0.2671201276310985,0.3131782486308112,0.5079806619610615,2.51626613558008,0.13380442429432557,0.8427882220430839
136695,1.0,0.6,2.8576165208,6.4057766853,4.6975911958,5.0000208824,5.0000026598,0.0,6.0,12,0.18827015868137748,0.0674099659924159,0.1782757980948864,0.2262872175250364,0.3183623010816468,0.4750049531152682,2.8045246048376575,0.10662471921724319,0.8867559545950314
137202,1.0,0.6,6.662459111,5.6863512187,4.3819763182,2.5234780554,1.7957592092,0.0,6.0,12,2.728433639036516,0.40954024744731937,0.18108337694836715,0.2671662414148694,0.3864038847702694,0.3014607830138955,3.663003873205326,0.023011030264919533,0.9918895386484502
137693,1.0,0.7,5.0012846617,8.624532138,5.9133132732,4.4355052618,5.0000057275,0.0,6.0,12,0.9676072295945823,0.1962161596406701,0.2642799924003561,0.36164412358630815,0.39589985954258716,0.18119050796612823,7.224959802066339,0.095450871865279,0.8980450013530871
137694,1.0,0.7,4.0029131623,11.6300542516,8.0505907022,3.4778077654,4.7239780357,0.0,6.0,12,0.6315152023690521,0.1600798810916205,0.2518182444124677,0.3633655269845375,0.3787672763787852,0.15735994817315455,8.644391616852602,0.09388206052107888,0.9086333075082716
150260,1.0,0.2,3.3333334194,3.6256950741,2.4318459801,4.9923436665,4.9999623282,0.0,8.0,16,0.43437631908753727,0.1277662513195234,0.1387888961349087,0.18161911711050016,0.3258693766277076,0.4299624933012908,3.164692093159647,0.11193682636786866,0.7448222642310206
160285,1.0,0.1,2.8571429048,1.9685872386,1.656316475,4.9999547513,5.0000000765,0.0,10.0,20,0.4991962983986564,0.16254212873774213,0.0974494048908737,0.10992947465444283,0.3455799461909017,0.13431058600210355,9.570989990816134,0.07684814782220759,0.9356218498409634
161137,1.0,0.3,4.000000005,4.0788861078,2.6602862995,4.9836019303,5.0000000617,0.0,10.0,20,0.8816879545476075,0.21825740246084635,0.17764857202562306,0.20043582408217786,0.25574877906980226,0.4854125727119981,2.5008533981430534,0.04727838539897836,0.9730586491878956
161631,1.0,0.4,10.0000000038,4.1619049292,2.8972692237,4.8157481277,5.0000001592,0.0,10.0,20,2.036562117895804,0.20341155122246812,0.1862053348210348,0.27760845919025595,0.2633715403693917,0.516879303997428,2.6812249916686794,0.059065210716203194,0.960026286663342
161900,1.0,0.5,4.0000000421,4.7910526288,3.4690433342,4.9999820331,5.000000277,0.0,10.0,20,0.7431988004038175,0.18528550649210618,0.23498510559487587,0.2851066169996504,0.26281937723317506,0.5127351001302604,2.545494472027995,0.0700066723962207,0.9449391263636377
162351,1.0,0.6,20.0001582849,6.671720344,4.5296251095,3.996196949,4.8782562405,0.0,10.0,20,7.358244258275056,0.36812460323473706,0.19087568936989768,0.2611614049535795,0.2655647061566714,0.49500466744963356,2.59343374131641,0.04769330302787276,0.9682172061620632
162397,1.0,0.6,4.000000181,6.9961121789,4.9225474751,4.7660944087,5.0000175619,0.0,10.0,20,0.913247834526648,0.2324299926824355,0.17239720513958806,0.2991053384293978,0.2768296837517273,0.3198896177823716,4.781604532784342,0.06478271047726769,0.9506011125717709
164739,1.0,0.5,10.0000466925,4.7583198588,3.464241268,4.2568533323,4.9999970181,0.0,11.0,22,3.056436690814938,0.3055206452908313,0.20406092471387902,0.2626359053030378,0.2667700945150161,0.4857176747462022,2.6354960568606853,0.032005659546875294,0.985163405412134
164985,1.0,0.6,6.6666665302,5.8977440506,4.2786361908,4.3133998424,4.7725283563,0.0,11.0,22,1.697515360072293,0.25564715027241114,0.19108412611017112,0.24783594824609773,0.2809139608171011,0.4798630586507972,2.6893329022294297,0.06575962876918724,0.9457443737387106
166515,1.0,0.5,2.8572250762,4.3432345823,3.669987491,4.2462753802,5.0007332378,0.0,12.0,24,0.09172525949398273,0.03203418830337262,0.16836348395789802,0.224666796271416,0.27516432009883435,0.41586537157718656,3.7293734967985603,0.08237141497656354,0.9121311057029584
167607,1.0,0.5,2.8571500536,4.2693296732,3.4829191795,4.9978278573,5.000070118,0.0,13.0,26,0.16166404824127847,0.0562470186217363,0.180926956292229,0.20800305837937275,0.25798533807412005,0.4865229560090192,2.6601149925868146,0.04718813889385146,0.9682338629064903
168794,2.0,0.1,4.9999240928,4.7441322104,2.4447974408,3.8369420077,1.9269670479,0.0,1.0,4,1.73700759795957,0.3463723430627655,0.3068261654140552,0.3068261654140553,0.40226915938564856,0.28108944577326384,3.5479263909336463,4.5574255948077366e-17,1.0
174071,2.0,0.6,6.6666223517,7.0888905167,5.4619695572,3.0497212039,2.0340348278,0.0,1.0,4,2.6044585835722702,0.38999207885005926,0.3575493968748302,0.3575493968748303,0.3462111156914311,0.36637289624237657,2.595932062798294,0.0,1.0
178432,2.0,0.1,6.6666670906,2.5526031973,1.8653544814,4.5005980592,4.7442718023,0.0,2.0,8,2.468478906075185,0.3616896762747787,0.24990137531521453,0.30681503418635386,0.3804785547215142,0.33534781309588707,3.046979665407692,0.015986282634835022,0.9959359512465747
179224,2.0,0.2,4.9999998432,2.5766006765,2.0025883946,4.9991772478,5.0000006716,0.0,2.0,8,1.5467096944987622,0.30431720396998585,0.23168368839086972,0.3338077877266375,0.3348901907669319,0.37738215328734737,2.7688837213068433,0.01957899970305275,0.9939225318939878
180269,2.0,0.3,3.3333323497,3.7976828604,2.5455953904,3.927491062,2.9230887568,0.0,2.0,8,0.9807525432486319,0.29000274678264093,0.17583040748746115,0.199470060643243,0.373978963522177,0.3570309634404284,2.8856327933340578,0.003608887546207709,0.9997916800076032
180790,2.0,0.4,9.9999889172,4.4894049134,2.9239870018,3.9991501254,5.0000007995,0.0,2.0,8,2.8718771606119464,0.287496144769631,0.26119339129212993,0.32553296235952356,0.3163494894793514,0.36115160901893195,2.7986978906407054,0.05477441648904454,0.9552266002892984
185880,2.0,0.8,6.6666662253,12.4472502267,8.4437012078,4.7138856403,5.000004044,0.0,2.0,8,2.2291705578434553,0.3402613817101009,0.31714428850209253,0.3638298753315247,0.35737419810107757,0.4020839253605571,3.230439664156603,0.15439060579790823,0.7587961143157532
189654,2.0,0.3,4.9999999932,4.1945640528,2.6692717102,4.7352177208,3.7001311915,0.0,3.0,12,1.6042795650236772,0.3190551584050993,0.1704709962455153,0.21615291684777824,0.3575554038792731,0.3763262844508924,2.904828369106176,0.02638337554691597,0.9896332341274995
192284,2.0,0.5,9.9999999839,5.1887138328,3.5181420697,3.0953372479,2.5878033307,0.0,3.0,12,4.173752366730309,0.41792740836169257,0.1954322653288636,0.22250695394702327,0.3915933023919713,0.3147557742192405,3.5994301303607923,0.043271038025984865,0.9705045699068346
209893,3.0,0.2,3.3333267713,3.5064192352,2.2505862134,5.0000878226,5.0000027998,0.0,1.0,6,0.6847255901741346,0.18689312140846917,0.18630709173599688,0.1863070917359969,0.30889411454969057,0.46714633833618924,2.2436397761874933,3.696913958569467e-17,1.0
220230,3.0,0.3,5.0000743498,3.606886928,2.3831112419,4.8634496777,5.0000348377,0.0,2.0,12,0.7929841502135718,0.15530488148859647,0.2183894455889059,0.29857922684019517,0.3005806952576591,0.5057047603463041,2.2877757607488625,0.1729528266548727,0.7237055845145264
225971,3.0,0.8,4.0000525982,6.3926087232,4.3143419355,4.9461137608,5.000026553,0.0,2.0,12,0.8503209056245915,0.21194491893844877,0.33914412507013747,0.411839347997811,0.30950531870494397,0.33653356226471143,3.1528415067289988,0.0486623568079952,0.9641521436284771
232765,3.0,0.6,10.0000001803,3.7709439316,3.130039658,4.9975635704,5.000000505,0.0,4.0,24,1.3388644477837768,0.13233869254007852,0.24626282075515213,0.3362996713263908,0.26765632346613877,0.453025005496054,2.5086880996793988,0.05567697519110291,0.9536605660056127
235789,4.0,0.3,10.0000281238,2.7566927185,1.9928880609,5.0000252996,5.0000120763,0.0,1.0,8,2.239135425390832,0.21850482343036873,0.1884944677284243,0.18849446772842432,0.3257794838991472,0.4086806203566785,2.5109512427717426,0.0,1.0000000000000002
237722,4.0,0.5,6.6668367909,2.9297764096,2.2679094659,3.8044828418,5.0000389195,0.0,1.0,8,1.5356058394992336,0.22756809567305336,0.32428194053712844,0.32428194053712855,0.2540286793788114,0.5457714327596669,2.0530374703250684,0.0,0.9999999999999999
243019,4.0,0.1,19.9999998981,2.7127325919,1.9809690426,4.8393402002,5.0000013097,0.0,2.0,16,4.423366784601988,0.2186236394420822,0.25585831189336433,0.42381996994680154,0.2612770151307005,0.4789992530573718,2.287443877546728,0.03826568014963614,0.9773679230729573
244209,4.0,0.2,20.0000001847,1.8224127374,1.7678959317,4.9911169888,5.00000076,0.0,2.0,16,3.669864658522695,0.1801370946300122,0.29580322209001986,0.4099774439147048,0.35174767919152955,0.345719876757024,3.072253956231185,0.016264811766380737,0.9957940032003713
248934,4.0,0.9,20.000000447,4.5546639895,3.6225050895,4.6379325513,5.0000002385,0.0,2.0,16,3.472379039158651,0.17281688685941804,0.30479140215985356,0.39697904720965327,0.2480460688595443,0.3706712445703997,2.694226990785849,0.04491938003739872,0.9692090762977797
251797,5.0,0.1,19.9999981506,2.6036566022,1.9708557328,4.3619830698,5.0000001278,0.0,1.0,10,2.8447130713466633,0.1401055137506854,0.5035208950148258,0.5035208950148258,0.29963046469125215,0.42227803623435894,2.3628818436414236,2.611566518073741e-10,1.0000000000000004
252042,5.0,0.1,20.0000016504,2.3244727883,1.8030741656,4.5525250239,4.9999974977,0.0,1.0,10,4.377693139723316,0.2153568310105403,0.31297189124325975,0.3129718912432598,0.309232437060617,0.505636077214945,2.104942893417472,9.710214077634662e-11,0.9999999999999998
252393,5.0,0.2,10.0000056144,2.5769478528,1.9007372686,5.0000704812,5.0000105956,0.0,1.0,10,1.599237638321694,0.1532908318299365,0.4504618017390508,0.4504618017390509,0.22681522369240784,0.5357438558621539,1.960178174362433,1.9559005435247462e-09,0.9999999999999998
252504,5.0,0.2,19.9999998182,3.2489984633,2.2883103259,4.9687577035,5.0000002059,0.0,1.0,10,3.2292533189286385,0.15869203358297232,0.44477042430469826,0.44477042430469843,0.2674918917414205,0.4522016022252216,2.2326789239617253,1.7155640796790079e-10,1.0
252527,5.0,0.2,6.6666917004,3.5636374864,2.4830629467,4.8787193059,5.0000264514,0.0,1.0,10,1.0487521860437703,0.1469916157620136,0.379381572723386,0.37938157272338613,0.233409624875458,0.5276209854846702,2.060979563459875,1.3877738901147824e-10,0.9999999999999997
252812,5.0,0.2,20.0000006248,2.9160384754,2.0915330846,4.5588080558,5.0000002807,0.0,1.0,10,3.3621621088000584,0.16578817479031915,0.4150350983401202,0.4150350983401203,0.31714961139096476,0.3760939735618095,2.5842009590465636,3.703013736934193e-11,1.0000000000000002
252896,5.0,0.2,20.0000004878,3.1492935899,2.2869429231,4.3895409566,5.000000237,0.0,1.0,10,3.268902512018812,0.1614860475123321,0.4425892729299033,0.44258927292990347,0.2946204945540114,0.39504230609290325,2.449827824012464,4.7179652340928e-12,0.9999999999999998
252973,5.0,0.2,20.0000000271,3.190207641,2.2942330126,3.9414277158,5.0000003026,0.0,1.0,10,3.1638637233737685,0.15614842803935106,0.5084970542319505,0.5084970542319507,0.28854801792424395,0.3889596829340343,2.515742207116902,2.277706324143413e-11,1.0
253015,5.0,0.2,20.0000007404,3.2442318716,2.3423323045,4.0123825841,4.9999996283,0.0,1.0,10,3.0991187618892146,0.15285693142644277,0.45781471899873505,0.4578147189987352,0.3007424117482065,0.40652919065948256,2.4698875632845905,5.037108988437731e-11,1.0000000000000004
253057,5.0,0.2,20.0000031494,2.2430559335,1.786979123,3.9566462974,4.9999696438,0.0,1.0,10,3.6946068998376935,0.1813492758907855,0.39205083107707883,0.3920508310770789,0.3238169872053572,0.35203948103444055,2.775894091935077,1.0035017712907568e-11,0.9999999999999997
254241,5.0,0.4,10.00019524,2.1749986506,1.8742830502,4.004974948,5.000062825,0.0,1.0,10,1.9073315335039576,0.1881860272634633,0.2504426262222544,0.2504426262222545,0.2944888205755461,0.4679883500767695,2.3432776725399593,1.3650677746495803e-09,1.0
254453,5.0,0.4,5.0011014078,2.0960143214,1.7557246073,4.1065749017,5.0000276072,0.0,1.0,10,0.8546759200801101,0.17104870222923035,0.3076162534578534,0.3076162534578535,0.27703314034847365,0.50017521349805,2.1925913675057593,2.0949615307406792e-10,1.0000000000000004
254674,5.0,0.4,20.0000029551,2.9954271331,2.2165215679,5.0000003548,5.0000004895,0.0,1.0,10,3.857976162222702,0.19022172357242556,0.48610949496896605,0.48610949496896627,0.27575445340910204,0.4263645881650339,2.313383226072615,5.3063923502268164e-11,1.0
254758,5.0,0.4,20.0000078141,2.3993847989,1.999953594,3.7883599158,5.0000008683,0.0,1.0,10,3.5093270509068826,0.17320158968971563,0.3379837203658379,0.337983720365838,0.27706716089035144,0.49822732118422786,2.341606990728245,1.754520584580161e-10,1.0000000000000002
255357,5.0,0.5,4.0033907025,2.4714109531,1.9378855416,3.9613088675,5.0000000385,0.0,1.0,10,0.47246842319780674,0.11739189085330329,0.34805338796309987,0.3480533879631,0.24478786329212335,0.5119038405699928,2.1193518584550497,3.797871619088576e-08,0.9999999999999817
255378,5.0,0.5,4.0024705621,2.5430134317,1.9590599145,4.5010698722,5.0000058561,0.0,1.0,10,0.49364506981561923,0.12161710272428028,0.3047467655232539,0.3047467655232541,0.25527794355003014,0.5210860449682453,2.1151684289931363,1.0598980038184652e-08,0.9999999999999986
257019,5.0,0.6,20.000013125,3.2628594159,2.401597368,4.95423692,5.0000002941,0.0,1.0,10,3.9440288026122396,0.19480917618630664,0.39424888306899697,0.3942488830689971,0.30614283348527,0.4122870515121879,2.53530164608854,2.5734852316478307e-09,1.0000000000000002
257740,5.0,0.7,20.0000491233,3.0087063261,2.4383633661,4.1998730938,5.000006932,0.0,1.0,10,4.0996152364680825,0.2036933390043779,0.29496594628709927,0.2949659462870994,0.32010792955512746,0.39514098025373123,2.6153012125210378,1.4536380154126816e-09,1.0
258167,5.0,0.7,20.0000168133,3.7604660146,2.6179056223,4.5647573964,5.0000027358,0.0,1.0,10,3.8877787078713624,0.1923423431113227,0.20057437707220022,0.20057437707220024,0.31611874372027376,0.47314952341708616,2.369551065493315,1.8869055224901143e-09,0.9999999999999997
258461,5.0,0.8,20.0001627635,3.1170874352,2.5743088651,3.0736544444,5.0002631504,0.0,1.0,10,4.318342407060419,0.21543641416501885,0.3425208333394408,0.342520833339441,0.2660177167149019,0.47456209583385056,2.1987015929279345,5.533471818691312e-10,1.0
260092,5.0,0.9,20.0012690366,3.1545326575,2.7155831,4.0108836592,5.0000082386,0.0,1.0,10,3.8005968020786893,0.18922583210028943,0.4249904103448884,0.42499041034488855,0.30238905427494917,0.43071078234483456,2.4915220926019765,2.892750860823306e-09,1.0000000000000002
260277,5.0,0.9,5.001109273,4.737130219,3.2346034956,4.9858843746,5.0014587939,0.0,1.0,10,0.7141998867561151,0.1392387270934546,0.33391083939398275,0.3339108393939829,0.3133028722856148,0.3370332807974002,2.8090833928569507,8.226193305549001e-08,0.999999999999907
260407,5.0,0.9,20.0016653189,4.2194650348,3.0486389958,4.9843111713,4.9999766713,0.0,1.0,10,2.771089519382907,0.1380324527826915,0.47609165018787447,0.47609165018787464,0.32162979637967226,0.40007064120390545,2.544998922421223,5.122587080039572e-09,0.9999999999999998
260624,5.0,0.1,19.9999996987,2.013847466,1.5729699988,4.9999990881,5.0000002752,0.0,2.0,20,2.285213962955384,0.11237451334916251,0.264146014998332,0.45515246998313086,0.3519116435034096,0.3442816039508093,3.117803826257411,0.07510660923051674,0.9205438995690989
260855,5.0,0.1,20.0000000672,3.0014739656,2.2986002647,4.9812355614,4.9999999785,0.0,2.0,20,2.1475183523711627,0.10593490544586913,0.2485159604458283,0.3670468886219442,0.3106864260409703,0.2941973918397974,3.249229098054949,0.0917586650782488,0.8880370847929285
261310,5.0,0.2,20.0000001689,3.1675966885,2.3083955292,4.7770243,5.0000004129,0.0,2.0,20,2.3105796268364296,0.11395031192273113,0.2650053841312354,0.3968310273060946,0.35845087118061736,0.30440944327904895,3.148812692692231,0.0612258936739434,0.9449841957733719
261660,5.0,0.3,20.0000024363,3.8005202181,2.5920356607,4.4503584384,5.0000017689,0.0,2.0,20,2.094966875129278,0.10317254840926543,0.17294667362083618,0.1838801822094264,0.3348672818020862,0.28797412427107066,3.3650659837954366,0.07719603021542401,0.916624261118845
261681,5.0,0.3,20.0000011645,2.4446308321,1.9758549986,4.1649750916,5.0000003604,0.0,2.0,20,2.6539339954486123,0.13057575079755332,0.2878732093763564,0.29720452473126985,0.294833518804048,0.41525229528319235,2.6379807720485715,0.04377038493259022,0.9706956018004472
261849,5.0,0.4,20.0000037288,2.6443253059,2.0520028471,4.5833164805,5.000000258,0.0,2.0,20,2.683307334730916,0.13212614555895208,0.17016362472555296,0.277552628291432,0.28294349977141103,0.48186138845675236,2.1906556714705543,0.00805716673580559,0.9989630586905133
262171,5.0,0.5,20.0001230363,2.0046638644,1.9672521697,5.0000042569,5.0000450753,0.0,2.0,20,4.667043223507709,0.23339468136460317,0.23275101491590786,0.3146236960116038,0.27688927796049106,0.5244463315675659,2.2874759654366406,0.013152457476159075,0.9972436506869643
294767,1.0,0.2,3.9999990868,3.0518894986,2.1497739502,2.2294822754,2.2696237378,0.0,4.0,8,1.1960257192123285,0.29198371694514197,0.16607627332517316,0.20296272697628664,0.3670927384908455,0.34145567547111727,3.0473798937448406,0.007421627915549206,0.9992451733354406
361824,2.0,0.4,9.999997164,4.0207857131,2.7902834683,3.1378213089,5.0000001697,0.0,2.0,8,2.970944380691068,0.29753423732547346,0.2592381879301403,0.32358729515728313,0.32288571529682314,0.3381034146754316,3.021271405162875,0.047856249068353986,0.965268417190604
366459,2.0,0.8,6.6666523436,8.9492400205,8.1494973506,3.2062852819,4.0444166428,0.0,2.0,8,1.47423971893935,0.2242919306733335,0.2543167472175098,0.38062848322748605,0.328995571316589,0.4912205997267526,2.5181512009421234,0.14312771918288655,0.781249468295606
391491,3.0,0.3,6.6654765823,2.9378328715,2.2803290016,3.0129623322,3.6570466835,0.0,1.0,6,1.8905839791392511,0.28220318932727295,0.3348645537922839,0.3348645537922841,0.2671706012796566,0.5092285132429285,2.2050985931332128,0.0,0.9999999999999999
606074,2.0,0.2,20.0000215007,2.1056740567,1.9503899193,4.7585392123,5.0000041453,0.0,2.0,8,7.916131510041959,0.39451815152811187,0.23503679110416212,0.23959087532355636,0.369954410986674,0.3958596956535805,2.5708207027427643,0.0998864031485503,0.871369420085108
638925,3.0,0.4,20.000000571,2.9173138586,2.3233160966,4.905226678,5.0000002293,0.0,1.0,6,6.181185230278783,0.30775758427206423,0.26973437009573586,0.2697343700957359,0.3856197984749913,0.3399538231793467,2.893065804398876,6.210586988194107e-17,1.0000000000000002
646306,3.0,0.2,5.0000015256,2.7693222102,2.0842528632,4.9997952352,4.999928232,0.0,2.0,12,0.7358640843292921,0.13754578432199624,0.30279928444301224,0.3993421502647682,0.2921234540151747,0.467071369221334,2.287069208012031,0.05291780977247411,0.9580217861611627
649055,3.0,0.5,10.0000009303,3.9834695802,2.8481959763,4.9052715172,5.0000002455,0.0,2.0,12,2.065593318719298,0.20455634205357148,0.19611824834678815,0.20550816689010742,0.31675664320512953,0.3764292639175153,2.9329441070164575,0.050961906461373,0.9608882333787393
657580,3.0,0.7,20.0036636418,5.2481059299,3.6453872796,4.1780465632,5.0000008669,0.0,3.0,18,5.686267618525961,0.2839534980516514,0.17337592192438997,0.2759599604031134,0.30400781980572017,0.3484779261447854,3.3263202797688387,0.02840950791156313,0.9865691480040469
665963,4.0,0.6,4.0011840006,2.7809176807,2.3274397063,5.0006924104,4.9459620011,0.0,1.0,8,0.6421065187323641,0.1619289493914249,0.35234379990974174,0.35234379990974185,0.2971297003262356,0.41235170941446986,2.5798085586057153,2.888798877809247e-17,1.0
666449,4.0,0.6,20.0000063951,4.4138470153,2.9494187737,4.761848502,5.0000026828,0.0,1.0,8,4.7506627371195425,0.23605852615692238,0.4361750645062994,0.43617506450629945,0.293077499090631,0.4102537558379253,2.494924586711135,0.0,0.9999999999999998
668330,4.0,0.8,3.3337358669,5.1403709448,3.4128782514,4.4889302445,5.002120791,0.0,1.0,8,0.20062314900999426,0.05576945370733813,0.3600564046252978,0.3600564046252979,0.2737143244309625,0.45764827199841174,2.32278942084204,5.859802975866032e-17,0.9999999999999999
671020,4.0,0.2,20.0000002004,2.4950603735,1.8743949106,4.0847654852,5.0000003698,0.0,2.0,16,3.2792097670762654,0.1622513755658694,0.23181486138083898,0.3164410025860649,0.3330931346685243,0.33030902539063167,3.0676555973199364,0.07956442394305806,0.9121201449159733
674188,4.0,0.7,4.0009348465,3.4479260987,2.7163132507,3.8491542986,5.000072407,0.0,2.0,16,0.4529207851589104,0.11233256534011354,0.26335642712088847,0.2654618093016598,0.26463565120457183,0.5062489430037893,2.3493364042105567,0.018907669173412328,0.994328672325285
674289,4.0,0.7,20.0000089036,3.5725709231,2.7940131979,4.5532190767,5.0000344156,0.0,2.0,16,4.114731932805355,0.2047302785901122,0.19715460998015427,0.2912684039031027,0.31355545770481014,0.4218145923428633,2.5668916955712158,0.0014009641199479862,0.9999685982717283
775499,2.0,0.4,3.9999999887,4.6307639792,3.0275642716,4.2629170162,3.8089141988,0.0,3.0,12,1.2300831625279822,0.30644864974243125,0.1840745549980155,0.26195639995606085,0.3378996551270015,0.3995813012479861,2.8517073611905612,0.0168936292894787,0.996074342948535
777649,2.0,0.6,3.3333314313,7.6561315842,4.5953646537,4.9063088421,5.0000107441,0.0,3.0,12,0.5420560936257417,0.16620747271516814,0.23631366695355008,0.3621025721743297,0.3617023895621783,0.28583463368462525,3.67208388255224,0.08999603219317767,0.8816914813455488
777998,2.0,0.6,4.0000023731,5.7325063954,4.3095540372,4.6314930768,5.0000147699,0.0,3.0,12,0.7112122000606476,0.17956730382181005,0.28102454664418397,0.3232354805821734,0.3420389105718416,0.47725145055146767,2.631570869672392,0.16712565535560284,0.7232155419863778
793251,3.0,0.1,3.9997861298,2.6018930295,1.8013242013,5.0002561655,4.8631491149,0.0,1.0,6,0.8896167114448325,0.20882703061899638,0.15623265385137763,0.15623265385137766,0.27038881859165315,0.518317870856062,2.175380615201882,3.0544695566309024e-17,1.0
803053,3.0,0.1,2.8571576719,2.5450330537,1.9030794483,5.0000724484,5.0000140676,0.0,2.0,12,0.423924969367086,0.13739997672954546,0.16435731868618447,0.18763294993801988,0.2675904003837912,0.5322379149574741,2.117976151273183,0.019688851961413414,0.9938547733724161
803097,3.0,0.1,9.9999999722,1.5318440795,1.5132638321,4.9959274438,5.0000006976,0.0,2.0,12,2.267080488024625,0.2210152856875606,0.13718319297144885,0.14190272773789203,0.353432123664756,0.4180175789761412,2.775664086146059,0.0004028092531636858,0.9999974039253984
806854,3.0,0.5,2.8591129327,7.3879962282,2.8353369146,3.6368333205,5.0003294805,0.0,2.0,12,0.12455159368046788,0.04723632941780833,0.18515441735533722,0.2821661716854203,0.29377862240239216,0.3273466655678138,3.1191584454602306,0.03606485705492048,0.9798197149004716
809322,3.0,0.7,5.000440556,5.6400138315,3.9163619737,4.9996266084,5.0000249054,0.0,2.0,12,1.027211742165266,0.2032399319617436,0.20671958995679476,0.27969544411619424,0.2913114580175345,0.4077379570736103,2.759272210796472,0.011586836927531064,0.9978588230958637
810803,3.0,0.8,19.9999950598,6.7594519831,4.3487615655,4.024628997,5.0000056867,0.0,2.0,12,1.9250185257451324,0.09625490255896266,0.33983225601328676,0.37727457783839896,0.361188524767614,0.23661535739905745,4.811731554171605,0.09780075420364388,0.8756808482207191
824674,4.0,0.7,4.0010670663,3.8708805664,2.8244178592,4.2740934545,5.0002277986,0.0,1.0,8,0.5721245104192111,0.14116151347742575,0.3096866681986119,0.30968666819861196,0.25759805687462434,0.484615685380885,2.213068624327419,0.0,0.9999999999999999
825832,4.0,0.8,20.0000149533,4.2309759914,3.1071850609,4.5579911128,5.0000167558,0.0,1.0,8,5.645673182414401,0.28202225453285334,0.3233379404144189,0.32333794041441893,0.27587729932078103,0.5023168226606683,2.2020474230720044,9.918676875625126e-17,0.9999999999999999
828429,4.0,0.1,19.9999997908,1.7456969116,1.4927508659,4.9084962236,5.0000002681,0.0,2.0,16,3.8360174206709328,0.18963629931280962,0.3564261628585931,0.48815456294826476,0.2794333042148825,0.34929857743676174,3.0557672347331826,0.0634011125911478,0.9413573642980161
877292,2.0,0.4,4.9996066399,5.1454959899,3.4575298728,2.5924907796,1.8965493532,0.0,1.0,4,1.9699478427060761,0.392805010649905,0.2893514052732309,0.2893514052732309,0.3582272028522406,0.36831571585242545,2.7527063544064907,2.1042538026562126e-17,1.0
883330,2.0,0.1,20.0000009216,8.7184552771,4.0974652918,4.8680409939,5.0000004566,0.0,2.0,8,6.870771760452644,0.3441749600500252,0.19860083516272314,0.24804748834197277,0.37711986852793816,0.33034349359796555,3.189712165185432,0.0663730710106039,0.9362715914889657
883496,2.0,0.1,3.3333316639,2.6436643065,1.9187144361,4.9807552664,3.7455995804,0.0,2.0,8,0.9826795851911331,0.283789207651732,0.11427825183215583,0.12205524546873085,0.3508895265345439,0.39194810391512946,2.603136372719094,0.0011164512108909745,0.9999800571836915
886079,2.0,0.4,3.4115890132,4.8006937312,3.7978827811,4.3773413822,4.9693804152,0.0,2.0,8,0.3241649028020038,0.09738269401964442,0.15396321394802367,0.24502803816796462,0.27418797789268323,0.5691683187583003,1.9445059181543478,0.08269318139435729,0.9060743655738336
888694,2.0,0.6,6.6666681998,6.8930452977,4.4125168927,4.6620165548,5.0000051114,0.0,2.0,8,2.1476726920838374,0.324150400475153,0.3043403273369132,0.3572595397763426,0.357279879106368,0.312715107774919,3.1694284622310587,0.032203490701454736,0.9838101985434721
894738,2.0,0.3,3.3333318854,2.9732566572,2.3832828331,4.8409741988,5.0000006926,0.0,3.0,12,0.7816574425322859,0.2271088830925802,0.16918717747273024,0.18033786515653535,0.2778573908289482,0.48962059160356614,2.3391639158778377,0.00738339292537568,0.9991632805060867
918134,3.0,0.5,20.0002448692,4.0640098105,2.8925900632,4.2738821941,5.0000025573,0.0,1.0,6,6.562729002836055,0.32810408197089047,0.3810503967257224,0.3810503967257225,0.2739813867842352,0.4700491321144618,2.3881585189688472,2.5817264514429103e-17,1.0000000000000002
918568,3.0,0.5,19.9999959084,3.2883151381,2.6103090327,5.0000145546,5.0000027714,0.0,1.0,6,7.509799826962667,0.3753884444665673,0.381736152040415,0.38173615204041506,0.29864982370881116,0.41350578219847833,2.547191746178697,0.0,1.0000000000000002
923503,3.0,0.1,19.9999999502,1.8263560692,1.5340485557,4.7338590008,5.0000011574,0.0,2.0,12,4.877525876442193,0.2418321744433177,0.26834625518805955,0.39232393636320223,0.33966566572315143,0.37893064839834345,2.7353117286167397,0.012329965286088831,0.9975763951347196
923602,3.0,0.1,10.0000002812,1.5255133184,1.5137923404,4.54080553,5.0000005207,0.0,2.0,12,2.461490529084421,0.2403167477683982,0.18447601350318596,0.24537203221960882,0.29208829903802425,0.4962120688280199,2.390700901724991,0.004669489421594212,0.9996513163651698
928988,3.0,0.6,4.000012279,4.6504663901,3.3491899523,4.731377929,5.0000069699,0.0,2.0,12,0.7601181426043632,0.18144014030834912,0.21466983005351167,0.2605168779170247,0.2306731362411994,0.48718652796244116,2.4709358273262656,0.01131767199902124,0.99795684631132
931756,3.0,0.9,20.0000000805,7.9211944016,5.2544260731,5.0000000892,5.0000000628,0.0,2.0,12,5.035658854576407,0.2519853108096047,0.2784081269168059,0.31523733806221677,0.2941775575270249,0.39325681035361915,2.765936270321342,0.025448573013779407,0.9897965834732627
932746,3.0,0.1,5.0001404638,1.5309634725,1.4688447524,4.6248303753,4.993405652,0.0,3.0,18,0.5006143353393344,0.09702460589749755,0.10099420891718197,0.16317322383881036,0.29724354307581846,0.5011738525610221,2.265441415098912,0.1599333959838822,0.7040518090892041
939367,4.0,0.1,6.6666759143,5.5066236872,4.0668337397,5.0000821701,5.0000552715,0.0,1.0,8,1.1874385306448416,0.1698209126353205,0.20278843781396436,0.20278843781396438,0.3147715395720427,0.45137080420247766,2.254434188379663,0.0,0.9999999999999997
941045,4.0,0.3,19.9999404168,2.4467046748,1.900853265,4.0116031124,5.0000290614,0.0,1.0,8,6.156868800735648,0.30833527290971185,0.40351370625816096,0.40351370625816113,0.2709115792903367,0.5312458967447292,2.03471483533136,5.230488381771645e-17,1.0
948374,4.0,0.1,20.0000004345,2.1184411264,1.6240470814,3.9401269688,5.0000001455,0.0,2.0,16,2.536597692711707,0.1255164055972409,0.2607101288200101,0.26597612448648167,0.30325578099125383,0.2965463662591364,3.2527888956166664,0.09314725314591489,0.8852173213843763
948619,4.0,0.1,20.0000002012,1.7646585755,1.5116894876,4.3406221553,5.0000006198,0.0,2.0,16,2.52046184841903,0.12422244700882001,0.25178292218018095,0.2565995336966124,0.32299829591285045,0.28258802500569563,3.2867817604279725,0.11140511106513695,0.8472868907657907
952490,4.0,0.6,19.9999989126,3.4476286887,2.8668594905,4.9992861707,4.999997132,0.0,2.0,16,3.7192212429616864,0.18354248291027722,0.3394832021198072,0.43632767272144224,0.2579854468853522,0.4116471933599687,2.6503718734493558,0.05159481161602176,0.9599696292960584
955983,4.0,0.7,19.99999998,3.2888728186,3.0048426947,4.6912310902,5.0000010091,0.0,3.0,24,3.5432510292090833,0.17543380403561873,0.20912681469257946,0.4864200983246453,0.23674879584555691,0.37260529303485723,2.943349083601065,0.059268842028736085,0.9472814056646891
1000272,2.0,0.9,20.0006851584,28.1142985359,21.2531200409,4.9995069829,5.000006547,0.0,2.0,8,7.023347960329534,0.35306318392288044,0.31211481486777726,0.3898941266203346,0.40658346282586166,0.22143992374825722,4.215593176511558,0.0816323376797624,0.9081358776350714
1035368,2.0,0.4,3.3328616072,4.6044927169,3.1832170653,2.5120924794,1.597750206,0.0,1.0,4,1.2095882415821793,0.35943579140914506,0.2858526635381198,0.28585266353811983,0.36448951994555545,0.3486648394435642,2.773544752719133,1.3465369944926497e-16,1.0
1042101,2.0,0.2,3.9999568604,2.1653364523,1.9196991457,4.9999165123,5.0000005114,0.0,2.0,8,0.9292840252034402,0.2257649311101946,0.17843549363395145,0.18720392601844119,0.2797523858197551,0.4765904745614581,2.2930112478229567,0.03696789290796595,0.9788290180389062
1042638,2.0,0.2,6.6666673927,2.8830140843,2.0826361873,4.6842765311,5.000001234,0.0,2.0,8,2.307197186679369,0.34309709671837424,0.23529441882211172,0.343473991112015,0.3530218518982507,0.3561957464163638,2.9104713181194315,0.008567465222119122,0.9988276420026836
1051091,2.0,0.1,2.8571428339,7.2094376238,4.4489237256,4.5393541107,4.0669169586,0.0,3.0,12,0.8379874429430566,0.2890517362460077,0.15428342854968602,0.1656033914879787,0.335987496040321,0.39534506157177923,2.7033819401838297,0.018124051473768398,0.9946805412506489
1052272,2.0,0.2,4.0000051648,2.9726603526,2.1083069474,4.9950340669,4.9999994439,0.0,3.0,12,1.2153120715109977,0.3015977851024958,0.18641098416772126,0.20037557238110365,0.35691952690857687,0.4427822255790324,2.5888870753358426,0.12075480986801819,0.8523059697646757
1060080,2.0,0.1,20.0000000971,2.3829362546,1.666188056,4.5055676373,5.0000001847,0.0,4.0,16,4.491701778564776,0.2244026334727664,0.15582791827073778,0.29642483216397686,0.33380942766866356,0.4114468764518563,2.60378015826519,0.1515171799950911,0.7438764156560187
1075299,3.0,0.4,9.9999960644,3.6243945939,2.4763814853,5.0000031028,5.0000029359,0.0,1.0,6,2.890822877190421,0.28604953608242906,0.30321599672014216,0.30321599672014227,0.3444038660484011,0.3809034263607564,2.688963620960849,2.917417531903663e-17,0.9999999999999997
1077221,3.0,0.6,3.3321395845,3.7486748725,3.0585585556,4.1267106393,3.2542251413,0.0,1.0,6,0.757788226545259,0.22307445534580753,0.3416504040983424,0.3416504040983425,0.2646875369607428,0.4860366432130663,2.102716056763591,2.7373321015106553e-17,1.0000000000000004
1081587,3.0,0.1,5.0000003766,3.6225451504,2.578130544,5.0000024258,5.0000007469,0.0,2.0,12,0.8676012921327116,0.16436805195775914,0.2293004907123175,0.30989771727251375,0.3004353566474862,0.4752064908171958,2.2718306326102478,0.04700909212668865,0.9664256157582067
1081620,3.0,0.1,10.0000000744,1.6799320719,1.5164085339,4.9996544954,5.00000043,0.0,2.0,12,2.4832824894186074,0.2422082683911876,0.17601072763051784,0.1851915999021908,0.3278882614495341,0.43241918237773636,2.6126784822790396,0.006241738364132097,0.9993772335512685
1090019,3.0,0.9,20.0000006605,7.2793086924,4.9933590775,4.9814326165,5.000000625,0.0,2.0,12,5.312593038553016,0.26583585497279066,0.2662892628193356,0.2674817959657306,0.37716331950875737,0.3313859945290825,3.1561183024777693,0.019333515688981333,0.9940726294563799
1090727,3.0,0.1,10.0000001607,2.1486398109,1.6589402246,4.9998628844,5.0000003257,0.0,3.0,18,1.8448435469395936,0.1808529612316645,0.16794496775677684,0.20393097268944912,0.27540149321349877,0.4448761624961035,2.620836227009666,0.06775290093432634,0.9382148855775027
1090831,3.0,0.1,19.9999999793,2.1230732932,1.6020456153,4.9545794128,5.000000296,0.0,3.0,18,3.6731935353911025,0.1826762516626428,0.1674139603002422,0.20442829098217336,0.3241951089823604,0.35045084114988306,3.1390529964481235,0.045120348940317835,0.9704083224254645
1090990,3.0,0.1,3.3333348559,2.3047715724,1.8127210218,5.0000067937,5.0000063731,0.0,3.0,18,0.30827028338727963,0.08680345829295238,0.21028789612802046,0.2638873516392213,0.22465858447837692,0.6689598380592682,1.7221524590529464,0.11791991267539147,0.8030001220803284
1095472,3.0,0.2,19.9999998863,1.9026755185,1.833593073,4.9988809628,5.0000000558,0.0,4.0,24,6.02885409968317,0.29737007373160945,0.21209992626613805,0.2618723666449943,0.23512906888789628,0.587181989403087,2.214815057872353,0.03570947297847109,0.9827679854193486
1096180,3.0,0.6,10.0000000874,3.8723965148,3.1532281696,4.48334851,5.0000001169,0.0,4.0,24,1.4666000486952555,0.14497470922915137,0.23246818008738135,0.2994702053050794,0.3024036364646245,0.40749951346600655,2.828692753935293,0.051137998725122764,0.9668845626632506
1097975,4.0,0.2,4.0002094841,1.982287964,1.7840574901,5.0006589256,5.0002890781,0.0,1.0,8,0.6345760725690119,0.14845833693296612,0.15197344439049765,0.1519734443904977,0.24575760659713114,0.5726804637899325,1.999219882304746,6.225082065911872e-17,0.9999999999999998
1102493,4.0,0.6,20.0000065869,3.4670711235,2.6207214403,4.1931246431,5.0000022986,0.0,1.0,8,4.625972033519392,0.22995340295169975,0.2649350218332259,0.2649350218332261,0.32965096964218754,0.3860509689929449,2.5793183754005717,1.0698188968544435e-16,1.0
1102647,4.0,0.6,19.9999996704,4.4599134429,2.9481007748,4.7981394864,5.0000010723,0.0,1.0,8,4.563839860925196,0.22672111795014555,0.39650801878167663,0.3965080187816768,0.3509280002363815,0.3677630275955962,2.6017513249850075,1.0981935176346163e-16,0.9999999999999998
1104005,4.0,0.7,20.0000045337,5.0745200556,3.3405200889,4.7467406784,5.0000003709,0.0,1.0,8,4.122390428021795,0.20532926890445546,0.4081262848812026,0.40812628488120267,0.29103126758877296,0.4670289569199221,2.268077253862032,4.7037699686627955e-17,0.9999999999999999
1106084,4.0,0.9,20.0000034148,4.6823189473,3.4960978063,4.5458036568,5.0000023,0.0,1.0,8,4.373737004371888,0.21810446795950994,0.4346693464321737,0.4346693464321739,0.33047806506637534,0.39487927401203404,2.6486924899408524,9.6723942146319e-17,1.0000000000000002
1107841,4.0,0.3,20.0005838091,2.3174038433,1.8853725391,4.9748209744,4.9999981949,0.0,2.0,16,4.3575995007001564,0.21700987679705366,0.1435210713654963,0.15856610618060585,0.3190260054501424,0.3928432360760338,2.7183375701256196,0.03575269418883021,0.9801571770533556
1107995,4.0,0.3,20.0000011852,2.2232090458,1.9382222108,4.85588534,5.0000002663,0.0,2.0,16,4.626237713135573,0.2286256167727777,0.22390672896809616,0.4009648863521441,0.22524302268020524,0.6435622446805919,1.8975636795429882,0.0731326666864665,0.9241913954023262
1109675,4.0,0.5,20.0000438941,2.4266720703,2.1821354742,4.860113503,5.0000022591,0.0,2.0,16,6.014580501853844,0.30075693097637574,0.302012296821841,0.3281163731907244,0.23252767753773207,0.5692847795318716,2.2932856277495404,0.053795014496765145,0.9567099937826447
1121685,5.0,1.3,20.000000366,4.0811281407,2.4467641405,13.1634156022,35.0000009889,1.0,4.0,40,2.9941022384407225,0.15011097401110193,0.19891401505960055,0.26462724776459473,0.24674701357891657,0.33889855291760823,6.914113083873723,0.08158897067067607,0.9060537423397979
1190023,4.0,1.8,6.4170127655,2.7046940383,2.2899789658,8.8829871333,20.4654357284,1.0,3.0,24,0.6067425065577542,0.0965685139232396,0.2783736678747379,0.42528022852947417,0.3651468868702802,0.00416990870766259,37.94300781633856,0.037621137887410054,0.9775684682163716
1257819,4.0,1.7,24.0000000925,2.3021888107,2.0011342202,11.2662303206,33.4535718995,1.0,4.0,32,5.447817139407011,0.22699968482231447,0.3246181216387689,0.4683347370583563,0.2730388437062678,0.46581821823265546,3.047020232119321,0.08771133040798694,0.9032409089769052
1259243,4.0,1.3,24.0000005087,3.6538624154,3.2903691289,10.0055051999,25.2969846122,1.0,3.0,24,5.31837909916545,0.22220111057944406,0.24331060547200697,0.33362357458439235,0.35440609633911857,0.28433950647210166,4.003284958462796,0.058677310048294004,0.949378803812107
1266029,3.0,1.2,23.9999718579,8.5125664738,8.0010504437,9.3371125952,19.9931519079,1.0,2.0,12,6.543429039303962,0.27217067489386443,0.39962613291492227,0.46065724845661926,0.27067705932409947,0.4241335214527076,2.6373621405773227,0.02682867019907011,0.9886792158361852
1295205,4.0,1.8,12.0000015796,21.2324843313,16.5784231238,12.1829403793,23.4275660091,1.0,3.0,24,1.8514333558993845,0.15576754841614424,0.2300753098724159,0.33779168269240345,0.3951326739217237,0.13738027149676002,7.110596138127089,0.0804818202686408,0.9190090323780326
1328722,4.0,1.1,8.0000008917,4.0337958349,2.5689796552,11.5834682,33.9847890393,1.0,4.0,32,1.1756385906451694,0.14714475527432389,0.13875265380518043,0.23432066483982164,0.31704631363478486,0.3501602139909346,3.8576874530413376,0.06151983197947391,0.9531914386889159
1331217,4.0,1.2,8.0000013908,4.9137626151,3.1916253434,9.737808232,33.0288450864,1.0,2.0,16,1.1888044837986103,0.14867407049776366,0.26489174271423654,0.28356599042776337,0.3535982225247305,0.26141050917781816,4.255314019330657,0.050518964660322054,0.9615259676173904
1331857,4.0,1.3,7.9999762023,5.4390272595,4.0111399215,8.1472668836,14.2256022329,1.0,2.0,16,1.1845544861216577,0.14823275278563156,0.21971992181080896,0.2216128329588733,0.33345823080189035,0.2770557265873594,3.6542985092499602,0.06480379829312036,0.9389753073879433
1333420,3.0,1.8,7.9999993946,3.916491576,3.1043958007,12.4747263392,23.4147656066,1.0,5.0,30,1.1330629275031074,0.14151872834683646,0.28671031952109866,0.419825118483763,0.38611136687178427,0.1829384993315095,7.050898390913058,0.06899610264087888,0.9365533576639445
1335098,3.0,1.8,8.0025411373,5.0543508483,4.0888364056,10.4279538519,22.4461755819,1.0,4.0,24,1.1372866078808277,0.13938759035473305,0.24568829158222974,0.38539306744098284,0.3091548969017161,0.3883381893223753,3.8344682427842915,0.060637263208839075,0.9564573348008748
1406183,3.0,1.2,24.0000271102,10.541917988,8.1352699146,14.4410276233,35.0000011853,1.0,5.0,30,4.221659838677296,0.1762438835004565,0.21480272691304328,0.3012369643786162,0.2847810374624566,0.431815745808151,3.177829264413306,0.07133877779217215,0.9328062882582395
1444558,3.0,1.2,11.9999999524,10.0813629577,7.1205126008,10.8678933895,19.2476673072,1.0,4.0,24,2.4075766589915495,0.20166681580659487,0.21104379457513622,0.2579610309984368,0.3706236861837247,0.09681044846969744,8.936912344047164,0.05463348826565704,0.9633733603167028
1445098,3.0,1.4,11.9999999939,22.5893502236,18.5198586684,10.1947744768,20.6613643356,1.0,4.0,24,1.9937514668055967,0.16753418510947674,0.24418447369868965,0.2547938144410452,0.35366582166807914,0.18037732065685133,5.478100267475559,0.11288262226483389,0.828631652864617
1445211,3.0,1.5,12.0019343515,4.6577826849,3.6369464283,10.9166874994,34.9999701206,1.0,4.0,24,1.8299298574654406,0.15203567559892678,0.3519154343471846,0.38078062494847953,0.2486012334878682,0.5104303232695006,2.412989966778879,0.04243801868910196,0.975268083061061
1470331,2.0,1.1,7.9999996144,7.4808818253,5.2479575661,9.0824806049,19.2347589263,1.0,5.0,20,1.1862278213849087,0.1441407485308909,0.2659844611202411,0.3836554279528333,0.4216439169853195,0.11398171145813056,8.75528344182695,0.14886401881316283,0.7955175803319995
1486742,3.0,1.3,7.9999696384,3.2933116978,2.7674493744,6.4652212633,13.7985432653,1.0,2.0,12,1.655369555779561,0.20544332085869096,0.39308387927118577,0.3946142737426042,0.35086199052270584,0.17744985501817823,5.109230219052692,0.0837322399395782,0.9040441736366941
1517956,3.0,2.1,6.0000021112,6.0768774658,4.8022947582,11.5706997989,21.7182993745,1.0,4.0,24,0.695828651435499,0.11497056521709946,0.27613949402682264,0.31284616319199027,0.421685961773022,0.11654882953643604,8.702294589104188,0.056307503841587614,0.9566558674497779
1545207,2.0,1.4,24.0007824499,10.166736134,7.1447627634,12.3486317082,34.9999990048,1.0,4.0,16,4.575052886455596,0.19017200556664843,0.38934934907214813,0.47409365441011114,0.2444179031089669,0.5551786057691895,2.535748708176424,0.10595795421749267,0.8590335175641287
1567468,4.0,1.7,24.0000008367,2.563313558,2.0883372543,10.9561003011,30.5580743881,1.0,2.0,16,5.425300942446067,0.22582262797257355,0.4460384177246682,0.46787848490058526,0.288809227297048,0.44427172199101744,3.0144501530691947,0.09257522490915016,0.8863804950038999
1569016,5.0,1.4,24.0000002231,2.1007253642,1.9406744281,14.7808496305,35.0000007507,1.0,5.0,50,3.625464650284753,0.15111179264099012,0.19831614081105456,0.22615882989338876,0.26889115057245194,0.4144820821913402,4.073189425490032,0.04947970728388805,0.9704440872313779
1571526,5.0,1.4,23.999999837,2.7667847423,2.452147951,14.4143938659,34.9999943888,1.0,3.0,30,3.557045735405946,0.14832690295574816,0.21854817417749953,0.26945670890731876,0.30483274381983516,0.3534724950526679,3.7980080579105917,0.05834834903663158,0.9548833502214454
1574333,5.0,1.4,23.9999996978,2.6479438159,2.2525162501,12.3862045578,35.0000000715,1.0,2.0,20,3.688688205866455,0.15377281499608603,0.28798213029447384,0.3016113500608241,0.38387615181240226,0.22680791704000922,5.527990650940786,0.09250176111161633,0.8896587160068938
1577073,2.0,1.1,11.9999997634,7.8671987484,5.3254246519,9.5598109096,21.0369775208,1.0,5.0,20,2.3825668685307453,0.193806822686889,0.2851458352428292,0.40034664657440283,0.39198408954909464,0.21053160800088158,5.982427295797504,0.13771974694700248,0.8009571818362939
1601622,4.0,2.5,12.0047479088,3.959885938,3.3259323985,13.6527410859,34.9999939979,1.0,3.0,24,1.7784835525602494,0.1481481874052792,0.3105898360824438,0.3948303948442225,0.3057362882322975,0.42555677423561067,2.9102840505929026,0.05547555951913591,0.9452005720135602
1607357,5.0,1.6,12.00000705,4.0060120772,3.5264626693,13.105404984,35.0000002387,1.0,3.0,30,1.7631716615238806,0.14708194265598598,0.16646275555280696,0.25972084248186644,0.27495417147793083,0.4334684318165917,3.3892998105633727,0.04787424178269882,0.9635487752362276
1610630,5.0,1.7,11.9999999815,1.8468318225,1.8041352374,11.1309326788,29.5566895266,1.0,2.0,20,2.0271604202176725,0.16877266425371884,0.3762938175432985,0.4400202621541456,0.33216795246453634,0.31297332135789807,3.5616838139180174,0.14364181759740513,0.7802189835611435
1611640,5.0,2.2,11.9999995669,1.890996775,1.7328359602,11.6122464003,35.0000002704,1.0,2.0,20,2.172628266707168,0.18145208055577228,0.45746780440128304,0.5818314519671763,0.3052184566489161,0.2765173868336246,3.9682862826625738,0.012383858569110062,0.9975587133771311
1624686,3.0,2.1,8.0002190515,5.8579220379,4.7197165339,12.227749998,25.756695346,1.0,4.0,24,1.185773561719609,0.1470431604508317,0.2836146675370161,0.34660730673631407,0.39555788796299135,0.1968677603624461,5.655667039748672,0.028684870260210157,0.98877493842654
1626853,3.0,1.5,8.0000021739,2.8025498118,2.5837279946,14.2959351236,34.9999702837,1.0,3.0,18,1.5783428378797533,0.2007287221456116,0.3514662988910611,0.36504639150711593,0.35235743623123245,0.14704187705093005,7.640853720188773,0.008398189668500994,0.9990451765487725
1632094,4.0,1.5,7.9999983024,5.6701745546,4.3844091987,8.0648332155,14.4935925136,1.0,4.0,32,1.1664389121293175,0.14693169158320138,0.13572279376968782,0.18984564459670883,0.37538603555868766,0.13475870702006668,8.930367127623375,0.0503365909724246,0.9670185723411437
1642116,5.0,1.1,8.0002886457,2.5442379593,1.926362843,11.4131409501,32.9285404054,1.0,3.0,30,1.167429247751892,0.14530745935467795,0.14809130955177707,0.2164297764303937,0.24017096787047834,0.6023491659023008,2.2806398375477586,0.06846511321874796,0.9380783234683624
1642553,5.0,1.3,8.0000228613,2.5953932384,1.9684942667,14.8991317427,35.000005473,1.0,3.0,30,1.1747533407075879,0.1464380440023212,0.23569007036227838,0.32755663650413147,0.28277586727767956,0.4727672636009084,3.214847140739905,0.08658500458506607,0.9110025647241773
1642802,5.0,1.5,8.00001679,2.028774397,1.9480919215,11.9112628726,35.0000054246,1.0,3.0,30,1.186368967523262,0.14750462157270194,0.2924222039280913,0.38228319546908374,0.25338878466295556,0.5146529232683157,2.5747634142266165,0.055847312732191304,0.9606743375982442
1661867,3.0,1.2,5.999946644,3.0045996552,2.60599451,11.3432252674,22.1194728952,1.0,3.0,18,1.2494381450238294,0.20569765205857526,0.390054651959445,0.43048822586713814,0.2953243571340954,0.30819403026576864,4.088699280328193,0.04878619774485155,0.9648349394558853
1673573,4.0,1.3,5.999992867,5.2843361897,3.652463655,9.5524335807,17.0792025357,1.0,2.0,16,0.8764016635908987,0.14613394252258358,0.16655022620122042,0.17676079762811908,0.34261052851514123,0.31445831360304294,3.621022319700918,0.05231127596226504,0.9589193887225467
1680659,5.0,1.2,6.0002477378,2.4657914024,1.9267598045,11.7045349986,24.9604431997,1.0,2.0,20,0.8193276208741903,0.13564763301435762,0.283216526438986,0.4434444730986915,0.29579354666156527,0.46938423005778673,2.6098505962827523,0.042836441048397275,0.9718994458456617
1681455,5.0,1.6,6.0000380343,3.2557626926,2.7606404217,8.4972358785,16.2748933563,1.0,2.0,20,0.8807539785025299,0.14601666340898398,0.15130188301734343,0.1675829530444184,0.34175323813162384,0.3615498452924693,3.11210930477185,0.021655065076063493,0.9926247889210739
1697632,3.0,1.3,23.9999999409,3.3632427897,2.7352517949,9.6240482402,31.0303121926,1.0,3.0,18,6.314363502888104,0.26202122158688884,0.38163383791134786,0.3893667464853307,0.2701784771196272,0.4532857748312954,2.8529229517134023,0.06466579791433097,0.9405590114432846
1700131,3.0,1.1,24.0000002158,6.6278999967,5.4080249265,9.8817896163,23.2870093909,1.0,2.0,12,5.222422096823429,0.2179035031966015,0.42945789870409307,0.43612620195081503,0.329213964591596,0.12067601974860839,7.558018193501352,0.07159202263920109,0.9270033217742504
1700146,3.0,1.2,24.0001724607,7.6115711973,6.8815223839,8.3208147206,14.8795450552,1.0,2.0,12,6.145766543203596,0.25557449108303176,0.36507574255792763,0.4509707801742469,0.2628449584863671,0.4718421233108131,2.4170414534041322,0.016757180602696913,0.9955372318217574
1703864,4.0,1.9,23.9999995617,12.0319769348,4.965297157,15.2003363043,34.9999996578,1.0,4.0,32,3.9422771380966646,0.1705186015512681,0.2771775630512307,0.3082282819246827,0.3602181592723367,0.26743053362978464,4.856303458171141,0.10114774422858426,0.8691093946666584
1705245,4.0,1.2,23.9999994655,4.585349037,3.7852618421,13.2481035752,35.0000000418,1.0,3.0,24,4.045641739403338,0.1687027124139334,0.2677147139615402,0.34353604436225443,0.26410191663219945,0.4316834835254874,2.9100931459303157,0.03404296202666021,0.9836396639705258
1708968,4.0,1.2,24.0000000938,6.4517609436,4.2002687253,10.1493740206,18.9805046642,1.0,2.0,16,3.6903323596944597,0.15397436990937893,0.22999154867954544,0.26726565199237445,0.35783842112062386,0.23143331879072937,3.8983740553592816,0.0636428068059037,0.9409492957134069
1733102,3.0,1.3,12.0027494076,6.2174588438,4.2269290955,15.4017374603,35.0000094805,1.0,3.0,18,1.7901025036365856,0.149222131860447,0.3405440402779688,0.477313188935226,0.23515419444051378,0.5872777041429029,2.1135453088485523,0.08398282814566013,0.9179005816676978
1736006,3.0,1.5,11.9999969122,3.1294855069,2.6306938482,6.701510169,12.6860480811,1.0,2.0,12,3.05265181114828,0.25376702813603197,0.409222711813652,0.43020254326396973,0.37008454207859226,0.09793683810866426,7.808401974470458,0.018648904846800693,0.9944815652958047
1737821,4.0,2.2,11.9999996862,12.9554529822,5.6303168855,13.6261275468,35.0000001332,1.0,5.0,40,1.7259632279445694,0.15170117857350704,0.25716887038612274,0.33770415233256706,0.36732961037138795,0.3401436454176572,4.045901177714939,0.15372289801005448,0.7907064015206117
1742813,4.0,2.0,11.9999999353,2.1977454051,1.980960914,12.449467953,35.0000000664,1.0,3.0,24,2.532903336965919,0.21288262654819226,0.34714084719595767,0.3789412472598727,0.32448429626754993,0.17004098746052232,6.277145786611242,0.02174924424094443,0.9918517202189685
1747877,5.0,1.6,12.0000002523,1.9167626041,1.8454759816,11.0106935179,35.0000027278,1.0,4.0,40,1.7677461103401866,0.147021372501267,0.24609397054241455,0.30067679637951233,0.25796924859561593,0.4828955306425703,3.222157034095011,0.0391382938244711,0.9789998725362035
1749785,5.0,1.6,12.000000502,4.0963450862,3.127406576,12.8186396364,35.0000005361,1.0,3.0,30,1.889415492730133,0.1590174321355561,0.16963643476583298,0.2403694770077657,0.4177494013921533,0.002415771998879855,54.68653100747858,0.041961004177822475,0.9715889781980768
1755224,2.0,1.2,7.9999957954,8.1339634774,5.6883435266,11.2480024156,24.843498502,1.0,5.0,20,1.4353300111227236,0.17413526430544154,0.25009100280038343,0.3909429623025529,0.4108567077196148,0.12984539165767794,9.017694358500142,0.12733480637380848,0.7971063866680661
1758284,2.0,1.1,8.0003908333,7.322620889,5.0798703479,8.6212622355,14.6201428363,1.0,4.0,16,1.5695479416110711,0.1928271076152425,0.3076974806581806,0.3841427897224409,0.3950067679520265,0.11601951275656383,8.330620017548487,0.06730819716794077,0.9475786003139625
1775270,4.0,2.1,8.0006560142,10.6075598434,4.954023944,16.9861335926,35.0000400376,1.0,4.0,32,0.05423653415203517,0.007035788427480542,0.20270586437997357,0.2661934727590447,0.3578769621111871,0.29324567534889906,4.193137302105631,0.1054340176514364,0.8732814213919315
1776157,4.0,1.1,7.9999954955,4.4315066061,2.9642055691,10.3586248611,17.2071007556,1.0,3.0,24,1.1870323253828667,0.14841250303597997,0.16007184572355496,0.20616730153988372,0.30799998766380815,0.3286941105207282,3.408160759925511,0.02717741573088622,0.9884113581683648
1781536,4.0,2.1,8.0003267094,2.7412082294,2.228832137,7.815865403,14.7797405169,1.0,2.0,16,1.4603403371214672,0.1832549737753513,0.33906550551888814,0.37201358310271304,0.3841045514427703,0.15020541684234828,6.530536345920248,0.049117513471649554,0.9635154002554378
1785050,5.0,1.4,8.0000067625,2.3130934424,1.9710732439,13.6691702827,35.0000031508,1.0,3.0,30,1.1777105155485612,0.14662212095164207,0.24837975086250988,0.36835740348913976,0.27100520893800406,0.45316810379634603,2.952214376368119,0.06554179629020399,0.942363751545887
1793879,2.0,1.1,5.9999940311,6.8523489405,5.03731763,8.5876391072,10.3681116091,1.0,4.0,16,1.0368661375445936,0.16752105835644354,0.2502256484053875,0.36526861118905213,0.38033300258236985,0.27965841861183416,5.4204211393680275,0.1218709918182573,0.8182227018031518
1803985,3.0,1.1,6.0000066333,12.5070253154,7.4353864741,11.1567811692,15.5734650035,1.0,3.0,18,1.070216385597586,0.17955843681798195,0.19767419896842334,0.28770754687337935,0.33553985941140313,0.21234487077934106,5.191837767659324,0.06739081720701069,0.9378359890209329
1809398,4.0,1.1,6.0000899238,3.1232653534,2.1848189199,6.7338585353,15.5707151105,1.0,4.0,32,0.8695738921152422,0.14447604296716016,0.09289084682747205,0.14436700135378983,0.27658877780426927,0.3953457454954188,3.7532107762786464,0.030121850583046453,0.988340633213879
1818651,5.0,1.1,6.0069510933,2.5004222988,1.7192509095,14.6582135877,34.9998395626,1.0,4.0,40,0.8792291865140207,0.1458346143026394,0.17576329399695137,0.39613302378760107,0.22986612377647142,0.6218447073846364,2.5856747797642923,0.08704101900525486,0.9115687412022057
1821296,5.0,1.8,6.0000039994,1.9251411327,1.855527149,12.2102658933,35.0000001571,1.0,3.0,30,0.8755718461693446,0.14528542459225074,0.3299638821844341,0.4269970107881019,0.29791339672368655,0.3893446296613671,4.640548787263166,0.0891702083013726,0.9092293532008517
1826834,2.0,1.4,24.0000002656,8.9445782431,6.7521582657,6.9800152989,12.8734274475,1.0,5.0,20,6.5331777946436045,0.26915272110258776,0.3498287961762666,0.4055766730836277,0.2986940228674546,0.4113424224199187,3.0368252203146597,0.07488568903334934,0.8976296588576457
1836628,3.0,1.5,24.0014551583,29.9178020417,19.0436406,13.2691604054,35.0000023182,1.0,4.0,24,4.890652580853213,0.20299907144638413,0.38301036519178133,0.42448795541522694,0.21236092741830953,0.6194213903082915,2.1123341549261525,0.014860453307369677,0.996857392968022
1836693,3.0,1.5,24.0001158171,4.228418058,3.2836820283,15.901656284,34.99999916,1.0,4.0,24,5.512810430530378,0.2287566908229581,0.36651389377748966,0.4328756985983251,0.20150107464716474,0.627862044057462,2.2092077097607663,0.02962040267186091,0.988730526416656
1841479,3.0,2.1,24.0000003103,6.1300251577,4.9198260493,11.2089245257,30.1789864317,1.0,3.0,18,4.720639097125682,0.19624365773083555,0.29503760772612175,0.37866122467236624,0.26790783230650045,0.39889797757208095,3.2434256381571838,0.04287849207554464,0.9738857057036037
1848895,4.0,1.7,24.0000001852,2.7897106299,2.1675794565,11.9737393745,33.502533615,1.0,3.0,24,5.151419547022946,0.2141637450755841,0.302521232630275,0.32329777884157096,0.2415331549311796,0.5407578272998028,2.303764784164992,0.05230813478035231,0.9643596188445954
1851606,4.0,1.4,23.999999541,5.8536303078,5.4313312077,13.1526218067,33.9099187526,1.0,2.0,16,4.299370430255354,0.17924296297359818,0.2643798738459079,0.3258026525990984,0.30242120749398355,0.35326444146879465,2.936729775021271,0.007842892042697985,0.9990172755297072
1854549,5.0,1.5,23.9999999224,2.9339509459,2.6000963662,16.1755020907,35.0000004504,1.0,4.0,40,3.5451538927758173,0.1479579008787457,0.17311020001592442,0.2463076421671341,0.3631568990778094,0.12060791967122457,10.37852462462132,0.032765467412477954,0.9839388879700858
1856039,5.0,1.3,24.0000001579,3.0237438888,2.1421176186,12.9191291948,35.0000004498,1.0,3.0,30,3.5468212601531413,0.14809460288785378,0.22781421842234362,0.2579909764714242,0.3431377272786265,0.22446176127877038,6.312717979697121,0.037418006104213315,0.9818990558458515
1856583,5.0,1.6,24.0000000446,3.4684338072,2.9077799757,8.6479833145,19.3735285834,1.0,3.0,30,3.8281794433713707,0.16009478759796913,0.25690160487234714,0.3706290789231844,0.34578905779560776,0.18444505190146512,5.840734693658442,0.06406853197011711,0.939960233528894
1872066,3.0,1.4,11.9999999785,3.2477258577,2.6689873639,12.9198867063,28.2253767972,1.0,4.0,24,2.7347730259829333,0.2274734668466153,0.27518541827953485,0.3488895575994788,0.36001498960682177,0.3273523995894157,3.6950559010101847,0.08407704017744366,0.9069150366236545
1886120,4.0,2.4,11.9999999204,2.5293808732,2.116115202,14.5032316325,35.0000006021,1.0,3.0,24,2.278989062696395,0.19237004989050857,0.3283951579111469,0.4266673638723642,0.31783554428715804,0.339402568145168,3.939597691158257,0.08914402906341144,0.9066409709647996
1893882,5.0,1.1,12.0000260654,3.3517858474,2.4316495182,13.4453530458,34.4055943851,1.0,2.0,20,1.7848864928773949,0.14870568668044268,0.19654170706080099,0.23361016951027558,0.27562145720965503,0.4800733967138298,2.472885192112143,0.03225261480219022,0.9837784839428071
1894960,5.0,1.6,12.0000121386,5.3941208575,4.5560706564,11.2840074918,27.5167091445,1.0,2.0,20,1.7888938526404257,0.14882263699224957,0.2341327919598027,0.27754717654815186,0.3409658126090529,0.23354556260096448,5.881758683667294,0.024899475587970805,0.9911089176734013
1895847,5.0,2.0,11.9999992872,2.0165894889,1.7826947385,14.4099880963,35.0000020424,1.0,2.0,20,2.1431564807260157,0.17839647353806135,0.47153783086445084,0.48142272139395476,0.266929441168477,0.4273660698272926,2.9239478194070228,0.03286157092497801,0.9832181381575673
1907269,3.0,1.2,8.0000298666,12.9861989079,12.126906484,5.8437560816,10.5292619256,1.0,4.0,24,1.699096106862797,0.2113121036913391,0.23296308703184487,0.30311988323001354,0.32144336101209825,0.25153010100379114,5.075481599401757,0.04658175300839242,0.970007130088546
1907475,3.0,1.3,7.9999999346,12.8678149781,9.3556818636,7.8459059848,16.093490303,1.0,4.0,24,1.7091578879583813,0.21645290730027056,0.2175631365707201,0.2923912273377949,0.3774407840128401,0.1871173853860727,6.137344930333114,0.037110404722456435,0.9785362448698177
1952403,4.0,1.5,5.9999995735,2.3112572501,2.1967195953,13.7994727839,35.0000006282,1.0,4.0,32,0.9571417807683689,0.15910793153026892,0.25966075820662793,0.3520907754453283,0.33423863182158947,0.061953794730266666,12.204225138361082,0.09781357971687388,0.8994482809223705
1960314,5.0,1.1,7.0233137656,2.8020892804,1.9251900094,10.6937406487,34.9988040149,1.0,5.0,50,0.8988164101140758,0.12914405401549092,0.1257687821439857,0.17947458692160023,0.18513606361916618,0.7232299372342637,1.6836823803259622,0.06253789503100148,0.9537830469358685
1968931,6.0,3.1,24.0000060838,8.6176826548,4.0087144431,11.9042764956,35.0000055763,1.0,5.0,60,2.828069381220344,0.12169302160155851,0.20188137021064728,0.3391595134827824,0.40362681379815657,0.1103259105616161,9.368297507931201,0.14089508106818752,0.8244152532640492
1969175,6.0,3.4,24.0074472423,5.1230910411,3.8583917016,7.868347424,35.0000191968,1.0,5.0,60,2.62617233231238,0.11130653869320678,0.12432983085307199,0.1589633363113834,0.4088280685116571,0.08945826121851169,9.839145267502722,0.1407352376984368,0.7969942315942903
1969176,6.0,3.4,24.0000009494,5.4788900921,4.1419612203,9.4234621685,35.0000104837,1.0,5.0,60,3.456506236762435,0.14525230006172585,0.13985554008573173,0.2903768680432092,0.41970481689951605,0.08120616804871617,10.630225655524905,0.11037385174198353,0.8583666252127238
1969311,6.0,3.5,24.0000003766,8.5463279654,4.6924400613,10.7724776752,35.0000017229,1.0,5.0,60,3.531576116067943,0.15132047426503203,0.22895434780445637,0.31298616561552867,0.42768963207022465,0.051901000174631715,13.086990390393044,0.19113587532552756,0.6275974924398099
1970299,6.0,2.5,24.000000107,1.7065839314,1.6460610809,15.1083137032,35.00000023,1.0,4.0,48,3.5956744313122204,0.15032067033094734,0.21731568707497617,0.3230452414043729,0.33414669685457155,0.32230638413759327,3.5398001308197107,0.0573291642768516,0.9580069460841093
1970412,6.0,2.6,24.0000002319,3.6635917677,2.3429624073,12.2820700225,35.0000005889,1.0,4.0,48,3.924514879312634,0.16628370078404414,0.23793774809983326,0.33544907959369846,0.37411543885325843,0.10874157742289742,8.663237632463032,0.07390852630228845,0.927697980999314
1970427,6.0,2.6,24.0000001185,3.88605548,2.6884951844,12.2698700773,35.0000001757,1.0,4.0,48,3.7343273454977557,0.15816441951872545,0.25235696241605876,0.29358417277220616,0.38416821870788503,0.15067267195732295,7.070400869674382,0.07359395135318102,0.9288133736238228
1970553,6.0,2.7,24.0000001205,4.7005007403,2.8819415211,13.9559178432,35.0000005035,1.0,4.0,48,3.5711441291316137,0.15218376541103612,0.2092078669251285,0.2659839959673077,0.3883132557096194,0.09158708295896954,9.295486672452471,0.025953576268242455,0.9905255111315315
1970577,6.0,2.8,23.9995172173,5.9863368782,3.1943596549,7.9234192152,35.000013405,1.0,4.0,48,2.4282364303212636,0.10441658521722166,0.12962963953356796,0.22785985528354025,0.41135217644734995,0.06642736292365278,11.416242484346418,0.09803496761642835,0.8983851560466095
1971023,6.0,3.1,24.0000011299,5.9784647077,3.762246161,12.928029911,35.00000007,1.0,4.0,48,3.5610250127258722,0.15176634387361743,0.32130884661529135,0.5245590691563456,0.4000957279973328,0.18859458757027497,5.651480928606604,0.11146982197449744,0.8713016076406722
1971503,6.0,3.5,24.0000001752,8.6989664873,4.7542534497,11.7755367572,35.0000003149,1.0,4.0,48,3.872631166276171,0.16625836151446902,0.281020396906612,0.28995087700286654,0.4164672663425215,0.017807265937956517,20.573287680405198,0.10164344031621363,0.8808738089806588
1971507,6.0,3.5,23.9999999016,2.0004741361,1.6637871069,12.3523551319,35.0000000969,1.0,4.0,48,3.7682369068094563,0.1576750637075174,0.27801894190855864,0.3107928972188779,0.3317865028102421,0.07933283033988632,10.844055500947162,0.06597433046437401,0.9450015759269773
1972229,6.0,4.1,24.0000000084,11.1743845152,6.5251440233,15.9820492388,35.0000001052,1.0,4.0,48,3.5400153038216073,0.15185061306730285,0.28640735196718875,0.3374023666109022,0.4210900122626403,0.10349130718479509,9.675291640167098,0.13617193757834276,0.7541470956630327
1973204,6.0,2.7,24.0000000648,1.6948526146,1.6093900908,10.5795152231,35.0000002159,1.0,3.0,36,4.281425199723215,0.17903974989196453,0.35172186000188954,0.3942158978949268,0.33040234292807574,0.24607946512786896,5.379768191911121,0.03406290339346659,0.982563036504406
1973589,6.0,3.0,24.0124213391,5.5544839963,3.6014933408,13.6963606693,35.0000146283,1.0,3.0,36,3.5334248259172014,0.1492185615318706,0.3215377336414946,0.3718214497847326,0.38778941317702015,0.09959137087448829,8.91244229941926,0.05187241061636908,0.9595082535687367
1973808,6.0,3.1,24.0000001057,1.8477216761,1.6296613765,13.2611655552,35.000000306,1.0,3.0,36,4.248307879058362,0.177431853404024,0.3434450086166765,0.4132913062309934,0.27659254442514375,0.4122927780360612,3.2990786264320118,0.08452885621723058,0.8965977387337721
1974924,6.0,3.8,23.9999998908,9.718182392,5.557374404,12.9250245534,35.0000000819,1.0,3.0,36,3.5943158609419488,0.15342321938111253,0.3178129387049926,0.4769658245677096,0.40956461638920016,0.05939014826885687,11.724084921416338,0.11592746254440509,0.8419127036385667
1975045,6.0,3.9,23.9999998542,10.4772989506,5.9758959418,13.2676656406,35.0000004102,1.0,3.0,36,3.639145364604027,0.15469173674304718,0.31714670240533493,0.33016121463886844,0.4243566447245885,0.1519670223840261,6.109326785896886,0.11262679504694632,0.8664128378284447
1976169,6.0,2.5,23.9999995412,2.8260499879,1.9741238018,12.6026274167,35.0000007912,1.0,2.0,24,3.7231705382724405,0.15491286929763207,0.319418872642578,0.3574655814984503,0.2356806353202206,0.5230762768105526,2.6135795694560495,0.010121966145332928,0.9983647540039177
1976590,6.0,2.8,23.9999997788,5.587248977,3.5733621063,13.6198405839,35.0000013499,1.0,2.0,24,3.565377548826478,0.15001046678125354,0.39032061267116,0.4254382058492124,0.36179029288863884,0.31168628764723916,3.428488732056267,0.047659009452822164,0.9655393065984684
1977096,6.0,3.1,23.9999953406,7.8548640661,4.352013522,14.3625538904,35.0000028225,1.0,2.0,24,3.578208998700132,0.15116445117865535,0.371540467778993,0.4013803110845648,0.39108395186174105,0.223960895612877,5.463933302715689,0.060509310509895206,0.9461605570479397
1980528,7.0,4.1,24.0000024537,1.7736287691,1.6346447012,12.1014260816,35.0000024954,1.0,5.0,70,3.560137585673881,0.15005766883136862,0.18278939800273283,0.270158055964941,0.3542313877276153,0.019026086292856355,29.132466127993137,0.0930989725271555,0.9010120325856885
1981017,7.0,2.7,24.0007529011,4.3882803425,3.2930893537,11.354681013,35.0000013692,1.0,4.0,56,3.471708567081534,0.1484192276809189,0.17839642216075977,0.2831033526574602,0.38021100607960673,0.030752933680349034,23.21416516589358,0.08350180221383785,0.9225839223315535
1981145,7.0,2.8,24.0106340586,2.6159201606,2.1848649056,13.6087768238,35.0000557575,1.0,4.0,56,3.5320557478187418,0.14765126961707517,0.22041966227781787,0.2968524322875988,0.3721087718397393,0.02311900856789223,24.693553722732986,0.06302779844377752,0.9517557545482991
1983033,7.0,2.6,24.0000084128,1.6375623854,1.5706634892,11.6871209442,35.0000012168,1.0,3.0,42,3.571275774712873,0.1489706298050686,0.2695380413901492,0.3833238280424936,0.31850843210841434,0.37846504505106754,3.5585548460202294,0.05036534134620647,0.9682170236320806
1983200,7.0,2.7,24.0000004565,1.8633962597,1.781211766,12.8276422824,35.0000002156,1.0,3.0,42,3.584990496439192,0.14985920993566929,0.293680865367122,0.3362055009359527,0.33409365446181144,0.05714604236525968,17.010630045304246,0.021743668340558648,0.9935223712444965
1983464,7.0,2.9,24.0000002803,2.1429905956,1.9135306166,10.2178311442,35.0000000148,1.0,3.0,42,3.591543413679879,0.15035516546082994,0.315146291074459,0.3602026481291848,0.3636288540782563,0.10635308443177503,12.254518836898159,0.041679601075648845,0.9781780632723175
1983700,7.0,3.1,24.0000074141,3.7495734446,2.6535846393,11.750285078,35.0000025736,1.0,3.0,42,3.5824487153567826,0.15116241653719703,0.3203012859306218,0.3804338805732368,0.3564885630527988,0.10694452181411904,10.95447004272302,0.08562646502619993,0.9141569835653356
1983961,7.0,3.3,24.0000006893,4.8652368108,3.0059846202,11.5315546216,35.0000137696,1.0,3.0,42,3.5631851153986602,0.15159583966305806,0.29854752671232887,0.31608805588505284,0.37953681323325555,0.03715019736047054,18.289889239523212,0.036522825596285786,0.978886395016463
1984568,7.0,3.7,24.0000000086,7.1527029335,3.5756553238,12.6388554215,35.0000000312,1.0,3.0,42,3.5902987399418773,0.15503739235802688,0.3083566825465214,0.3311398480784516,0.3615408520978067,0.12565238561044967,12.515278429151982,0.06398186254842748,0.9480613767401128
1985360,7.0,4.3,24.0000002343,1.8807456273,1.5951162657,13.1790348415,35.0000002606,1.0,3.0,42,3.6270312217677843,0.15177019227081565,0.31702042185492524,0.39302001584969615,0.3189753957509621,0.07791304540324918,16.077799078777126,0.04747294973044646,0.970732230050559
1985616,7.0,4.5,24.0000003344,9.4680899866,5.349467618,13.8843063107,35.0000004859,1.0,3.0,42,3.5811815561736813,0.15317740538548175,0.31022758294602,0.32818534205556693,0.38829867810804836,0.16533383489993717,7.766048534849395,0.08868270364683879,0.9138848507850943
1986143,7.0,2.7,24.0000007186,1.77666838,1.5364601571,11.8776270768,34.9999993114,1.0,2.0,28,3.597838744855103,0.14995335913923485,0.20585347025822834,0.2827650740304372,0.27216320884364487,0.4613186857691647,3.0514307910437632,0.06303937338169992,0.942522938565627
1986156,7.0,2.7,23.9999999529,1.8394605148,1.6722550538,12.3374633991,35.0000001567,1.0,2.0,28,3.9288355072092567,0.16421224445941074,0.2985542676769702,0.3420134744557622,0.33524297129481,0.27499680869712734,4.582233022876549,0.0032222336253946438,0.9998373700827619
1986368,7.0,2.8,24.0000491822,3.260019679,2.4168766901,13.0396987651,35.0000065315,1.0,2.0,28,3.5901964524981422,0.15070973723078485,0.39734121177056875,0.5140007665350964,0.37417988960063386,0.0636512840924574,14.639380712661966,0.04384858592802352,0.9730065493317009
1986894,7.0,3.1,23.9999990211,4.2343120866,2.7274525455,11.6716041112,35.0000010282,1.0,2.0,28,3.6409775335678987,0.15375915395991707,0.32989363843287967,0.34821220066411634,0.40885141962006605,0.051358081830787085,14.104343748697806,0.013597955927821733,0.9968229700609939
1987091,7.0,3.2,24.0000002601,1.7075524711,1.5274688755,12.4514800521,29.6605168635,1.0,2.0,28,3.5892565788853124,0.14979862851432568,0.2957093841610686,0.32430683712524655,0.3225958340880101,0.24275087207646326,4.292341192571862,0.06433001195180212,0.9400950435759008
1987238,7.0,3.3,24.0000030807,1.9510145788,1.5917994345,11.6814311452,35.0000015564,1.0,2.0,28,3.570113548592628,0.1489216322821697,0.39072899612676304,0.40686725369056037,0.30083764847279526,0.4343234412793962,2.86668606941256,0.04534327942234143,0.9690947220916721
1987996,7.0,3.7,23.9999993205,7.6152776102,4.1216799522,13.2943195955,34.999984949,1.0,2.0,28,3.5902127006358966,0.15318807155906464,0.3357245911861761,0.36550490152363974,0.3926720952307093,0.010285135089449227,31.242816423737114,0.03104320999249684,0.9867364371314677
1988084,7.0,3.8,24.0000401034,10.2587131331,5.2861525576,11.1223109836,35.0000023477,1.0,2.0,28,3.5740048748571396,0.15043867905990235,0.44089587375820555,0.4613269626782254,0.3889698620922212,0.009464904438819461,31.565461605301934,0.0629842752939535,0.9519204627719866
1988211,7.0,3.8,24.0000014474,8.7512302149,5.0660958938,12.2154291935,34.9987206286,1.0,2.0,28,3.602031197491656,0.15543506254876238,0.3904492469447683,0.4182242033758781,0.3841997001904082,0.0767602819988312,13.434499953402026,0.05411287031662424,0.9590668747956491
1991816,8.0,4.2,24.0000271993,2.7384605529,2.2801067376,11.0761123912,35.0000056518,1.0,4.0,64,3.5574077792436847,0.14913718594248748,0.21955261329316544,0.2475234164873339,0.3905802323688702,0.0915480304567737,8.432723187431959,0.11942281366584676,0.8477021558443574
1991944,8.0,4.4,24.0001186647,2.3750802237,1.84184894,10.4404808702,35.0000007426,1.0,4.0,64,3.572702430899066,0.15035208019391857,0.15639144307379554,0.2908839800971608,0.3635096889805904,0.20565146495266964,5.94732657654406,0.08745612394387241,0.9137659935935686
1992228,8.0,2.6,24.0084271389,4.3856687232,2.8044648025,13.3287418014,35.0000268029,1.0,3.0,48,3.5867080533241738,0.14798092137022,0.22755975080224053,0.2627780764447528,0.31967634957344987,0.3598758490410129,3.1871146548529166,0.09895769290276982,0.8848662532200787
1993559,8.0,3.7,24.0001680367,2.5118688262,1.8645483395,10.70562546,35.0000044306,1.0,3.0,48,3.5584595180834566,0.1498369928679351,0.24270759310107234,0.32943339813507805,0.3466239959234902,0.2776728401944361,4.324557260985778,0.06893086761803936,0.9393307722045633
1994178,8.0,4.2,24.0000026653,5.5313898947,3.2829283112,11.8247487928,35.00000232,1.0,3.0,48,3.6029543353964897,0.15369092086917213,0.30590497045059245,0.34453487244194453,0.38629154012508204,0.015643041189939838,20.104489774616106,0.059062813650383496,0.9527021341747538
1994309,8.0,4.3,24.0000018703,5.5762626901,3.4006544695,10.4881212046,35.0000026874,1.0,3.0,48,3.5906877060188966,0.15275210725201688,0.27098876535214306,0.36301020632274045,0.3922765298319754,0.04504418288578804,12.322184563196377,0.12545734974782893,0.7765092076934509
1994380,8.0,4.4,24.00012021,7.5718498002,3.878381161,9.7949470908,35.0000036835,1.0,3.0,48,3.5763478546652383,0.1513935316338048,0.2969214276987751,0.4085004956994827,0.43861753116493457,0.02919813646738967,14.86156549990346,0.1207204490070638,0.8533631846928679
1995066,8.0,2.7,24.0000897219,1.6872315812,1.5149587519,13.6515521005,35.0000002209,1.0,2.0,32,3.578923240811396,0.1490577238672274,0.41676483661267716,0.4201032714929465,0.24307112275348242,0.5148322964421911,2.4672392797770937,0.033914226176115315,0.9820919213283973
1996104,8.0,3.3,24.0000005174,1.7630104181,1.6034897547,10.9675408386,35.0000000209,1.0,2.0,32,3.591074787617083,0.15013376321479352,0.28017872389013687,0.394149346945522,0.33226520541989046,0.2742622743867399,4.018146970672796,0.0003188986564576337,0.999998372862322
1996122,8.0,3.3,24.0000133596,1.6234597839,1.5715001956,14.5988144971,35.0000003766,1.0,2.0,32,3.5886147266565853,0.14982867461034716,0.2698630626934808,0.33419993951307386,0.2919670913760867,0.31454310149916476,3.482594759206042,0.06415561716101409,0.9400801873136483
1996321,8.0,3.4,24.0000029235,2.4263263029,2.0161313705,12.2290059069,35.0000020717,1.0,2.0,32,3.585447797267709,0.15051705303685026,0.2782260651131824,0.33918493652026993,0.33131276677880706,0.22243418397229964,4.974721741330237,0.09533437675650325,0.8807508286388046
1996625,8.0,3.6,24.0000011302,1.8850870234,1.5096620914,12.359201925,35.0000011234,1.0,2.0,32,3.590141140166465,0.15037069087288094,0.25657355323203446,0.3243584029528494,0.32284657450852655,0.3497168576738234,3.334918800291565,0.06235240104695796,0.943116295364466
1996774,8.0,3.7,24.000003618,3.5576373712,2.5013305311,13.6484464908,35.0000020236,1.0,2.0,32,3.586774361690204,0.15129007441290895,0.39931350595655546,0.4742865780752215,0.34887623970298215,0.2486542963446222,4.689477525554986,0.03438503331385518,0.9816050957331557
1996811,8.0,3.7,24.0000003976,2.0990557803,1.6430336043,11.5372502223,34.9999999179,1.0,2.0,32,3.5931555979368595,0.15088949439449886,0.48400267115608053,0.5366823606511221,0.3212941073605157,0.31479856429122544,3.5321303241271127,0.07466898705410399,0.9213553160631591
1996833,8.0,3.7,24.0000102116,1.53959502,1.4920624449,10.2635788185,34.999999941,1.0,2.0,32,3.5815920956155596,0.14978863012749494,0.31480960947657155,0.3335376056566313,0.3212077020847326,0.3194835614830943,3.1265874321855747,0.007119982369084151,0.9991898792914503
1996973,8.0,3.8,24.0000018245,4.0700482934,2.8215643604,10.5921681173,35.000000478,1.0,2.0,32,3.577748132497356,0.15132856983774884,0.44476645795114145,0.5485676327880129,0.35930352861787124,0.08598137478569694,9.406256380864875,0.03374040100271827,0.9822701472680158
1997015,8.0,3.8,24.0000011921,1.9850108539,1.6286878984,13.7442806821,35.0000002186,1.0,2.0,32,3.5878160525742913,0.15057143247693977,0.25133424973265617,0.32853889162315086,0.37032866760477745,0.15548134439211372,6.914104473483625,0.01948255056503904,0.9939817220032757
1997062,8.0,3.9,24.0002189064,35.4251314257,9.6761432622,10.2953139557,35.0000013814,1.0,2.0,32,2.640761646236266,0.1069014501712072,0.44513060565230805,0.4775329863719279,0.38767258876510857,0.1900720588092873,5.909396514717006,0.102494085132751,0.8659523111783178
2004285,6.0,2.8,12.0000009574,4.7607456261,2.9041704242,14.0802724226,35.0000004663,1.0,5.0,60,1.7654053991367724,0.1511018693984126,0.10326772334829129,0.13364784323064138,0.38117806218288325,0.15110181766107297,8.619834742746066,0.09302099715782067,0.8962081529380065
2007457,6.0,3.8,12.0000001742,10.8018625574,5.5725075414,13.618099059,35.0000001253,1.0,4.0,48,1.107095605320792,0.09697397268678168,0.22106944290695432,0.3103634144559482,0.38697168636495277,0.3041773427083762,3.7310511592611446,0.14675825550529298,0.7675111822080184
2007828,6.0,4.1,11.9999998113,11.3664080412,5.9477968353,14.9448425864,35.0000002525,1.0,4.0,48,0.6955937238986105,0.061422950113232476,0.2301735009849917,0.282184150518951,0.3827332955627007,0.28717481301167697,4.779466066531732,0.17015256595590458,0.7575671903630883
2008487,6.0,2.6,11.9995716281,3.6128897001,2.5831304167,12.04300139,35.0000578732,1.0,3.0,36,1.7746400731893222,0.14985119755789456,0.1442189521234128,0.2354451593897232,0.4036522006048721,0.003998266889778737,39.827940872025565,0.08596500103894564,0.9151650347476468
2010135,6.0,3.6,11.9999993888,6.4606819647,4.6573300112,10.7401344261,31.2249513195,1.0,3.0,36,1.7384728334134778,0.14577153366444548,0.2813941604364091,0.3875157513807403,0.40329026273877305,0.14777419857339913,7.337147134112879,0.10229266635733004,0.8607022992460229
2013568,6.0,3.6,11.9999993056,9.2411938506,5.2236608515,12.6292783661,35.0000135898,1.0,2.0,24,1.7674127498479717,0.1506532535923269,0.3374634589392289,0.3909739733318662,0.42283053970358925,0.1610281850900495,7.434176563640091,0.09303432677372923,0.8854471191422548
2018003,7.0,4.1,12.0000023647,8.1889757876,4.1801420763,15.0252864823,35.0000013157,1.0,4.0,56,1.7644462968451549,0.15364182786779426,0.2345290703013232,0.31914435894355775,0.3623177533565714,0.0024312874716617195,53.06715004405572,0.14192472823694924,0.8123269511660582
2019378,7.0,3.2,12.0012648612,2.2309113054,1.7402467531,9.209673137,24.2430599503,1.0,3.0,42,1.7057497058869635,0.14287952589397163,0.052447608566519616,0.0671732249540419,0.3371117386105852,0.22508055781477737,7.539171039525804,0.052296415417552526,0.9680743354092316
2019565,7.0,3.3,12.0000361856,1.7159952063,1.6099177044,11.0810916485,35.0000071937,1.0,3.0,42,1.7860574950979193,0.14976885191072667,0.25421497058802267,0.31772733671998477,0.3291189193467378,0.13963284041552285,12.737694975494739,0.0582367908890009,0.9601625615606816
2021294,7.0,2.5,12.0008966058,2.1036819691,1.7331041731,12.1463147576,35.0000086657,1.0,2.0,28,1.7874615120212785,0.14918584769546958,0.38589850941145015,0.4618661680424447,0.292963899041845,0.45042491294697845,2.7455408396502867,0.038788734318053734,0.977075962154197
2021692,7.0,2.7,12.0000454353,2.2853678647,1.8150056561,12.5788363124,35.0000021855,1.0,2.0,28,1.7927920630664764,0.15028612874721356,0.41018528693770595,0.45488848868074816,0.31110730897980743,0.33948052883285557,4.353899523353386,0.03871049674362696,0.9774787194943738
2022645,7.0,3.2,12.0000136824,3.9991143698,2.5376915782,12.8479526856,35.000003261,1.0,2.0,28,1.7742960233773402,0.15055060361823813,0.3949769731730005,0.4538298136043987,0.3733021265546911,0.13242004453187292,7.981336178626039,0.043477237902012876,0.9733061466782944
2024496,7.0,4.2,12.0000190625,8.2084247374,4.6792535248,13.0369271245,35.0000038495,1.0,2.0,28,1.807148659885258,0.15402967361267922,0.38070464533644505,0.42825448705699815,0.39193084532157296,0.18155541215480497,7.547338715439021,0.08901407986672669,0.9016823721100437
2031484,8.0,3.2,12.199508546,68.8599758742,10.6064299057,11.621065498,31.0233314021,1.0,2.0,32,1.738029222524615,0.13739768761652338,0.3612187471166507,0.3775342622690254,0.14874537053529413,0.7809141146587372,1.6663282436258013,0.03406315325395701,0.9819385739556737
2033774,8.0,4.5,12.0031647206,6.5988452894,3.8656941989,11.9731021259,35.000024733,1.0,2.0,32,1.333402239913836,0.11367138553968571,0.4189641741994241,0.47514574475499566,0.388042344233158,0.20260056001582422,5.641691606197605,0.07677153097560874,0.9174245406939782
2040317,6.0,3.3,7.9999974351,8.4694780602,4.0508368727,10.2793633625,23.7747304238,1.0,5.0,60,0.715449714145922,0.09465427831364844,0.12183744911988553,0.24714410155110156,0.35148041306751615,0.28566475656580187,4.447811351842589,0.12849226945954764,0.8429423230699
2047704,6.0,2.7,8.0000104137,6.3642405208,3.8969689069,8.0018564931,21.9949325876,1.0,2.0,24,0.8323186647439836,0.1076926579652484,0.2666330283979916,0.28806713663878925,0.4097544136701295,0.19597746779611283,5.688743807260259,0.06627101579723646,0.9364486413037335
2059165,7.0,3.7,8.0000896125,5.7838699835,3.4378559971,10.92789138,28.6912890302,1.0,2.0,28,0.8872725824359764,0.11382922622662796,0.4016576915880223,0.42944869340376274,0.3762430716124034,0.14098931595042927,10.64610002322722,0.059168548315658744,0.9564142330977211
2115647,2.0,1.1,24.0000004069,7.8679454514,5.9765117625,6.8310066051,13.2403491115,1.0,3.0,12,6.64898989480861,0.27309971861329796,0.25822806073544813,0.3698938727192292,0.28348621452198514,0.4389868661333927,3.0076069768049543,0.016940164641040097,0.9954005679989396
2116450,2.0,1.3,24.0000004645,9.7513924905,7.1634834813,7.4811259892,18.7007245206,1.0,3.0,12,7.275438146315499,0.2989072855692126,0.456853010597468,0.5926035573190178,0.2693564067524253,0.4669156027318664,2.8251344690638978,0.06446885269704333,0.9279956799948262
2116476,2.0,1.3,24.0000299706,8.7539338752,6.2894722053,6.4322863607,12.2376723854,1.0,3.0,12,7.29856638067457,0.29965339241466543,0.4307331785498032,0.47438629902872953,0.25700139435374303,0.5104482590887508,2.5300855458615237,0.0620356147782322,0.9402680230675826
2147191,2.0,0.9,11.9999943482,8.0966016832,5.6901365822,7.058333801,8.4876478086,1.0,2.0,8,3.4175475828389827,0.2786940883184354,0.3949400728972684,0.4177974702836013,0.3884522326551521,0.1317017480086432,6.414548723974574,0.02885711087232512,0.986937481481556
2151635,2.0,1.2,11.999999794,8.9622554589,6.0230356562,6.8352728333,9.710480035,1.0,3.0,12,3.505529633143572,0.2861640232371788,0.4210470416203192,0.5112142019879964,0.36163036896961964,0.2840002910202728,3.819336052293696,0.09068382575020893,0.8854346271118795
2158036,2.0,0.9,11.9999995713,7.6107274972,5.244572335,11.8052825742,22.936509854,1.0,5.0,20,2.8339315575019963,0.2326575829269114,0.25724502815005545,0.3662412721871851,0.38649936696940607,0.1518846743927034,9.123129449547182,0.11067935484016782,0.8450304831819567
2158593,2.0,1.1,12.0000000688,8.5806436216,5.7047264542,8.5304654041,22.9728152178,1.0,5.0,20,3.339319884021636,0.27081409663524225,0.25033921643356244,0.3180764682154424,0.41620696159283127,0.1708783461448106,7.070366637085548,0.12009983285518784,0.8317158905445853
2160797,3.0,1.5,12.0001190391,12.090250183,5.0999027727,11.9872585907,35.0000045963,1.0,3.0,18,2.4271855571173844,0.2047349661761222,0.4028041833541953,0.5227857168011038,0.35061884958569534,0.13741477458855642,7.605711319972467,0.04358522711736206,0.9692980216279926
2186497,2.0,1.0,7.9999560312,6.4252928067,4.9264047661,8.3070877667,10.8825286456,1.0,3.0,12,2.5196511417128415,0.30812348579561305,0.40823924784684684,0.47776233586001393,0.298302677628673,0.3905426615455438,2.7950066137158456,0.041725395350028435,0.9765439763916599
2187239,2.0,1.2,8.0000349266,7.0252255381,5.1454326457,6.8698595249,13.5993812483,1.0,3.0,12,2.1992148012477037,0.2696953419646702,0.335621265973397,0.4220072318194961,0.3627262524166358,0.26159000103340485,4.247297946568283,0.03660205526002925,0.9798057405883922
2258826,2.0,0.9,23.9999971439,15.3776650431,12.5230594295,5.0798190052,6.2276502891,1.0,2.0,8,8.081937370941978,0.33498042301193104,0.4159855554179856,0.5293507445336587,0.3585523565300553,0.22290982949664856,4.558861525581674,0.05214551253786238,0.9591633473686906
2262053,2.0,0.93,24.000002097,6.3630270219,4.6932272868,7.8914062902,11.0654924323,1.0,3.0,12,8.084020560326879,0.33213154470684775,0.4015364671919197,0.4324153937268117,0.2922228003501538,0.46161271817637445,2.5978711271527906,0.09738396623362776,0.8774049958479839
2263414,2.0,0.98,24.0000000545,6.6460346537,5.1908345973,4.9061750402,7.0085326764,1.0,3.0,12,7.991617917932702,0.3274443618693441,0.36249988219279405,0.4167939023456801,0.3451239535104222,0.3263159083807086,3.2664450969364376,0.077215072078224,0.9292252099434045
2291244,2.0,0.96,11.9999990044,7.5134647823,5.3570232814,7.0750484262,10.0182459069,1.0,4.0,16,3.5938756850514957,0.29379685171775677,0.27889973449300287,0.328864269556915,0.4045699697978261,0.2015404484877143,5.993381474109701,0.11756698316057107,0.8562853330642084
2292778,2.0,0.97,11.9999575436,5.4691146956,4.4126831495,7.3671232171,14.1753059356,1.0,3.0,12,4.426769941579298,0.3616214724529825,0.4102924353559294,0.4695424358838546,0.2915304519503508,0.4148087113278411,2.8336476789007015,0.04577905089820657,0.9650146690528936
2300745,2.0,0.99,12.0000114866,6.0729712188,4.6026077877,7.2923740298,15.3083575925,1.0,5.0,20,3.229584093167204,0.2636483006440159,0.32510852215381086,0.4362364540662955,0.3033185875335759,0.4068584224868925,3.029298802426627,0.10174202856687935,0.8779910226603322
2324964,2.0,0.94,8.0000383653,5.6747058928,4.5176358563,6.4092522592,7.6486653501,1.0,2.0,8,2.89413830264271,0.35433017798694255,0.4275349228133508,0.44349610127345185,0.29858598926343655,0.3880495910537076,2.902450331058072,0.04151391905285471,0.9735219487331047
2327106,2.0,0.96,7.9997552831,6.3460130484,4.8665798469,7.0519718176,13.8715943993,1.0,3.0,12,2.1188420440395603,0.26085569373184403,0.42306605620582904,0.4678411368586319,0.26706090440224173,0.4457559354474149,2.5679685795196168,0.026722803326490553,0.98955871635951
2328973,2.0,0.97,7.999876505,6.8389709037,5.0678306943,4.840410167,9.3518190325,1.0,5.0,20,1.9523891293727182,0.2395530523845146,0.28820655793579497,0.3532009650257332,0.30277070259732786,0.37536792177710576,3.233186045949094,0.04223315620780507,0.9763140672293055
2328994,2.0,0.97,7.9999997823,7.4189455577,5.0341911712,9.5510169373,18.5788748751,1.0,5.0,20,1.9814274374833185,0.24261461901419004,0.2712545908342082,0.33957012234639977,0.4096331793494198,0.2558118833566918,4.766663045673543,0.16503784073056574,0.7539398170789606
2332502,2.0,0.92,8.0000843997,8.210465281,6.3753343047,7.6963755161,14.0452646852,1.0,5.0,20,1.4679485742936578,0.18180055737105355,0.26646000032955747,0.330111285958035,0.26808606776453336,0.5085137564544789,2.3814243400319515,0.07379448773049242,0.9381252755521734
2362093,2.0,0.95,5.9999731066,6.2572251373,5.0132526119,6.6053757282,10.5641835117,1.0,5.0,20,1.5324662423466244,0.2472069841643383,0.29493008148377253,0.33182793529351157,0.3376972792862625,0.2877125210635846,3.7531578099282332,0.018972533418753382,0.9930019896521662
2362839,2.0,0.96,5.9999993074,9.7687668837,6.5371937437,6.7697197496,9.5294144533,1.0,3.0,12,1.9820840347512974,0.3187472697962492,0.3056168932036878,0.43354346525697063,0.4331165671418587,0.13511576222406224,7.424868668295029,0.0684918974839217,0.9194439653827945
2417717,4.0,1.5,23.9999996003,7.7354095853,6.7491972916,7.8904327441,14.5305788585,1.0,3.0,24,4.848303256450322,0.20263291101762207,0.2106223860475196,0.3263393618733973,0.3599657632649079,0.23130892940417264,4.72337634293245,0.04116827296332209,0.9737910142656476
2425037,5.0,1.1,24.0000002613,3.2903418912,2.1149095267,12.9056265247,35.0000003638,1.0,3.0,30,3.5758825579901967,0.14927568754924733,0.22690866785276106,0.27571693346109144,0.29865542541943013,0.1768844966853542,9.828537863194436,0.06237632815200993,0.9462458496074491
2427609,5.0,2.6,23.9999998983,1.9776566233,1.7311630027,11.3300481503,35.0000002864,1.0,3.0,30,4.3393050945412375,0.1815341194164922,0.38728101464346604,0.5488838790330389,0.32251746499178174,0.09174814523258568,12.941861084587513,0.03929535981408937,0.9804141355359614
2428526,5.0,1.5,24.0000009259,4.0042766291,3.8231216246,13.249247083,35.0000004116,1.0,2.0,20,3.589863941319666,0.14952005669180088,0.29369989049108386,0.3341163754430228,0.28769730273017396,0.3511374851557416,2.941928384660617,0.02609282468671978,0.9893107692014411
2429625,5.0,2.0,24.0002300779,6.5477368516,4.5598320663,13.263246468,31.2011011374,1.0,2.0,20,4.029811676424221,0.16964263491090392,0.3060261126988556,0.4297835135203183,0.40110548163316706,0.09412515653810236,9.305538289366073,0.05144199920368568,0.9603921566088829
2441815,3.0,1.6,12.0014828666,13.8499400033,9.8641257807,11.9138376934,35.0000007602,1.0,4.0,24,1.8318236087022053,0.15223714972187574,0.3464238885492555,0.4109617906712706,0.23418840313239506,0.5604868839617427,2.2427979638905855,0.01496637797580762,0.9965495888615094
2445074,3.0,1.4,11.9999996158,3.1141362268,2.5992292581,8.8767616636,22.5370621139,1.0,3.0,18,2.9070517375103697,0.24146090462818762,0.4173785207163544,0.5114599789958404,0.338574783196002,0.32270555291095543,4.058586323408439,0.10047889042837373,0.8838348405028578
2445239,3.0,1.5,11.9999992321,3.0638624086,2.5854013895,8.3329530772,19.259640564,1.0,3.0,18,3.1179274401959622,0.25925956316651677,0.3488113123790674,0.41533929389801355,0.3619209762879495,0.11769315430238415,7.687088838473014,0.04583921689916114,0.9689528439616159
2447537,3.0,1.3,11.9999989709,13.1318592002,10.8413765804,7.3955994279,9.5367494181,1.0,2.0,12,3.042836098709614,0.25507803223323483,0.25555596146867693,0.25804360393372594,0.3436133310853919,0.2864773118229529,3.297071066138668,0.002996181467058118,0.9998563972853224
2453253,4.0,1.5,11.9999988903,2.2193549399,2.0468482599,11.1917560477,34.99999995,1.0,3.0,24,2.1889663398451638,0.18226084390823954,0.34951147017229545,0.3827307763959633,0.29288191992034485,0.3979176127451044,2.869800767723137,0.042735068981809315,0.9753093579741526
2461576,5.0,1.7,12.0017743275,5.7264515958,5.6280259249,15.7419802127,35.0001407977,1.0,3.0,30,1.7762770669812498,0.14750077874478376,0.2887530562588847,0.36734636159903333,0.20941947179485088,0.5955959221807501,2.0845940063735884,0.03539087133727429,0.983345283100649
2465759,5.0,2.3,11.9999790242,7.9143502171,4.1799507469,11.2232875819,22.3630631883,1.0,2.0,20,1.7888318508989667,0.15202507821342842,0.3055158248195636,0.33423831191577835,0.40847672713011723,0.17821207046757656,6.618275740642939,0.026453267678629794,0.9905695186475032
2485498,4.0,1.1,7.9999997937,3.5548093184,2.6069685545,8.5923485494,18.4392749132,1.0,4.0,32,1.1626947048799336,0.14511555061480855,0.11981241793129213,0.17331870834315838,0.2865176112061793,0.41004808902528056,3.0929205888688767,0.032420505604898835,0.9864483477761573
2487574,4.0,2.5,7.9999964913,13.9703038068,6.5498548942,12.8250291564,34.9999997034,1.0,4.0,32,1.1724109039523296,0.1538629338752479,0.25329692272617366,0.2993823039362889,0.43476304364088997,0.02018520298455895,19.865546313250206,0.221313247597969,0.6527555646144152
2488091,4.0,1.2,7.999998902,4.3183951715,3.1976056092,9.7332209696,16.116341817,1.0,3.0,24,1.1840231310752025,0.14793965091412706,0.1612974181873516,0.1894106212285277,0.32236568212531874,0.26057692466952315,4.749356425503108,0.013740667071843933,0.9966299647608765
2493104,4.0,2.0,7.9997449921,2.8704216404,2.4084387363,10.140249406,16.5849253403,1.0,2.0,16,1.6429344381884294,0.20875702667862367,0.32704414154387573,0.40674136243074616,0.3060598084207694,0.20692872657604128,5.9528299387278425,0.05212657529640833,0.9591911807108929
2502284,2.0,1.1,5.9999992041,6.3049350267,4.5318002964,13.6775285003,25.5954286163,1.0,5.0,20,0.5972726454398226,0.09773822810964522,0.2691067288993124,0.38473135528112196,0.37586140013204,0.24428502574039135,6.303783415057545,0.1274273868238939,0.8396351423591755
2518816,3.0,1.5,6.0013749401,4.6118278707,3.5870733221,6.012447878,11.35228384,1.0,2.0,12,1.2627720743729105,0.21038322566670503,0.4095920723266839,0.4247498602700198,0.31763046824994257,0.22399481454129716,5.6152412313790965,0.006437392797929234,0.9993376183803204
2530389,5.0,1.2,6.0060721031,1.7855299859,1.6027313382,11.0482534571,34.99972611,1.0,4.0,40,0.848646131931955,0.13875886955488664,0.15290804145963705,0.30327399062685667,0.19037511546628835,0.719862791057825,1.821004061096104,0.0566138678732459,0.9569081664934596
2557281,7.0,2.8,24.0001643796,1.8470898959,1.4621123379,4.7215419216,10.0000220482,1.0,1.0,14,4.482698729704373,0.18635237055246104,0.3046792366804924,0.3046792366804925,0.3414518739452668,0.3605633405001423,2.8851778733107287,9.668697237815032e-05,0.9999998808630582
2561058,8.0,2.6,24.0001216007,1.5335319121,1.4174055576,7.0981331662,10.0000052685,1.0,1.0,16,3.5937547926963007,0.1495165421249114,0.17090498567602236,0.17090498567602244,0.3903567877939418,0.2808881176626107,3.5650536761332385,8.210712408703455e-17,1.0
2562466,8.0,3.7,24.0000587149,1.6332324592,1.3368919965,6.535283633,10.0000092818,1.0,1.0,16,4.093094340761098,0.17046790125149525,0.14686674942315228,0.14686674942315237,0.3951873533348857,0.301183395510147,3.3707273896524605,8.355141617929236e-17,1.0
2582851,4.0,1.5,11.9999505295,2.6700863297,2.0552797566,5.6397085229,10.0000211154,1.0,2.0,16,2.336285500932398,0.19374863804759893,0.3274554372881259,0.3868597651217866,0.27588796976655516,0.47201890007033354,2.6627666511017822,0.04949860385683996,0.9629787180100544
2588494,6.0,2.8,11.9837904434,2.3716692729,1.7819341178,6.1761382827,10.0001905708,1.0,1.0,12,1.8035114826751435,0.15447003568968953,0.12889537379099672,0.12889537379099672,0.22803689411306116,0.6082116820059681,1.8775311857794872,1.4618351576238345e-16,1.0
2596661,8.0,2.6,12.0113499553,1.393761427,1.3161717855,5.4071641259,10.0000940669,1.0,1.0,16,1.7963072394073099,0.1480411162685035,0.066329483173028,0.06632948317302803,0.3262816924792409,0.4081607414598136,2.4927445714329908,1.0682088013654963e-16,1.0
2630694,7.0,2.5,8.4654176424,1.984710166,1.6877803903,3.7728293453,10.0000282153,1.0,2.0,28,1.207321888303893,0.13020186542494555,0.02288200012955504,0.0295356379259446,0.292606743326953,0.43796256921015436,3.5953254837528132,0.004546495965287775,0.99971136446517
2632206,8.0,2.6,8.3337356258,1.3945602768,1.2597512672,5.4373358414,10.0017536456,1.0,1.0,16,1.211628342005652,0.14065428066499264,0.18535807160235457,0.18535807160235473,0.3097417883850658,0.5046506049718131,1.9695466108217208,8.0658542425378e-17,0.9999999999999998
2632243,8.0,2.6,8.9117522789,2.068202544,1.7212769578,6.6519867119,10.0001057073,1.0,1.0,16,1.2305559245755038,0.14488994583885273,0.09967362646618878,0.09967362646618884,0.2441733875928822,0.5153414807289233,2.3078143087885477,7.025221272427211e-17,1.0000000000000002
2659427,6.0,2.6,5.9984920345,1.553151879,1.3794656826,6.1593122881,7.4506526075,1.0,1.0,12,0.9948844098580181,0.1626078518277147,0.2941756857934357,0.2941756857934358,0.3494314917708954,0.36296106663692396,2.755593246209553,5.644646414835684e-17,1.0000000000000002
2696682,7.0,2.7,23.999520491,1.8493161151,1.574147812,6.4551990381,10.0000185568,1.0,1.0,14,3.8266452379170657,0.15930122567591426,0.2664076969963922,0.2664076969963924,0.3784348251605299,0.26422752428546636,4.010966784596899,0.0028050528552877488,0.9999006409879824
