ID,nfp,symmetry_class,aspect,a,R0,n_coils,nc_per_hp,qs_error,d_min,d_min_over_a,d_min_over_R0,d_min_per_coil_min,d_min_per_coil_max
1007,2,QA,2.8569763305,0.3500068001,1.024433136400345,4,1,-1.5211610188,0.2826962167289653,0.8076877839179024,0.2759537998959149,0.2826962167289653,0.2826962167289655
11357,2,QA,4.9999955401,0.2000000595,1.003954434684979,8,2,-2.4602138092,0.35001848358258325,1.7500918972605768,0.34863981022446716,0.35001848358258325,0.4166893776327951
24285,2,QA,6.6666665383,0.150000001,0.9989244009085371,12,3,-4.059884882,0.3088845634955211,2.0592304095752714,0.3092171571888582,0.3088845634955211,0.4445657613723461
45395,3,QA,19.9999550707,0.0500000255,1.00147459395205,6,1,-2.8404305699,0.3507025317791777,7.014047058419554,0.35018614940117904,0.3507025317791777,0.35070253177917804
52035,3,QA,4.0000587355,0.2499987764,1.063070672467073,12,2,-1.8621798116,0.1634213702454484,0.6536886803956709,0.153725781811096,0.1634213702454484,0.18552214564824132
59509,3,QA,6.6666832285,0.1499998758,0.9999966591027835,18,3,-2.1564404209,0.09703978592277546,0.6469324418118982,0.09704011012380927,0.09703978592277546,0.3400687931486388
66633,4,QA,20.0000021445,0.0499999982,1.001079538427863,8,1,-2.4105851258,0.2934478935703733,5.868958082689957,0.29313144690901993,0.2934478935703733,0.29344789357037343
79030,4,QA,20.0010483967,0.0499973971,1.002186047927807,16,2,-3.1112825715,0.15551029218432666,3.1103677632115505,0.15517108076476527,0.15551029218432666,0.1820725787264211
104435,1,QA,6.6666660107,0.1500000049,1.011452815925492,6,3,-3.0793300594,0.33450071496930206,2.2300046936151934,0.3307131184989877,0.33450071496930206,0.4739276954102309
112734,1,QA,2.857142146,0.350000029,1.035147488707382,8,4,-2.6722686231,0.29829385348596765,0.8522680822005522,0.2881655577974262,0.29829385348596765,0.3141137771593659
114547,1,QA,2.8574929758,0.3499553688,1.018324546256277,8,4,-1.9118841967,0.18596301079244723,0.5313906496994631,0.18261664365855987,0.18596301079244723,0.3521725723722726
115818,1,QA,4.9999991371,0.2000000115,1.003585266579892,8,4,-2.9400721121,0.31747524192785515,1.587376118365149,0.31634107484436846,0.31747524192785515,0.43417218877970887
117786,1,QA,3.9999262708,0.250001536,1.002513344217362,8,4,-2.0054011179,0.15149930917590818,0.6059935134794858,0.1511194938698597,0.15149930917590818,0.4133186822493695
122334,1,QA,6.6666666248,0.1500000003,1.012035907285367,10,5,-3.8905203264,0.3669768349246717,2.44651222793812,0.36261246491641924,0.3669768349246717,0.5134272951290452
124235,1,QA,2.8571380934,0.3500001945,1.020519104531406,10,5,-2.5737109751,0.19777634605659308,0.5650749604271809,0.19379974875375458,0.19777634605659308,0.3374754088115486
125172,1,QA,3.3333319369,0.3000000419,1.004492276839851,10,5,-2.5954892059,0.2093893522719796,0.6979644100909027,0.20845292402916418,0.2093893522719796,0.38720783312699036
125577,1,QA,3.9999999932,0.2500000001,1.010057556543404,10,5,-3.5804137611,0.3357344008891932,1.3429376030195976,0.332391356031369,0.3357344008891932,0.4313306858207969
126777,1,QA,20.0006089781,0.0499984706,0.9987853124243492,10,5,-3.5849279164,0.3368485652008752,6.737177380799229,0.3372582285809184,0.3368485652008752,0.5152928429088511
127637,1,QA,2.8571452864,0.3499999008,0.9859524746082371,10,5,-1.8706722276,0.09166353307579833,0.26189588301677125,0.0929695248366006,0.09166353307579833,0.3554285590003874
134198,1,QA,9.999999922,0.1000000003,1.000004085433042,12,6,-4.3248576853,0.376932349668829,3.7693234853803195,0.3769308097432443,0.376932349668829,0.5688313096320438
135024,1,QA,10.0000000215,0.0999999999,1.000757314758689,12,6,-4.3940435288,0.3416143073870928,3.4161430772870713,0.3413557936066305,0.3416143073870928,0.49539036806211845
136610,1,QA,3.3341330737,0.2999267512,0.9845553123340707,12,6,-2.1054423374,0.11579629419384492,0.3860819141025154,0.11761278695386689,0.11579629419384492,0.2911822900377547
136694,1,QA,3.3329222391,0.3000123338,0.986981085668739,12,6,-1.9715111453,0.07739910037823497,0.25798639475213125,0.0784200442157333,0.07739910037823497,0.3221372379305525
136695,1,QA,2.8576165208,0.3499403194,0.9773528067031253,12,6,-2.0300532021,0.06588331946244991,0.18827015868137748,0.0674099659924159,0.06588331946244991,0.26868336392337266
137202,1,QA,6.662459111,0.15003157,0.9995383483234285,12,6,-2.2985136422,0.4093511825054618,2.728433639036516,0.40954024744731937,0.4093511825054618,0.5539385966213354
137693,1,QA,5.0012846617,0.1999485013,0.9860126493087296,12,6,-2.5364535022,0.19347161540448174,0.9676072295945823,0.1962161596406701,0.19347161540448174,0.39028063954284437
137694,1,QA,4.0029131623,0.2499393386,0.9860108023545272,12,6,-1.8188497993,0.15784049199596603,0.6315152023690521,0.1600798810916205,0.15784049199596603,0.32131170711011986
150260,1,QA,3.3333334194,0.2999999974,1.019932049747555,16,8,-3.494616851,0.13031289459688275,0.43437631908753727,0.1277662513195234,0.13031289459688275,0.31420270301219444
160285,1,QA,2.8571429048,0.3499999981,1.07491334614524,20,10,-2.5113416377,0.17471870349105678,0.4991962983986564,0.16254212873774213,0.17471870349105678,0.3142748428227501
161137,1,QA,4.000000005,0.2499999999,1.009917583841286,20,10,-3.4123399862,0.22042198854873307,0.8816879545476075,0.21825740246084635,0.22042198854873307,0.33115417921414164
161631,1,QA,10.0000000038,0.1,1.001202786005229,20,10,-4.4194677113,0.20365621178958043,2.036562117895804,0.20341155122246812,0.20365621178958043,0.5441098176980896
161900,1,QA,4.0000000421,0.2499999991,1.002775138486027,20,10,-2.8677511449,0.18579969943207544,0.7431988004038175,0.18528550649210618,0.18579969943207544,0.414166965381864
162351,1,QA,20.0001582849,0.0499996056,0.9994151642932094,20,10,-3.7224597952,0.3679093108222173,7.358244258275056,0.36812460323473706,0.3679093108222173,0.581473228836641
162397,1,QA,4.000000181,0.2499999962,0.9822826758561161,20,10,-2.6769148589,0.22831195516132022,0.913247834526648,0.2324299926824355,0.22831195516132022,0.36448648604028633
164739,1,QA,10.0000466925,0.0999995383,1.000398050461456,22,11,-3.4782403669,0.30564225792467364,3.056436690814938,0.3055206452908313,0.30564225792467364,0.41404750084218056
164985,1,QA,6.6666665302,0.150000001,0.9960107336891293,22,11,-3.7163717665,0.2546273057083593,1.697515360072293,0.25564715027241114,0.2546273057083593,0.45912849001250444
166515,1,QA,2.8572250762,0.3499966428,1.002164705371132,24,12,-1.7815117768,0.03210353288285278,0.09172525949398273,0.03203418830337262,0.03210353288285278,0.29681946513528157
167607,1,QA,2.8571500536,0.3499982772,1.005958000194509,26,13,-2.3967684982,0.056582138369625154,0.16166404824127847,0.0562470186217363,0.056582138369625154,0.1898230624247566
168794,2,QA,4.9999240928,0.2000010121,1.002976376651272,4,1,-1.8623666072,0.3474032776173039,1.73700759795957,0.3463723430627655,0.3474032776173039,0.3474032776173041
174071,2,QA,6.6666223517,0.1499803701,1.001604092642282,4,1,-1.5505183665,0.3906176622742909,2.6044585835722702,0.38999207885005926,0.3906176622742909,0.3906176622742912
178432,2,QA,6.6666670906,0.1499999968,1.023727942212115,8,2,-3.8129904552,0.37027182801214525,2.468478906075185,0.3616896762747787,0.37027182801214525,0.4551777345543909
179224,2,QA,4.9999998432,0.2000000021,1.016511515327778,8,2,-3.1253599183,0.3093419421478428,1.5467096944987622,0.30431720396998585,0.3093419421478428,0.4183051133209975
180269,2,QA,3.3333323497,0.3000000295,1.014562086638834,8,2,-2.6378241502,0.2942257919067896,0.9807525432486319,0.29000274678264093,0.2942257919067896,0.3486490575481036
180790,2,QA,9.9999889172,0.1000000369,0.9989275587106875,8,2,-2.5107285189,0.2871878220334619,2.8718771606119464,0.287496144769631,0.2871878220334619,0.4059464413193597
185880,2,QA,6.6666662253,0.1500000033,0.9827021490133887,8,2,-3.124037893,0.3343755910327811,2.2291705578434553,0.3402613817101009,0.3343755910327811,0.42185427405765263
189654,2,QA,4.9999999932,0.2000000001,1.005644023337738,12,3,-3.8279347564,0.3208559131651634,1.6042795650236772,0.3190551584050993,0.3208559131651634,0.38016416377411943
192284,2,QA,9.9999999839,0.1000000001,0.9986787866499328,12,3,-4.6040034196,0.41737523709040614,4.173752366730309,0.41792740836169257,0.41737523709040614,0.5256788633477766
209893,3,QA,3.3333267713,0.3000001969,1.099119166754954,6,1,-1.8268848029,0.2054178118747091,0.6847255901741346,0.18689312140846917,0.2054178118747091,0.20541781187470948
220230,3,QA,5.0000743498,0.1999990087,1.021191622809174,12,2,-2.0156699311,0.15859604395752627,0.7929841502135718,0.15530488148859647,0.15859604395752627,0.2590337801095731
225971,3,QA,4.0000525982,0.2499989042,1.002993115802106,12,2,-2.296469678,0.2125792946244995,0.8503209056245915,0.21194491893844877,0.2125792946244995,0.2414051720192625
232765,3,QA,10.0000001803,0.0999999994,1.011695381035382,24,4,-3.536631519,0.133886443975059,1.3388644477837768,0.13233869254007852,0.133886443975059,0.2835906131688129
235789,4,QA,10.0000281238,0.0999999063,1.024752356569596,8,1,-2.1653626919,0.22391333273209382,2.239135425390832,0.21850482343036873,0.22391333273209382,0.22391333273209402
237722,4,QA,6.6668367909,0.1499987241,1.012175788368515,8,1,-1.5915106175,0.23033891664539444,1.5356058394992336,0.22756809567305336,0.23033891664539444,0.23033891664539477
243019,4,QA,19.9999998981,0.0500000001,1.011639638956006,16,2,-3.3345014745,0.2211683396724361,4.423366784601988,0.2186236394420822,0.2211683396724361,0.22823261666204636
244209,4,QA,20.0000001847,0.0499999998,1.018631018608593,16,2,-3.6609964718,0.18349323219216182,3.669864658522695,0.1801370946300122,0.18349323219216182,0.2242466142088657
248934,4,QA,20.000000447,0.0499999996,1.004641118840518,16,2,-3.3172504651,0.17361895056898094,3.472379039158651,0.17281688685941804,0.17361895056898094,0.3673954408794568
251797,5,QA,19.9999981506,0.0500000015,1.01520385619875,10,1,-3.8142702025,0.14223565783440278,2.8447130713466633,0.1401055137506854,0.14223565783440278,0.1428472567065551
252042,5,QA,20.0000016504,0.0499999986,1.016381276741031,10,1,-2.9843895651,0.2188846508573954,4.377693139723316,0.2153568310105403,0.2188846508573954,0.21947211822646162
252393,5,QA,10.0000056144,0.0999999813,1.043270050904595,10,1,-2.2733030889,0.15992373392642556,1.599237638321694,0.1532908318299365,0.15992373392642556,0.1604203649467026
252504,5,QA,19.9999998182,0.0500000002,1.017459181451989,10,1,-3.319268259,0.1614626665922826,3.2292533189286385,0.15869203358297232,0.1614626665922826,0.1618135554962296
252527,5,QA,6.6666917004,0.1499998122,1.070214992436042,10,1,-2.0681868624,0.157312630950905,1.0487521860437703,0.1469916157620136,0.157312630950905,0.15776031861121848
252812,5,QA,20.0000006248,0.0499999995,1.013993331982434,10,1,-3.4987270011,0.16810810375892188,3.3621621088000584,0.16578817479031915,0.16810810375892188,0.16849904630529378
252896,5,QA,20.0000004878,0.0499999996,1.012131554466945,10,1,-3.6848944161,0.1634451242933796,3.268902512018812,0.1614860475123321,0.1634451242933796,0.16394166380404201
252973,5,QA,20.0000000271,0.05,1.013094964547591,10,1,-3.6920573,0.15819318616868844,3.1638637233737685,0.15614842803935106,0.15819318616868844,0.1587156133503243
253015,5,QA,20.0000007404,0.0499999994,1.013731826152462,10,1,-3.7616412961,0.1549559362349895,3.0991187618892146,0.15285693142644277,0.1549559362349895,0.15550970887360022
253057,5,QA,20.0000031494,0.0499999974,1.018643909541483,10,1,-3.1921260784,0.18473033538590675,3.6946068998376935,0.1813492758907855,0.18473033538590675,0.18508746807057713
254241,5,QA,10.00019524,0.0999993492,1.013528553807059,10,1,-1.826632924,0.19073191205903375,1.9073315335039576,0.1881860272634633,0.19073191205903375,0.19089482071119873
254453,5,QA,5.0011014078,0.1999853167,0.9992629720395265,10,1,-1.2987131249,0.1709226345530847,0.8546759200801101,0.17104870222923035,0.1709226345530847,0.17112293476326196
254674,5,QA,20.0000029551,0.0499999975,1.014073444628157,10,1,-3.0146686567,0.19289879846619468,3.857976162222702,0.19022172357242556,0.19289879846619468,0.19319530429483037
254758,5,QA,20.0000078141,0.0499999935,1.013075746296901,10,1,-2.7711056203,0.1754663297347183,3.5093270509068826,0.17320158968971563,0.1754663297347183,0.1758961589279763
255357,5,QA,4.0033907025,0.2499243042,1.005873072372105,10,1,-1.0581430542,0.11808134192418299,0.47246842319780674,0.11739189085330329,0.11808134192418299,0.11851547645847667
255378,5,QA,4.0024705621,0.249944102,1.014525678691072,10,1,-1.1084160799,0.12338367368179226,0.49364506981561923,0.12161710272428028,0.12338367368179226,0.12375313240838791
257019,5,QA,20.000013125,0.0499999891,1.012279816593976,10,1,-2.6745983486,0.19720139714069804,3.9440288026122396,0.19480917618630664,0.19720139714069804,0.1974927652372774
257740,5,QA,20.0000491233,0.0499999591,1.006319574076673,10,1,-2.3304631113,0.20498059414914094,4.0996152364680825,0.2036933390043779,0.20498059414914094,0.20510482368793861
258167,5,QA,20.0000168133,0.049999986,1.010640079663369,10,1,-2.6005402334,0.19438888096466622,3.8877787078713624,0.1923423431113227,0.19438888096466622,0.19510465059401347
258461,5,QA,20.0001627635,0.0499998644,1.002228595488987,10,1,-2.009925465,0.21591653478579054,4.318342407060419,0.21543641416501885,0.21591653478579054,0.21598800364316828
260092,5,QA,20.0012690366,0.0499969322,1.004187316942835,10,1,-2.3167795173,0.19001818063306503,3.8005968020786893,0.18922583210028943,0.19001818063306503,0.1901231644387273
260277,5,QA,5.001109273,0.1999852119,1.025788002184285,10,1,-1.2756274739,0.14282941569187768,0.7141998867561151,0.1392387270934546,0.14282941569187768,0.14318542769368522
260407,5,QA,20.0016653189,0.0499959061,1.003699699692176,10,1,-2.4336501326,0.13854313140576194,2.771089519382907,0.1380324527826915,0.13854313140576194,0.13930712642593282
260624,5,QA,19.9999996987,0.0500000003,1.016784815595243,20,2,-3.1393287115,0.11426069883333338,2.285213962955384,0.11237451334916251,0.11426069883333338,0.18922535364085225
260855,5,QA,20.0000000672,0.0499999999,1.013602805910593,20,2,-3.7088770463,0.10737591740380631,2.1475183523711627,0.10593490544586913,0.10737591740380631,0.31979064004892366
261310,5,QA,20.0000001689,0.0499999999,1.013854013748579,20,2,-3.691569931,0.11552898111076351,2.3105796268364296,0.11395031192273113,0.11552898111076351,0.21637088234579785
261660,5,QA,20.0000024363,0.049999998,1.015273356930313,20,2,-3.2241100576,0.10474833956653014,2.094966875129278,0.10317254840926543,0.10474833956653014,0.21734273036354082
261681,5,QA,20.0000011645,0.049999999,1.016243033702572,20,2,-3.2938827428,0.13269669711849663,2.6539339954486123,0.13057575079755332,0.13269669711849663,0.1611164229923076
261849,5,QA,20.0000037288,0.0499999969,1.015433832953457,20,2,-2.9465848234,0.13416535841829308,2.683307334730916,0.13212614555895208,0.13416535841829308,0.19401870413957908
262171,5,QA,20.0001230363,0.0499998972,0.9998157628913833,20,2,-2.174180035,0.23335168140334203,4.667043223507709,0.23339468136460317,0.23335168140334203,0.31837379418293665
294767,1,QA,3.9999990868,0.250000019,1.024051805545541,8,4,-2.7316107178,0.2990064525275708,1.1960257192123285,0.29198371694514197,0.2990064525275708,0.3686415290851327
361824,2,QA,9.999997164,0.1000000095,0.9985219481416723,8,2,-2.7790191474,0.2970944662930784,2.970944380691068,0.29753423732547346,0.2970944662930784,0.43329330779440434
366459,2,QA,6.6666523436,0.1500001074,0.9859298794673027,8,2,-2.3392304233,0.2211361161742483,1.47423971893935,0.2242919306733335,0.2211361161742483,0.42195866552914113
391491,3,QA,6.6654765823,0.1500089267,1.004965515177067,6,1,-1.5988946044,0.2836044735468942,1.8905839791392511,0.28220318932727295,0.2836044735468942,0.2836044735468946
606074,2,QA,20.0000215007,0.0499999498,1.003264809437019,8,2,-3.4407510363,0.3958061781122961,7.916131510041959,0.39451815152811187,0.3958061781122961,0.47252809441182686
638925,3,QA,20.000000571,0.0499999995,1.004229543698691,6,1,-3.3384305916,0.30905925842334653,6.181185230278783,0.30775758427206423,0.30905925842334653,0.30905925842334664
646306,3,QA,5.0000015256,0.1999999797,1.069991367989035,12,2,-2.8469819829,0.1471728019278175,0.7358640843292921,0.13754578432199624,0.1471728019278175,0.22239740728180768
649055,3,QA,10.0000009303,0.0999999969,1.009791842163928,12,2,-3.063211201,0.20655932546859052,2.065593318719298,0.20455634205357148,0.20655932546859052,0.26672351868701283
657580,3,QA,20.0036636418,0.0499908409,1.001083986578837,18,3,-3.8004557465,0.2842612998325532,5.686267618525961,0.2839534980516514,0.2842612998325532,0.4252597795661616
665963,4,QA,4.0011840006,0.2499710837,0.991225243797347,8,1,-1.2347909721,0.16050806233836343,0.6421065187323641,0.1619289493914249,0.16050806233836343,0.16050806233836368
666449,4,QA,20.0000063951,0.0499999947,1.006246694599635,8,1,-3.1235403596,0.2375331116774646,4.7506627371195425,0.23605852615692238,0.2375331116774646,0.23753311167746474
668330,4,QA,3.3337358669,0.299987925,1.079166428531017,8,1,-1.337705967,0.060184522178473976,0.20062314900999426,0.05576945370733813,0.060184522178473976,0.06018452217847471
671020,4,QA,20.0000002004,0.0499999998,1.010533729690372,16,2,-3.9932677732,0.1639604876979713,3.2792097670762654,0.1622513755658694,0.1639604876979713,0.24668252809783642
674188,4,QA,4.0009348465,0.2499736561,1.007884616959118,16,2,-1.3346003723,0.11321826458985544,0.4529207851589104,0.11233256534011354,0.11321826458985544,0.12949680234777233
674289,4,QA,20.0000089036,0.0499999926,1.004915186986845,16,2,-2.7459074665,0.20573656619125144,4.114731932805355,0.2047302785901122,0.20573656619125144,0.21457827937093396
775499,2,QA,3.9999999887,0.2500000002,1.003498599639718,12,3,-3.4414878345,0.3075207908780122,1.2300831625279822,0.30644864974243125,0.3075207908780122,0.3580228963165255
777649,2,QA,3.3333314313,0.3000000571,0.9783967975844506,12,3,-2.6910318548,0.16261685903912546,0.5420560936257417,0.16620747271516814,0.16261685903912546,0.3744115232347099
777998,2,QA,4.0000023731,0.2499999506,0.9901747762372063,12,3,-2.978021623,0.1778030148812792,0.7112122000606476,0.17956730382181005,0.1778030148812792,0.3492928042752644
793251,3,QA,3.9997861298,0.2500044558,1.065035216734625,6,1,-1.5040353801,0.22240814181535098,0.8896167114448325,0.20882703061899638,0.22240814181535098,0.22240814181535132
803053,3,QA,2.8571576719,0.3499993951,1.07986541466685,12,2,-2.2679233112,0.14837348284626614,0.423924969367086,0.13739997672954546,0.14837348284626614,0.16725017548565732
803097,3,QA,9.9999999722,0.1000000001,1.025757328611459,12,2,-3.6982242236,0.22670804902917058,2.267080488024625,0.2210152856875606,0.22670804902917058,0.29234041709900427
806854,3,QA,2.8591129327,0.3498641102,0.9225130960446817,12,2,-0.5368195217,0.04357613249700884,0.12455159368046788,0.04723632941780833,0.04357613249700884,0.09299400603629839
809322,3,QA,5.000440556,0.1999829375,1.010750297197355,12,2,-2.3086086368,0.20542482163270254,1.027211742165266,0.2032399319617436,0.20542482163270254,0.2780616557692362
810803,3,QA,19.9999950598,0.0500000041,0.9999587721869267,12,2,-3.5949808286,0.09625093417983258,1.9250185257451324,0.09625490255896266,0.09625093417983258,0.30847205964846486
824674,4,QA,4.0010670663,0.2499637965,1.013097771284237,8,1,-1.1478222759,0.14301041469508982,0.5721245104192111,0.14116151347742575,0.14301041469508982,0.14301041469509007
825832,4,QA,20.0000149533,0.0499999513,1.000925918573395,8,1,-2.2240515111,0.28228338417643606,5.645673182414401,0.28202225453285334,0.28228338417643606,0.2822833841764362
828429,4,QA,19.9999997908,0.0500000002,1.011414336262542,16,2,-4.3785469919,0.19180087180075012,3.8360174206709328,0.18963629931280962,0.19180087180075012,0.3859595854930718
877292,2,QA,4.9996066399,0.1999859504,1.002945178601936,4,1,-1.4934345974,0.39396189156200434,1.9699478427060761,0.392805010649905,0.39396189156200434,0.3939618915620045
883330,2,QA,20.0000009216,0.0499999992,0.9981510057445264,8,2,-3.9270046089,0.3435385825260148,6.870771760452644,0.3441749600500252,0.3435385825260148,0.448948916457165
883496,2,QA,3.3333316639,0.3000000501,1.038813023331643,8,2,-2.58558044,0.29480392478958717,0.9826795851911331,0.283789207651732,0.29480392478958717,0.3036868039830119
886079,2,QA,3.4115890132,0.2976478281,0.9908021156798178,8,2,-0.8570933966,0.09648697926526403,0.3241649028020038,0.09738269401964442,0.09648697926526403,0.23018855172859545
888694,2,QA,6.6666681998,0.1499999885,0.9938315011862321,8,2,-2.9994862474,0.3221508791143396,2.1476726920838374,0.324150400475153,0.3221508791143396,0.4530156441863464
894738,2,QA,3.3333318854,0.3000000434,1.032532340833303,12,3,-2.5930608216,0.23449726668361878,0.7816574425322859,0.2271088830925802,0.23449726668361878,0.26473116657251083
918134,3,QA,20.0002448692,0.0499991994,1.000082638563683,6,1,-2.3521441549,0.3281311960209631,6.562729002836055,0.32810408197089047,0.3281311960209631,0.3281311960209634
918568,3,QA,19.9999959084,0.0500000023,1.000270557486792,6,1,-2.6267709552,0.37549000862067294,7.509799826962667,0.3753884444665673,0.37549000862067294,0.3754900086206731
923503,3,QA,19.9999999502,0.05,1.008452636145283,12,2,-3.9306220504,0.24387629382210968,4.877525876442193,0.2418321744433177,0.24387629382210968,0.28650669806999546
923602,3,QA,10.0000002812,0.0999999991,1.024269232081666,12,2,-3.6563632714,0.24614905069310064,2.461490529084421,0.2403167477683982,0.24614905069310064,0.3118939117254884
928988,3,QA,4.000012279,0.2499997442,1.047339033633483,12,2,-2.2457899402,0.19002934121286993,0.7601181426043632,0.18144014030834912,0.19002934121286993,0.26019573871095175
931756,3,QA,20.0000000805,0.0499999999,0.9991969032492408,12,2,-3.7460054315,0.25178294222525444,5.035658854576407,0.2519853108096047,0.25178294222525444,0.29558835296066904
932746,3,QA,5.0001404638,0.1999981272,1.031923073442981,18,3,-2.121856902,0.10012192951733964,0.5006143353393344,0.09702460589749755,0.10012192951733964,0.25646279096526786
939367,4,QA,6.6666759143,0.1499999306,1.048844305594943,8,1,-2.1968498086,0.1781156971884922,1.1874385306448416,0.1698209126353205,0.1781156971884922,0.1781156971884923
941045,4,QA,19.9999404168,0.0500000497,0.9984058688066674,8,1,-2.2345006067,0.3078437460331618,6.156868800735648,0.30833527290971185,0.3078437460331618,0.30784374603316195
948374,4,QA,20.0000004345,0.0499999996,1.01046459239695,16,2,-3.3637606603,0.12682988362094627,2.536597692711707,0.1255164055972409,0.12682988362094627,0.4017979994999026
948619,4,QA,20.0000002012,0.0499999998,1.014495326339138,16,2,-3.8322759588,0.12602309191685915,2.52046184841903,0.12422244700882001,0.12602309191685915,0.3773231443425502
952490,4,QA,19.9999989126,0.0500000009,1.013177235846202,16,2,-3.8459829628,0.18596106549538344,3.7192212429616864,0.18354248291027722,0.18596106549538344,0.19348632686099834
955983,4,QA,19.99999998,0.05,1.009854129506788,24,3,-3.6621880435,0.17716255146045418,3.5432510292090833,0.17543380403561873,0.17716255146045418,0.37501298215208395
1000272,2,QA,20.0006851584,0.0499982746,0.9945961400739217,8,2,-2.8410550109,0.351155279931906,7.023347960329534,0.35306318392288044,0.351155279931906,0.43739149096623026
1035368,2,QA,3.3328616072,0.2999938525,1.009551761966536,4,1,-1.4421259221,0.36286903653093866,1.2095882415821793,0.35943579140914506,0.36286903653093866,0.36286903653093877
1042101,2,QA,3.9999568604,0.2500008987,1.029043086124915,8,2,-1.9467453775,0.23232184144841347,0.9292840252034402,0.2257649311101946,0.23232184144841347,0.305232454903408
1042638,2,QA,6.6666673927,0.1499999946,1.008692783626538,8,2,-3.5200211403,0.3460795655430405,2.307197186679369,0.34309709671837424,0.3460795655430405,0.45695896533290614
1051091,2,QA,2.8571428339,0.350000001,1.014682041620527,12,3,-3.375157862,0.29329560586805725,0.8379874429430566,0.2890517362460077,0.29329560586805725,0.30617652208553214
1052272,2,QA,4.0000051648,0.2499998924,1.007394291728359,12,3,-2.4420104725,0.30382788711017056,1.2153120715109977,0.3015977851024958,0.30382788711017056,0.3990910458420586
1060080,2,QA,20.0000000971,0.0499999999,1.000813069808846,16,4,-4.3455257537,0.22458508847906863,4.491701778564776,0.2244026334727664,0.22458508847906863,0.5593302010605739
1075299,3,QA,9.9999960644,0.1000000131,1.010602322758247,6,1,-2.5423653015,0.2890823255888218,2.890822877190421,0.28604953608242906,0.2890823255888218,0.2890823255888219
1077221,3,QA,3.3321395845,0.300035821,1.019227469784401,6,1,-1.183328137,0.22736361269564076,0.757788226545259,0.22307445534580753,0.22736361269564076,0.22736361269564098
1081587,3,QA,5.0000003766,0.199999995,1.055681149844915,12,2,-3.0701971127,0.17352025408853589,0.8676012921327116,0.16436805195775914,0.17352025408853589,0.23154119166148848
1081620,3,QA,10.0000000744,0.0999999998,1.025267428294943,12,2,-3.6100746976,0.24832824844520424,2.4832824894186074,0.2422082683911876,0.24832824844520424,0.2711035812820009
1090019,3,QA,20.0000006605,0.0499999994,0.9992243099309656,12,2,-3.9045776914,0.265629648740095,5.312593038553016,0.26583585497279066,0.265629648740095,0.31483963505617035
1090727,3,QA,10.0000001607,0.0999999995,1.02007925397042,18,3,-3.5293698228,0.1844843537715376,1.8448435469395936,0.1808529612316645,0.1844843537715376,0.2941712578456343
1090831,3,QA,19.9999999793,0.05,1.005383431606252,18,3,-4.3735964885,0.18365967676955514,3.6731935353911025,0.1826762516626428,0.18365967676955514,0.3450815077988937
1090990,3,QA,3.3333348559,0.2999999543,1.065407677838344,18,3,-2.6283438389,0.09248107092823193,0.30827028338727963,0.08680345829295238,0.09248107092823193,0.21089123963858905
1095472,3,QA,19.9999998863,0.0500000001,1.013695500035791,24,4,-4.4698254943,0.3014427055870439,6.02885409968317,0.29737007373160945,0.3014427055870439,0.40381215564159156
1096180,3,QA,10.0000000874,0.0999999997,1.011624753099041,24,4,-3.5960428698,0.14666000442954552,1.4666000486952555,0.14497470922915137,0.14666000442954552,0.25338823295128243
1097975,4,QA,4.0002094841,0.2499956359,1.068591040868567,8,1,-1.4813422913,0.1586412487888147,0.6345760725690119,0.14845833693296612,0.1586412487888147,0.15864124878881483
1102493,4,QA,20.0000065869,0.0499999945,1.005849764622558,8,1,-2.8033111652,0.23129857623312342,4.625972033519392,0.22995340295169975,0.23129857623312342,0.23129857623312353
1102647,4,QA,19.9999996704,0.0500000003,1.006487602383778,8,1,-3.0688194155,0.22819199441541174,4.563839860925196,0.22672111795014555,0.22819199441541174,0.22819199441541185
1104005,4,QA,20.0000045337,0.0499999962,1.003848632178778,8,1,-2.9806547476,0.20611950573600613,4.122390428021795,0.20532926890445546,0.20611950573600613,0.2061195057360062
1106084,4,QA,20.0000034148,0.0499999972,1.002670142515049,8,1,-2.9477659333,0.2186868379721308,4.373737004371888,0.21810446795950994,0.2186868379721308,0.21868683797213104
1107841,4,QA,20.0005838091,0.0499985593,1.003980557277406,16,2,-2.6703426262,0.2178736970414072,4.3575995007001564,0.21700987679705366,0.2178736970414072,0.22189554490036326
1107995,4,QA,20.0000011852,0.049999999,1.011749620605433,16,2,-3.4576955247,0.23131188103054098,4.626237713135573,0.2286256167727777,0.23131188103054098,0.24584104435636445
1109675,4,QA,20.0000438941,0.0499999634,0.9999064825630499,16,2,-2.3922556972,0.30072880495904586,6.014580501853844,0.30075693097637574,0.30072880495904586,0.3454407350420621
1121685,5,QH,20.000000366,0.0499999997,0.9972962470600819,40,4,-3.4907216986,0.14970511102380546,2.9941022384407225,0.15011097401110193,0.14970511102380546,0.21769195693196652
1190023,4,QH,6.4170127655,0.151920555,0.9545208328629201,24,3,-0.4437174638,0.09217665833834517,0.6067425065577542,0.0965685139232396,0.09217665833834517,0.20610039315816997
1257819,4,QH,24.0000000925,0.0416666666,0.9999678220836185,32,4,-4.768621318,0.22699238044543762,5.447817139407011,0.22699968482231447,0.22699238044543762,0.2638813540610465
1259243,4,QH,24.0000005087,0.0416666664,0.997290819725361,24,3,-4.36513011,0.22159912771365936,5.31837909916545,0.22220111057944406,0.22159912771365936,0.24990310177944094
1266029,3,QH,23.9999718579,0.041666672,1.001735075398086,12,2,-2.3634207249,0.27264291153595327,6.543429039303962,0.27217067489386443,0.27264291153595327,0.3536037696868508
1295205,4,QH,12.0000015796,0.0833333297,0.9904894044589724,24,3,-3.1844359792,0.15428610626474085,1.8514333558993845,0.15576754841614424,0.15428610626474085,0.2200366346821099
1328722,4,QH,8.0000008917,0.1249999954,0.9987091836792884,32,4,-2.830978767,0.14695481842270866,1.1756385906451694,0.14714475527432389,0.14695481842270866,0.149960534803837
1331217,4,QH,8.0000013908,0.1249999928,0.999505505014536,16,2,-2.7068511675,0.148600551915434,1.1888044837986103,0.14867407049776366,0.148600551915434,0.16349718788587878
1331857,4,QH,7.9999762023,0.1250001239,0.9988983861457417,16,2,-2.0645653489,0.14806945753150805,1.1845544861216577,0.14823275278563156,0.14806945753150805,0.19474667224472247
1333420,3,QH,7.9999993946,0.1250000032,1.000806544958301,30,5,-2.921457732,0.14163286956368978,1.1330629275031074,0.14151872834683646,0.14163286956368978,0.2407835105757083
1335098,3,QH,8.0025411373,0.1249594321,1.01956485720178,24,4,-2.0097614448,0.1421146886557236,1.1372866078808277,0.13938759035473305,0.1421146886557236,0.1592027621337262
1406183,3,QH,24.0000271102,0.0416666197,0.9980618419615943,30,5,-4.2299866659,0.17590229500093024,4.221659838677296,0.1762438835004565,0.17590229500093024,0.2516395928019007
1444558,3,QH,11.9999999524,0.0833333334,0.9948656530691348,24,4,-3.7716509995,0.2006313884098009,2.4075766589915495,0.20166681580659487,0.2006313884098009,0.27938384201210203
1445098,3,QH,11.9999999939,0.0833333333,0.9917137531788219,24,4,-3.4655825955,0.16614595550067468,1.9937514668055967,0.16753418510947674,0.16614595550067468,0.24139824013818306
1445211,3,QH,12.0019343515,0.0833191037,1.002844332142827,24,4,-2.0869278821,0.15246811555788925,1.8299298574654406,0.15203567559892678,0.15246811555788925,0.19098328814486726
1470331,2,QH,7.9999996144,0.125000002,1.028706188616688,20,5,-2.9020981484,0.14827848004556923,1.1862278213849087,0.1441407485308909,0.14827848004556923,0.3204112939247912
1486742,3,QH,7.9999696384,0.1250001581,1.007194857060832,12,2,-2.2249306909,0.2069214561863719,1.655369555779561,0.20544332085869096,0.2069214561863719,0.3303395110019284
1517956,3,QH,6.0000021112,0.1666666471,1.008705385346935,24,4,-2.6893659162,0.11597142829086923,0.695828651435499,0.11497056521709946,0.11597142829086923,0.257186064673428
1545207,2,QH,24.0007824499,0.0416652443,1.002359393705752,16,4,-2.5771245328,0.1906206961995926,4.575052886455596,0.19017200556664843,0.1906206961995926,0.35789960303167384
1567468,4,QH,24.0000008367,0.0416666662,1.001025474873582,16,2,-3.891601893,0.2260542034034457,5.425300942446067,0.22582262797257355,0.2260542034034457,0.2642099457833922
1569016,5,QH,24.0000002231,0.0416666665,0.9996640490517058,50,5,-3.7245142101,0.15106102649095393,3.625464650284753,0.15111179264099012,0.15106102649095393,0.16641450943332775
1571526,5,QH,23.999999837,0.0416666668,0.9992134703556614,30,3,-3.7062652808,0.14821023944952053,3.557045735405946,0.14832690295574816,0.14821023944952053,0.26330415066862045
1574333,5,QH,23.9999996978,0.0416666668,0.9994961879760047,20,2,-3.7511450059,0.1536953424029274,3.688688205866455,0.15377281499608603,0.1536953424029274,0.21239184528461444
1577073,2,QH,11.9999997634,0.0833333339,1.024459498596288,20,5,-3.2694250596,0.19854724039435,2.3825668685307453,0.193806822686889,0.19854724039435,0.2942990653185574
1601622,4,QH,12.0047479088,0.0833002951,1.000000117135999,24,3,-2.4295373918,0.14814820475876514,1.7784835525602494,0.1481481874052792,0.14814820475876514,0.15242095169341727
1607357,5,QH,12.00000705,0.083333317,0.9989733637041162,30,3,-2.0948206671,0.14693094299518625,1.7631716615238806,0.14708194265598598,0.14693094299518625,0.14917164344743858
1610630,5,QH,11.9999999815,0.0833333334,1.000932443060376,20,2,-3.3923065697,0.1689300351532834,2.0271604202176725,0.16877266425371884,0.1689300351532834,0.23392947735202585
1611640,5,QH,11.9999995669,0.0833333343,0.9977970883805247,20,2,-3.4203958666,0.181052357659138,2.172628266707168,0.18145208055577228,0.181052357659138,0.258251611975522
1624686,3,QH,8.0002190515,0.124996516,1.007986794662395,24,4,-2.7906325854,0.1482175639798621,1.185773561719609,0.1470431604508317,0.1482175639798621,0.23353977127060246
1626853,3,QH,8.0000021739,0.1249999887,0.9828829416677896,18,3,-2.8968968276,0.1972928368996951,1.5783428378797533,0.2007287221456116,0.1972928368996951,0.3915401911613294
1632094,4,QH,7.9999983024,0.1250000088,0.9923310125253938,32,4,-2.64413284,0.1458048742808271,1.1664389121293175,0.14693169158320138,0.1458048742808271,0.20269509758421744
1642116,5,QH,8.0002886457,0.1249984967,1.004262971912601,30,3,-1.8595881761,0.14592690097259836,1.167429247751892,0.14530745935467795,0.14592690097259836,0.14905485139904284
1642553,5,QH,8.0000228613,0.1249998809,1.00277239207728,30,3,-2.4967355603,0.1468440276753256,1.1747533407075879,0.1464380440023212,0.1468440276753256,0.14884479787145244
1642802,5,QH,8.00001679,0.1249999126,1.005365226327285,30,3,-2.3468472846,0.14829601725176,1.186368967523262,0.14750462157270194,0.14829601725176,0.14903764450808693
1661867,3,QH,5.999946644,0.1666671607,1.012361133038588,18,3,-2.1537777213,0.2082403081013965,1.2494381450238294,0.20569765205857526,0.2082403081013965,0.2572508523607814
1673573,4,QH,5.999992867,0.1666667327,0.999541922171616,16,2,-2.2089280383,0.14606700180353963,0.8764016635908987,0.14613394252258358,0.14606700180353963,0.14974760879903531
1680659,5,QH,6.0002477378,0.1666643729,1.006672369419026,20,2,-1.8368631135,0.13655272413264588,0.8193276208741903,0.13564763301435762,0.13655272413264588,0.1417787436886674
1681455,5,QH,6.0000380343,0.1666663145,1.005310052641548,20,2,-1.7288806232,0.14679201957822888,0.8807539785025299,0.14601666340898398,0.14679201957822888,0.15002565327768116
1697632,3,QH,23.9999999409,0.0416666667,1.004111338402554,18,3,-4.3027635808,0.2630984794974831,6.314363502888104,0.26202122158688884,0.2630984794974831,0.307431248349537
1700131,3,QH,24.0000002158,0.0416666665,0.9986113882448415,12,2,-3.5913741688,0.2176009198305725,5.222422096823429,0.2179035031966015,0.2176009198305725,0.3759243672810146
1700146,3,QH,24.0001724607,0.0416662349,1.001942530901838,12,2,-2.2688464193,0.25607095242968203,6.145766543203596,0.25557449108303176,0.25607095242968203,0.30645290414413706
1703864,4,QH,23.9999995617,0.0416666669,0.9633057440432513,32,4,-3.8307947809,0.16426154834055903,3.9422771380966646,0.1705186015512681,0.16426154834055903,0.25683135323201256
1705245,4,QH,23.9999994655,0.041666667,0.9992038939090427,24,3,-3.4863074544,0.16856840715701965,4.045641739403338,0.1687027124139334,0.16856840715701965,0.2036098884610834
1708968,4,QH,24.0000000938,0.0416666666,0.9986327475480333,16,2,-3.429840195,0.15376384807458032,3.6903323596944597,0.15397436990937893,0.15376384807458032,0.21551034262666657
1733102,3,QH,12.0027494076,0.0833123336,0.9994336302649823,18,3,-1.8498229273,0.14913761696116642,1.7901025036365856,0.149222131860447,0.14913761696116642,0.19484529252201097
1736006,3,QH,11.9999969122,0.0833333405,1.002445726203629,12,2,-2.7937551788,0.2543876728063613,3.05265181114828,0.25376702813603197,0.2543876728063613,0.33393632750896024
1737821,4,QH,11.9999996862,0.0833333341,0.9481157079404368,40,5,-3.0455529859,0.14383027031861925,1.7259632279445694,0.15170117857350704,0.14383027031861925,0.18547166221246972
1742813,4,QH,11.9999999353,0.0833333335,0.9915101195675103,24,3,-3.458675475,0.21107527850264377,2.532903336965919,0.21288262654819226,0.21107527850264377,0.33946383862186214
1747877,5,QH,12.0000002523,0.0833333327,1.001977958958587,40,4,-2.7623685233,0.14731217474210967,1.7677461103401866,0.147021372501267,0.14731217474210967,0.14892715648870242
1749785,5,QH,12.000000502,0.0833333322,0.9901511224586108,30,3,-3.173255848,0.15745128891950685,1.889415492730133,0.1590174321355561,0.15745128891950685,0.1801140104312679
1755224,2,QH,7.9999957954,0.1250000219,1.030327105423994,20,5,-2.9698778669,0.1794162828240677,1.4353300111227236,0.17413526430544154,0.1794162828240677,0.35699352262745876
1758284,2,QH,8.0003908333,0.1249979645,1.017441480676135,16,4,-2.5026736622,0.19619029788654874,1.5695479416110711,0.1928271076152425,0.19619029788654874,0.3465847437716185
1775270,4,QH,8.0006560142,0.1249880131,0.9634906892049118,32,4,-1.6839757727,0.006778916641093169,0.05423653415203517,0.007035788427480542,0.006778916641093169,0.15535291550158178
1776157,4,QH,7.9999954955,0.1250000235,0.9997747193317408,24,3,-2.3360447916,0.148379068568118,1.1870323253828667,0.14841250303597997,0.148379068568118,0.172578405463927
1781536,4,QH,8.0003267094,0.1249935284,0.9960607760934306,16,2,-2.0473241448,0.1825330914016577,1.4603403371214672,0.1832549737753513,0.1825330914016577,0.21202754053995307
1785050,5,QH,8.0000067625,0.1249999648,1.004035216737269,30,3,-2.6826024308,0.14721377298816002,1.1777105155485612,0.14662212095164207,0.14721377298816002,0.149365953215991
1793879,2,QH,5.9999940311,0.1666667219,1.031578249857833,16,4,-2.3096207587,0.17281108019367195,1.0368661375445936,0.16752105835644354,0.17281108019367195,0.2392741479312231
1803985,3,QH,6.0000066333,0.1666660631,0.993374384482269,18,3,-1.9397949938,0.1783687516526612,1.070216385597586,0.17955843681798195,0.1783687516526612,0.2675825563063557
1809398,4,QH,6.0000899238,0.166665834,1.00313003441654,32,4,-1.7409053898,0.14492825795401287,0.8695738921152422,0.14447604296716016,0.14492825795401287,0.1473311639297759
1818651,5,QH,6.0069510933,0.1665996325,1.004420384398814,40,4,-1.399109382,0.14647925935650982,0.8792291865140207,0.1458346143026394,0.14647925935650982,0.14919545163980938
1821296,5,QH,6.0000039994,0.1666666296,1.004427037214839,30,3,-2.7052092699,0.14592860857369433,0.8755718461693446,0.14528542459225074,0.14592860857369433,0.14912449960841043
1826834,2,QH,24.0000002656,0.0416666665,1.011380227699297,20,5,-4.3176731206,0.27221574035462054,6.5331777946436045,0.26915272110258776,0.27221574035462054,0.4436050600232457
1836628,3,QH,24.0014551583,0.0416641372,1.003772178238857,24,4,-3.2538381756,0.20376482012620234,4.890652580853213,0.20299907144638413,0.20376482012620234,0.2097165018725964
1836693,3,QH,24.0001158171,0.0416664638,1.004120646323424,24,4,-3.6962505356,0.22969931623995637,5.512810430530378,0.2287566908229581,0.22969931623995637,0.2571843370412473
1841479,3,QH,24.0000003103,0.0416666665,1.002291218993574,18,3,-3.7925118779,0.19669329492679688,4.720639097125682,0.19624365773083555,0.19669329492679688,0.28872842700691537
1848895,4,QH,24.0000001852,0.0416666666,1.002235372316519,24,3,-4.0951124609,0.2146424807825281,5.151419547022946,0.2141637450755841,0.2146424807825281,0.2599525499237725
1851606,4,QH,23.999999541,0.0416666669,0.9994279977593666,16,2,-3.2171260296,0.17914043559715953,4.299370430255354,0.17924296297359818,0.17914043559715953,0.1837349772051134
1854549,5,QH,23.9999999224,0.0416666667,0.9983565917953415,40,4,-3.3730765261,0.14771474565049753,3.5451538927758173,0.1479579008787457,0.14771474565049753,0.1812416127477939
1856039,5,QH,24.0000001579,0.0416666666,0.9979041508251586,30,3,-3.8218248561,0.1477842189365928,3.5468212601531413,0.14809460288785378,0.1477842189365928,0.19613810482856758
1856583,5,QH,24.0000000446,0.0416666666,0.9963314792764177,30,3,-4.3553568397,0.15950747655192848,3.8281794433713707,0.16009478759796913,0.15950747655192848,0.2332609679801732
1872066,3,QH,11.9999999785,0.0833333334,1.001865208750845,24,4,-3.5242364461,0.22789775234756265,2.7347730259829333,0.2274734668466153,0.22789775234756265,0.23584866453658024
1886120,4,QH,11.9999999204,0.0833333335,0.9872418066774199,24,3,-3.246209953,0.18991575560453108,2.278989062696395,0.19237004989050857,0.18991575560453108,0.2458237776225827
1893882,5,QH,12.0000260654,0.083333273,1.000233660899576,20,2,-2.1686575509,0.1487404333849645,1.7848864928773949,0.14870568668044268,0.1487404333849645,0.14931358525866567
1894960,5,QH,12.0000121386,0.0833333052,1.001691949594012,20,2,-2.4264805849,0.1490744373924884,1.7888938526404257,0.14882263699224957,0.1490744373924884,0.16151758405292777
1895847,5,QH,11.9999992872,0.083333335,1.001120557058871,20,2,-2.7660875253,0.1785963769657621,2.1431564807260157,0.17839647353806135,0.1785963769657621,0.18282881453816463
1907269,3,QH,8.0000298666,0.1249998444,1.005085583212621,24,4,-2.2150908392,0.2123867489784954,1.699096106862797,0.2113121036913391,0.2123867489784954,0.3037107254046344
1907475,3,QH,7.9999999346,0.1250000003,0.9870264122217128,24,4,-3.7150004972,0.21364473650754504,1.7091578879583813,0.21645290730027056,0.21364473650754504,0.31508617221307017
1952403,4,QH,5.9999995735,0.1666666706,1.002612706723996,32,4,-2.9839407721,0.15952363389281915,0.9571417807683689,0.15910793153026892,0.15952363389281915,0.2098034052446202
1960314,5,QH,7.0233137656,0.1581369789,1.100601284083385,50,5,-0.5330580469,0.14213611168118334,0.8988164101140758,0.12914405401549092,0.14213611168118334,0.15442882748374576
1968931,6,QH,24.0000060838,0.0416666631,0.9683070777595387,60,5,-2.5670541273,0.11783621413073354,2.828069381220344,0.12169302160155851,0.11783621413073354,0.15247446977041046
1969175,6,QH,24.0074472423,0.041652843,0.9827593700515233,60,5,-1.641807536,0.10938754384875139,2.62617233231238,0.11130653869320678,0.10938754384875139,0.14258797270535276
1969176,6,QH,24.0000009494,0.0416666661,0.9915236535224936,60,5,-1.9852703163,0.14402109123974793,3.456506236762435,0.14525230006172585,0.14402109123974793,0.1480779433181406
1969311,6,QH,24.0000003766,0.0416666664,0.9724328753866104,60,5,-3.0630725518,0.14714900389441068,3.531576116067943,0.15132047426503203,0.14714900389441068,0.16475559338577983
1970299,6,QH,24.000000107,0.0416666666,0.9966677729801653,48,4,-3.6330351758,0.1498197677316309,3.5956744313122204,0.15032067033094734,0.1498197677316309,0.1673386577324563
1970412,6,QH,24.0000002319,0.0416666665,0.9833883410074914,48,4,-3.3388916167,0.16352145265060727,3.924514879312634,0.16628370078404414,0.16352145265060727,0.1776997489095477
1970427,6,QH,24.0000001185,0.0416666666,0.9837672275065411,48,4,-3.6892358141,0.155596972480118,3.7343273454977557,0.15816441951872545,0.155596972480118,0.18961508355019527
1970553,6,QH,24.0000001205,0.0416666666,0.977749968317473,48,4,-3.6380401901,0.1487976718090743,3.5711441291316137,0.15218376541103612,0.1487976718090743,0.23570279988563778
1970577,6,QH,23.9995172173,0.0416669461,0.9689763005538808,48,4,-1.6310100164,0.10117719646025249,2.4282364303212636,0.10441658521722166,0.10117719646025249,0.13449946823599998
1971023,6,QH,24.0000011299,0.041666666,0.977661028366434,48,4,-3.126480832,0.14837603982289466,3.5610250127258722,0.15176634387361743,0.14837603982289466,0.17408520420390575
1971503,6,QH,24.0000001752,0.0416666666,0.9705354377377026,48,4,-3.467781699,0.1613596316699984,3.872631166276171,0.16625836151446902,0.1613596316699984,0.18608308561818798
1971507,6,QH,23.9999999016,0.0416666667,0.9957812449907567,48,4,-3.9717335538,0.15700987124266857,3.7682369068094563,0.1576750637075174,0.15700987124266857,0.20343011113809598
1972229,6,QH,24.0000000084,0.0416666667,0.9713535875674028,48,4,-3.5406372609,0.14750063777723416,3.5400153038216073,0.15185061306730285,0.14750063777723416,0.17592245662255745
1973204,6,QH,24.0000000648,0.0416666666,0.9963860901132328,36,3,-3.9398363429,0.17839271636970563,4.281425199723215,0.17903974989196453,0.17839271636970563,0.20371525266266072
1973589,6,QH,24.0124213391,0.0416450918,0.9861360391970547,36,3,-2.473943039,0.14714980124372087,3.5334248259172014,0.1492185615318706,0.14714980124372087,0.18183868221878
1973808,6,QH,24.0000001057,0.0416666666,0.9976383868786401,36,3,-4.0960056221,0.17701282801087787,4.248307879058362,0.177431853404024,0.17701282801087787,0.22420948439018906
1974924,6,QH,23.9999998908,0.0416666667,0.9761440386697335,36,3,-3.4739727345,0.14976316099239173,3.5943158609419488,0.15342321938111253,0.14976316099239173,0.18489954892557683
1975045,6,QH,23.9999998542,0.0416666668,0.9802143316523063,36,3,-3.0235953841,0.1516310573437205,3.639145364604027,0.15469173674304718,0.1516310573437205,0.16497831345743158
1976169,6,QH,23.9999995412,0.0416666669,1.00141522995122,24,2,-3.2997234184,0.1551321066300915,3.7231705382724405,0.15491286929763207,0.1551321066300915,0.1642802226357662
1976590,6,QH,23.9999997788,0.0416666668,0.9903135529854805,24,2,-2.252262486,0.1485573983431536,3.565377548826478,0.15001046678125354,0.1485573983431536,0.14857406002399506
1977096,6,QH,23.9999953406,0.0416666694,0.986290428936479,24,2,-2.6375087411,0.14909205139294343,3.578208998700132,0.15116445117865535,0.14909205139294343,0.1632420050109923
1980528,7,QH,24.0000024537,0.0416666652,0.9885470166467131,70,5,-3.1491885395,0.1483390608482099,3.560137585673881,0.15005766883136862,0.1483390608482099,0.17021631899966255
1981017,7,QH,24.0007529011,0.041666231,0.9746244700294658,56,4,-1.7328073377,0.1446530111206982,3.471708567081534,0.1484192276809189,0.1446530111206982,0.14983101078270333
1981145,7,QH,24.0106340586,0.0416487253,0.9963044677279008,56,4,-2.1508278532,0.14710561958518886,3.5320557478187418,0.14765126961707517,0.14710561958518886,0.15129589410619051
1983033,7,QH,24.0000084128,0.0416666618,0.9988756850542051,42,3,-3.0782376678,0.14880313989949426,3.571275774712873,0.1489706298050686,0.14880313989949426,0.15030936739246623
1983200,7,QH,24.0000004565,0.0416666664,0.9967662523139212,42,3,-3.7295709315,0.1493746030623022,3.584990496439192,0.14985920993566929,0.1493746030623022,0.20185205082631613
1983464,7,QH,24.0000002803,0.0416666665,0.9952943164899565,42,3,-3.6956129287,0.14964764163807104,3.591543413679879,0.15035516546082994,0.14964764163807104,0.1653837721530981
1983700,7,QH,24.0000074141,0.0416666624,0.9874721812968221,42,3,-2.6419409979,0.14926868118808476,3.5824487153567826,0.15116241653719703,0.14926868118808476,0.1955576827510895
1983961,7,QH,24.0000006893,0.0416666663,0.9793543510061261,42,3,-2.6381286464,0.14846604516844297,3.5631851153986602,0.15159583966305806,0.14846604516844297,0.1947543033509057
1984568,7,QH,24.0000000086,0.0416666667,0.9649012968763533,42,3,-3.646255637,0.14959578095058818,3.5902987399418773,0.15503739235802688,0.14959578095058818,0.20435332683627686
1985360,7,QH,24.0000002343,0.0416666665,0.9957574543545357,42,3,-3.7379900529,0.1511263003024858,3.6270312217677843,0.15177019227081565,0.1511263003024858,0.17470792742431324
1985616,7,QH,24.0000003344,0.0416666665,0.9741377796648759,42,3,-3.1575867898,0.1492158975770398,3.5811815561736813,0.15317740538548175,0.1492158975770398,0.1796345420441355
1986143,7,QH,24.0000007186,0.0416666663,0.999710491606219,28,2,-3.2712915533,0.1499099463830884,3.597838744855103,0.14995335913923485,0.1499099463830884,0.15149142708456106
1986156,7,QH,23.9999999529,0.0416666667,0.996889605503666,28,2,-3.6333828255,0.16370147959801354,3.9288355072092567,0.16421224445941074,0.16370147959801354,0.21366185477593447
1986368,7,QH,24.0000491822,0.0416665922,0.9925785437144957,28,2,-2.7838312378,0.14959125150412675,3.5901964524981422,0.15070973723078485,0.14959125150412675,0.2147232613913482
1986894,7,QH,23.9999990211,0.0416666672,0.9866560478955192,28,2,-3.1241590058,0.15170739917385045,3.6409775335678987,0.15375915395991707,0.15170739917385045,0.17097617335209697
1987091,7,QH,24.0000002601,0.0416666665,0.9983559818843275,28,2,-3.925675417,0.14955235685534524,3.5892565788853124,0.14979862851432568,0.14955235685534524,0.23472885780449226
1987238,7,QH,24.0000030807,0.0416666649,0.9988792266412004,28,2,-2.8816294278,0.1487547248841589,3.570113548592628,0.1489216322821697,0.1487547248841589,0.15970701259713008
1987996,7,QH,23.9999993205,0.0416666671,0.9765264089633093,28,2,-3.0586625742,0.14959219741558785,3.5902127006358966,0.15318807155906464,0.14959219741558785,0.15162083338443302
1988084,7,QH,24.0000401034,0.0416666435,0.9898836384267786,28,2,-2.0298446443,0.14891678698793456,3.5740048748571396,0.15043867905990235,0.14891678698793456,0.1498691719129918
1988211,7,QH,24.0000014474,0.0416666658,0.9655776994330013,28,2,-3.1760493199,0.15008463010705864,3.602031197491656,0.15543506254876238,0.15008463010705864,0.16044677763091433
1991816,8,QH,24.0000271993,0.0416666509,0.993885375468005,64,4,-2.553545279,0.14822526804669087,3.5574077792436847,0.14913718594248748,0.14822526804669087,0.16300076465490218
1991944,8,QH,24.0001186647,0.041666598,0.9900917617494681,64,4,-2.1719098119,0.14886235596189415,3.572702430899066,0.15035208019391857,0.14886235596189415,0.1504869481855426
1992228,8,QH,24.0084271389,0.0416608309,1.009760152279179,48,3,-1.3785351712,0.1494252376972066,3.5867080533241738,0.14798092137022,0.1494252376972066,0.16969424645849732
1993559,8,QH,24.0001680367,0.0416665694,0.9895340104562671,48,3,-2.3267858569,0.1482688004673149,3.5584595180834566,0.1498369928679351,0.1482688004673149,0.14931792886147216
1994178,8,QH,24.0000026653,0.0416666651,0.9767856865881454,48,3,-2.8942148397,0.1501230916635586,3.6029543353964897,0.15369092086917213,0.1501230916635586,0.1832161721977695
1994309,8,QH,24.0000018703,0.0416666656,0.9794430113745292,48,3,-2.9042427474,0.14961198392072048,3.5906877060188966,0.15275210725201688,0.14961198392072048,0.1729172526558246
1994380,8,QH,24.00012021,0.0416665971,0.9842840941859125,48,3,-2.0165268682,0.14901424514978584,3.5763478546652383,0.1513935316338048,0.14901424514978584,0.14983818991137332
1995066,8,QH,24.0000897219,0.0416666147,1.000428638294472,32,2,-2.599002153,0.14912161571576374,3.578923240811396,0.1490577238672274,0.14912161571576374,0.14981344911130462
1996104,8,QH,24.0000005174,0.0416666664,0.9966320166038984,32,2,-3.4146663689,0.14962811519309185,3.591074787617083,0.15013376321479352,0.14962811519309185,0.19018028574985288
1996122,8,QH,24.0000133596,0.0416666589,0.9979770970275302,32,2,-3.0322229885,0.14952558573911667,3.5886147266565853,0.14982867461034716,0.14952558573911667,0.16080452596617242
1996321,8,QH,24.0000029235,0.041666665,0.9925363885988807,32,2,-3.1092131638,0.14939365224374154,3.585447797267709,0.15051705303685026,0.14939365224374154,0.14964917839239525
1996625,8,QH,24.0000011302,0.041666666,0.9948029826280024,32,2,-3.1022622249,0.14958921178017529,3.590141140166465,0.15037069087288094,0.14958921178017529,0.1545954010561841
1996774,8,QH,24.000003618,0.0416666646,0.9878303312650958,32,2,-2.8198974734,0.14944892432442483,3.586774361690204,0.15129007441290895,0.14944892432442483,0.18309410384777902
1996811,8,QH,24.0000003976,0.0416666664,0.9922149731054171,32,2,-3.1463581712,0.14971481562252767,3.5931555979368595,0.15088949439449886,0.14971481562252767,0.15398194032308035
1996833,8,QH,24.0000102116,0.0416666608,0.9962904583942899,32,2,-2.9608377306,0.14923298297197468,3.5815920956155596,0.14978863012749494,0.14923298297197468,0.1777834467130569
1996973,8,QH,24.0000018245,0.0416666656,0.9850937942361077,32,2,-3.0800130616,0.1490728350377918,3.577748132497356,0.15132856983774884,0.1490728350377918,0.1613176116065092
1997015,8,QH,24.0000011921,0.041666666,0.9928333062445055,32,2,-3.1957475017,0.14949233313205143,3.5878160525742913,0.15057143247693977,0.14949233313205143,0.16646678691154645
1997062,8,QH,24.0002189064,0.04166654,1.029278841279976,32,2,-1.7086611881,0.11003140076336924,2.640761646236266,0.1069014501712072,0.11003140076336924,0.1325436412361688
2004285,6,QH,12.0000009574,0.0833333311,0.9736286734089727,60,5,-2.7351212704,0.14711711265199232,1.7654053991367724,0.1511018693984126,0.14711711265199232,0.15630324936384193
2007457,6,QH,12.0000001742,0.0833333329,0.9513683318750957,48,4,-2.9900405602,0.09225796663032458,1.107095605320792,0.09697397268678168,0.09225796663032458,0.15438409119613797
2007828,6,QH,11.9999998113,0.0833333338,0.9437212617754123,48,4,-2.9340228087,0.057966143982827956,0.6955937238986105,0.061422950113232476,0.057966143982827956,0.19058176570948673
2008487,6,QH,11.9995716281,0.083334325,0.9869019068736272,36,3,-1.2923621675,0.14788843261718276,1.7746400731893222,0.14985119755789456,0.14788843261718276,0.14893471708431208
2010135,6,QH,11.9999993888,0.0833333347,0.993834220247612,36,3,-2.0031953729,0.1448727384937027,1.7384728334134778,0.14577153366444548,0.1448727384937027,0.14731269097507974
2013568,6,QH,11.9999993056,0.0833333349,0.9776383521604374,24,2,-2.3338035209,0.14728439858961095,1.7674127498479717,0.1506532535923269,0.14728439858961095,0.1683319315492619
2018003,7,QH,12.0000023647,0.0833333279,0.9570127084367976,56,4,-2.6340568185,0.14703718181693803,1.7644462968451549,0.15364182786779426,0.14703718181693803,0.15147213320016537
2019378,7,QH,12.0012648612,0.0833260166,0.9947774351774995,42,3,-1.5667519899,0.14213332830818223,1.7057497058869635,0.14287952589397163,0.14213332830818223,0.15203265999040402
2019565,7,QH,12.0000361856,0.0833332496,0.9937845762993773,42,3,-2.3823865743,0.1488379750389457,1.7860574950979193,0.14976885191072667,0.1488379750389457,0.14991068802494353
2021294,7,QH,12.0008966058,0.083331258,0.9984285957698023,28,2,-1.717200969,0.14895141642331527,1.7874615120212785,0.14918584769546958,0.14895141642331527,0.1496080063935937
2021692,7,QH,12.0000454353,0.0833332282,0.994098067147381,28,2,-2.244487453,0.14939915010666746,1.7927920630664764,0.15028612874721356,0.14939915010666746,0.15691926596873337
2022645,7,QH,12.0000136824,0.0833333017,0.9821145997936219,28,2,-2.447305744,0.14785794582121414,1.7742960233773402,0.15055060361823813,0.14785794582121414,0.1546942422370729
2024496,7,QH,12.0000190625,0.0833332892,0.9777053886402189,28,2,-2.3896904116,0.15059564190161062,1.807148659885258,0.15402967361267922,0.15059564190161062,0.16044735260303972
2031484,8,QH,12.199508546,0.0828493254,1.048012896792989,32,2,-0.8970754195,0.14399454861165084,1.738029222524615,0.13739768761652338,0.14399454861165084,0.14597110311896636
2033774,8,QH,12.0031647206,0.0833117175,0.9772734817839,32,2,-2.2375486757,0.11108803072556872,1.333402239913836,0.11367138553968571,0.11108803072556872,0.14246114770858812
2040317,6,QH,7.9999974351,0.1250000134,0.9448196684668094,60,5,-2.3585685666,0.08943122385526642,0.715449714145922,0.09465427831364844,0.08943122385526642,0.15312970728671044
2047704,6,QH,8.0000104137,0.1249999458,0.966080603330444,24,2,-2.4004267743,0.10403978798132632,0.8323186647439836,0.1076926579652484,0.10403978798132632,0.18275819661096365
2059165,7,QH,8.0000896125,0.1249995333,0.9743425514776808,28,2,-1.9701750044,0.11090865871438282,0.8872725824359764,0.11382922622662796,0.11090865871438282,0.15358896494427604
2115647,2,QH,24.0000004069,0.0416666664,1.014432549585467,12,3,-3.7565527537,0.27704124384396145,6.64898989480861,0.27309971861329796,0.27704124384396145,0.3405958911907374
2116450,2,QH,24.0000004645,0.0416666664,1.014171513347636,12,3,-3.8376595749,0.3031432541563623,7.275438146315499,0.2989072855692126,0.3031432541563623,0.34188801783329176
2116476,2,QH,24.0000299706,0.041666612,1.014860973504294,12,3,-3.4824052108,0.3041065335398116,7.29856638067457,0.29965339241466543,0.3041065335398116,0.38479126970764843
2147191,2,QH,11.9999943482,0.0833333464,1.021893497194661,8,2,-2.5965782284,0.2847956765592036,3.4175475828389827,0.2786940883184354,0.2847956765592036,0.3473299752289139
2151635,2,QH,11.999999794,0.0833333338,1.020839264698286,12,3,-3.0486896299,0.29212747106454484,3.505529633143572,0.2861640232371788,0.29212747106454484,0.32597282828412344
2158036,2,QH,11.9999995713,0.0833333343,1.01505810768619,20,5,-3.3722338856,0.23616096586463353,2.8339315575019963,0.2326575829269114,0.23616096586463353,0.27115154559778315
2158593,2,QH,12.0000000688,0.0833333332,1.027556024645827,20,5,-3.7269895868,0.27827665655656036,3.339319884021636,0.27081409663524225,0.27827665655656036,0.3288502313558438
2160797,3,QH,12.0001190391,0.0833318259,0.9879201782205864,18,3,-1.8646033061,0.20226180427270038,2.4271855571173844,0.2047349661761222,0.20226180427270038,0.24707515631394428
2186497,2,QH,7.9999560312,0.125000132,1.022176951214214,12,3,-1.9553329192,0.3149567253080559,2.5196511417128415,0.30812348579561305,0.3149567253080559,0.37916834501191293
2187239,2,QH,8.0000349266,0.1249992635,1.019299141140797,12,3,-2.3153736477,0.27490023043426187,2.1992148012477037,0.2696953419646702,0.27490023043426187,0.3759805866763862
2258826,2,QH,23.9999971439,0.0416666683,1.005274877345353,8,2,-3.3446628889,0.3367474036564134,8.081937370941978,0.33498042301193104,0.3367474036564134,0.37352146417043486
2262053,2,QH,24.000002097,0.0416666655,1.014158955842528,12,3,-3.885489363,0.3368341805822626,8.084020560326879,0.33213154470684775,0.3368341805822626,0.44034259621179805
2263414,2,QH,24.0000000545,0.0416666666,1.016918042137352,12,3,-4.3467664993,0.33298407938108804,7.991617917932702,0.3274443618693441,0.33298407938108804,0.4407029854194102
2291244,2,QH,11.9999990044,0.0833333356,1.019376643473322,16,4,-3.5967070765,0.2994896485670762,3.5938756850514957,0.29379685171775677,0.2994896485670762,0.4324147055155065
2292778,2,QH,11.9999575436,0.0833334069,1.02012144990168,12,3,-2.4935010128,0.36889782079431693,4.426769941579298,0.3616214724529825,0.36889782079431693,0.42216563147904146
2300745,2,QH,12.0000114866,0.0833332991,1.020798907283279,20,5,-2.9671225922,0.26913189720450487,3.229584093167204,0.2636483006440159,0.26913189720450487,0.3785530573628513
2324964,2,QH,8.0000383653,0.1249984737,1.020976741417658,8,2,-1.9473766228,0.3617628705070474,2.89413830264271,0.35433017798694255,0.3617628705070474,0.39108442486579775
2327106,2,QH,7.9997552831,0.1250010383,1.015340902510294,12,3,-1.8600714019,0.26485745549863937,2.1188420440395603,0.26085569373184403,0.26485745549863937,0.3546318907394822
2328973,2,QH,7.999876505,0.1250006432,1.018771810749233,20,5,-2.0425379905,0.2440498969482778,1.9523891293727182,0.2395530523845146,0.2440498969482778,0.30367817305074196
2328994,2,QH,7.9999997823,0.1250000011,1.020871837284046,20,5,-3.3962550143,0.247678431864985,1.9814274374833185,0.24261461901419004,0.247678431864985,0.3322506733852532
2332502,2,QH,8.0000843997,0.1249964076,1.009283475153218,20,5,-1.8392031874,0.18348829832824892,1.4679485742936578,0.18180055737105355,0.18348829832824892,0.26799153043674934
2362093,2,QH,5.9999731066,0.1666667299,1.033187384075931,20,5,-2.0512417794,0.2554111372940528,1.5324662423466244,0.2472069841643383,0.2554111372940528,0.34025591334877275
2362839,2,QH,5.9999993074,0.1666666731,1.03639272608606,12,3,-2.7601035066,0.3303473518766235,1.9820840347512974,0.3187472697962492,0.3303473518766235,0.3886522079523204
2417717,4,QH,23.9999996003,0.0416666669,0.9969389266639551,24,3,-3.8825737427,0.20201263681670087,4.848303256450322,0.20263291101762207,0.20201263681670087,0.22532432225809737
2425037,5,QH,24.0000002613,0.0416666665,0.998120380037035,30,3,-3.5888978463,0.14899510598694443,3.5758825579901967,0.14927568754924733,0.14899510598694443,0.1865209656558241
2427609,5,QH,23.9999998983,0.0416666667,0.995980147781717,30,3,-4.211571593,0.18080437908386174,4.3393050945412375,0.1815341194164922,0.18080437908386174,0.25324273283207566
2428526,5,QH,24.0000009259,0.0416666661,1.000385269353625,20,2,-3.0323524323,0.14957766218739652,3.589863941319666,0.14952005669180088,0.14957766218739652,0.16227432288575735
2429625,5,QH,24.0002300779,0.0416662778,0.9897703656852533,20,2,-3.0579521449,0.1679072527915753,4.029811676424221,0.16964263491090392,0.1679072527915753,0.21691758009430223
2441815,3,QH,12.0014828666,0.0833215851,1.002583449437359,24,4,-2.011777539,0.1526304467006699,1.8318236087022053,0.15223714972187574,0.1526304467006699,0.18735027034371976
2445074,3,QH,11.9999996158,0.0833333342,1.003285870860446,18,3,-3.1847418072,0.2422543139786423,2.9070517375103697,0.24146090462818762,0.2422543139786423,0.25274917025665844
2445239,3,QH,11.9999992321,0.0833333351,1.002189809385947,18,3,-3.1046622995,0.2598272921913353,3.1179274401959622,0.25925956316651677,0.2598272921913353,0.27858723097284116
2447537,3,QH,11.9999989709,0.0833333357,0.9940867109324059,12,2,-2.9367653088,0.2535696820938466,3.042836098709614,0.25507803223323483,0.2535696820938466,0.3100680333355547
2453253,4,QH,11.9999988903,0.0833333359,1.000839584414237,24,3,-3.0417603097,0.1824138672721106,2.1889663398451638,0.18226084390823954,0.1824138672721106,0.19919121715325386
2461576,5,QH,12.0017743275,0.0833239815,1.003428447819324,30,3,-1.7789996414,0.14800647746801993,1.7762770669812498,0.14750077874478376,0.14800647746801993,0.14915005778154103
2465759,5,QH,11.9999790242,0.0833333819,0.9805580075187892,20,2,-2.2068291777,0.14906940778584746,1.7888318508989667,0.15202507821342842,0.14906940778584746,0.16914525202660852
2485498,4,QH,7.9999997937,0.1250000011,1.001524914271488,32,4,-2.3166452104,0.1453368393889559,1.1626947048799336,0.14511555061480855,0.1453368393889559,0.14762609204442756
2487574,4,QH,7.9999964913,0.1250000183,0.952480111733633,32,4,-2.4789779436,0.14655138444916072,1.1724109039523296,0.1538629338752479,0.14655138444916072,0.15491951293463177
2488091,4,QH,7.999998902,0.1250000057,1.00042752040318,24,3,-2.5397373602,0.14800289813333217,1.1840231310752025,0.14793965091412706,0.14800289813333217,0.1811215717825227
2493104,4,QH,7.9997449921,0.1250013282,0.983770415715084,16,2,-1.9042839695,0.2053689869190745,1.6429344381884294,0.20875702667862367,0.2053689869190745,0.2379632477911525
2502284,2,QH,5.9999992041,0.166666674,1.018490382033158,20,5,-2.592761131,0.09954544528663649,0.5972726454398226,0.09773822810964522,0.09954544528663649,0.2626126135374248
2518816,3,QH,6.0013749401,0.1666225963,1.000109970271502,12,2,-1.7002132464,0.21040636156715106,1.2627720743729105,0.21038322566670503,0.21040636156715106,0.25073700030138846
2530389,5,QH,6.0060721031,0.1666104814,1.018985964882787,40,4,-1.2662435523,0.14139334057943095,0.848646131931955,0.13875886955488664,0.14139334057943095,0.14798277840496996
2557281,7,QH,24.0001643796,0.0416657162,1.00226711647536,14,1,-2.0805525765,0.18677485308196293,4.482698729704373,0.18635237055246104,0.18677485308196293,0.1870099375430228
2561058,8,QH,24.0001216007,0.0416665963,1.001491393663781,16,1,-2.1812978461,0.14973953014846694,3.5937547926963007,0.1495165421249114,0.14973953014846694,0.14973953014846708
2562466,8,QH,24.0000587149,0.0416666327,1.000454966893337,16,1,-2.2119487581,0.1705454585029413,4.093094340761098,0.17046790125149525,0.1705454585029413,0.17054545850294148
2582851,4,QH,11.9999505295,0.0833334478,1.004862422774897,16,2,-1.9862262361,0.19469072583784686,2.336285500932398,0.19374863804759893,0.19469072583784686,0.202575852621822
2588494,6,QH,11.9837904434,0.0833638907,0.9733132607022562,12,1,-0.6855054992,0.1503477341179256,1.8035114826751435,0.15447003568968953,0.1503477341179256,0.15034773411792637
2596661,8,QH,12.0113499553,0.0832925976,1.010659064381509,16,1,-1.4471468863,0.14961909605791993,1.7963072394073099,0.1480411162685035,0.14961909605791993,0.1496190960579203
2630694,7,QH,8.4654176424,0.1226659083,1.137443273611455,28,2,-0.4019924695,0.1480972360392682,1.207321888303893,0.13020186542494555,0.1480972360392682,0.14948450493576013
2632206,8,QH,8.3337356258,0.1233014575,1.062147129908065,16,1,-1.0395999371,0.14939554051760537,1.211628342005652,0.14065428066499264,0.14939554051760537,0.1493955405176057
2632243,8,QH,8.9117522789,0.1205761847,1.024058209051437,16,1,-0.4878336053,0.14837573844529522,1.2305559245755038,0.14488994583885273,0.14837573844529522,0.14837573844529567
2659427,6,QH,5.9984920345,0.1666696911,1.019735980811844,12,1,-1.3023479207,0.16581707727124165,0.9948844098580181,0.1626078518277147,0.16581707727124165,0.1658170772712421
2696682,7,QH,23.999520491,0.0416669442,1.000900105601595,14,1,-1.9686769103,0.1594446136014861,3.8266452379170657,0.15930122567591426,0.1594446136014861,0.1597416411258697
