ID,nfp,aspect_ratio,mean_elongation,max_elongation,qs_error,mean_iota,minor_radius,volume,Nsurfaces,pick_reason
923602,3,10.0000002812,1.5137923404,1.5255133184,-3.6563632714,0.1,0.0999999991,0.197392088,2,low_elong
1081578,3,10.0000002812,1.5137923404,1.5255133184,-3.6563632714,0.1,0.0999999991,0.197392088,2,low_elong
932746,3,5.0001404638,1.4688447524,1.5309634725,-2.121856902,0.1,0.1999981272,0.7895683521,4,low_elong
803097,3,9.9999999722,1.5132638321,1.5318440795,-3.6982242236,0.1,0.1000000001,0.197392088,2,low_elong
658722,3,9.9999896938,1.494898351,1.5338754011,-3.0939067569,0.1,0.1000000344,0.197392088,2,low_elong
812176,3,9.9999999845,1.5174578727,1.5339634411,-3.4356885731,0.1,0.1000000001,0.197392088,2,low_elong
59886,3,10.0000025994,1.4824504622,1.5411753188,-2.8463257912,0.1,0.0999999913,0.197392088,2,low_elong
645023,3,10.0000009419,1.5103886936,1.542884558,-3.5754763766,0.1,0.0999999969,0.197392088,2,low_elong
803272,3,9.9999998445,1.515364292,1.5430849992,-3.8044193985,0.1,0.1000000005,0.197392088,2,low_elong
803020,3,9.9999998183,1.5243947154,1.5439878958,-3.5578765937,0.1,0.1000000006,0.197392088,2,low_elong
399015,3,9.9999997073,1.5147412002,1.5441321166,-3.0746607088,0.1,0.100000001,0.197392088,2,low_elong
59509,3,6.6666832285,1.4406890475,1.5448806107,-2.1564404209,0.1,0.1499998758,0.444132198,3,low_elong
802579,3,10.0000010247,1.4786535132,1.5479270497,-2.7011961959,0.1,0.0999999966,0.197392088,2,low_elong
227417,3,10.000000146,1.5220482867,1.5482639567,-3.6353361439,0.1,0.0999999995,0.197392088,2,low_elong
645380,3,10.0000006361,1.5128835422,1.548315703,-3.6092495758,0.1,0.0999999979,0.197392088,2,low_elong
1090790,3,9.9999995954,1.5212555539,1.550737865,-3.5237289362,0.1,0.1000000013,0.197392088,2,low_elong
644960,3,9.999999686,1.5075093856,1.5565951131,-3.5317053681,0.1,0.100000001,0.197392088,2,low_elong
644939,3,10.0000001337,1.5175496817,1.556830493,-3.3881892285,0.1,0.0999999996,0.197392088,2,low_elong
932758,3,9.9999999568,1.5174278003,1.5571805837,-3.628570184,0.1,0.1000000001,0.197392088,2,low_elong
816789,3,10.0000000569,1.5199129611,1.5589313605,-3.651822006,0.1,0.0999999998,0.197392088,2,low_elong
50569,3,9.9999995912,1.5235112119,1.5595540467,-3.6871788749,0.1,0.1000000014,0.197392088,2,low_elong
218219,3,9.9999997657,1.5008491386,1.5618350475,-3.31755271,0.1,0.1000000008,0.197392088,2,low_elong
218485,3,10.0000006003,1.5163991591,1.563552792,-3.7949492614,0.1,0.099999998,0.197392088,2,low_elong
802943,3,10.0000005355,1.5064199904,1.5641010316,-3.5438769949,0.1,0.0999999982,0.197392088,2,low_elong
1090734,3,10.0000000522,1.5163588629,1.5698379707,-3.6218211874,0.1,0.0999999998,0.197392088,2,low_elong
227466,3,10.0000001752,1.510699287,1.5706325591,-3.6710673909,0.1,0.0999999994,0.197392088,2,low_elong
50828,3,9.9999952129,1.4730734171,1.5717755029,-2.6719294296,0.1,0.100000016,0.197392088,2,low_elong
802845,3,10.0000000798,1.5302677928,1.5728955812,-3.282675212,0.1,0.0999999997,0.197392088,2,low_elong
923119,3,10.0000000178,1.489851958,1.5731798269,-2.7060717069,0.1,0.0999999999,0.197392088,2,low_elong
1081095,3,10.0000000178,1.489851958,1.5731798269,-2.7060717069,0.1,0.0999999999,0.197392088,2,low_elong
218429,3,10.000000029,1.5174621951,1.5743015127,-3.7022614858,0.1,0.0999999999,0.197392088,2,low_elong
359024,2,9.9999962478,1.5462460506,1.5756926446,-2.9825246485,0.1,0.1000000125,0.197392088,2,low_elong
803223,3,9.9999996477,1.5232204875,1.576146799,-3.6747138707,0.1,0.1000000012,0.197392088,2,low_elong
932814,3,10.0000002688,1.5208163315,1.576175787,-3.5483920736,0.1,0.0999999991,0.197392088,2,low_elong
654606,3,10.0000005314,1.5170384234,1.5785938554,-3.7021592691,0.1,0.0999999982,0.197392088,2,low_elong
50317,3,10.0000000819,1.5265538692,1.5791555587,-3.3641529925,0.1,0.0999999997,0.197392088,2,low_elong
1050778,2,9.9999994746,1.570115437,1.579944736,-3.8897420606,0.1,0.1000000018,0.197392088,2,low_elong
892802,2,9.9999994746,1.570115437,1.579944736,-3.8897420606,0.1,0.1000000018,0.197392088,2,low_elong
59529,3,10.0000013495,1.5163696497,1.5812148176,-3.3578808577,0.1,0.0999999955,0.197392088,2,low_elong
227375,3,10.0000001761,1.5131641911,1.5812610313,-3.6402940482,0.1,0.0999999994,0.197392088,2,low_elong
63731,3,5.0000030177,5.4417941975,7.2035645034,-2.6475117298,0.9,0.1999999598,0.7895683521,4,random
772222,2,4.9999999678,2.3245307546,3.4262625067,-3.3995216173,0.1,0.2000000004,0.7895683521,4,random
28920,2,4.999999981,2.2497298052,3.2715003994,-3.5880115388,0.1,0.2000000003,0.7895683521,4,random
25741,2,6.6666662426,5.5303949386,7.8535762464,-3.0209064876,0.7,0.1500000032,0.444132198,3,random
615682,2,4.0000000051,2.5638909594,4.1496486178,-3.8951356119,0.2,0.2499999999,1.2337005501,5,random
46587,3,6.6666778996,3.2533308091,4.5171581524,-2.3928006961,0.6,0.1499999158,0.444132198,3,random
656910,3,6.6666672837,3.2887870337,4.3317134805,-3.0404394279,0.6,0.1499999954,0.444132198,3,random
1048013,2,10.000200758,4.5952608312,10.4244454749,-2.5847780677,0.7,0.0999980613,0.1973845704,2,random
36795,2,5.0000000174,3.0321156384,4.6589426773,-4.1411729435,0.4,0.1999999998,0.7895683521,4,random
776736,2,6.6666658374,3.4346179527,4.7384337199,-3.6123522753,0.5,0.1500000062,0.444132198,3,random
1074305,3,9.9999985979,2.103590639,2.9020075827,-2.2421736569,0.3,0.0999999945,0.197392028,2,random
627440,2,6.6666665929,4.2469304242,5.8977863817,-3.8508206668,0.6,0.1500000006,0.444132198,3,random
23228,2,6.6666668307,3.0120379489,4.6325550292,-4.1271578549,0.4,0.1499999988,0.444132198,3,random
802624,3,4.0000178697,1.5587118893,1.7821469918,-2.1310609588,0.1,0.2499996277,1.2337005501,5,random
204353,2,6.6666665975,2.9248218719,4.2704284624,-4.0616813726,0.4,0.1500000005,0.444132198,3,random
902078,2,6.6666666682,1.7528186697,2.303504461,-3.8419868115,0.1,0.15,0.444132198,3,random
887931,2,6.6666660248,3.7991109583,6.3447636223,-3.0126884794,0.5,0.1500000048,0.444132198,3,random
789092,2,5.0000000202,2.6436073806,4.1197741821,-4.1098385682,0.3,0.1999999997,0.7895683521,4,random
372262,2,6.666643525,3.5417215979,5.2220048575,-2.3787539705,0.5,0.1500001736,0.444132198,3,random
41014,3,9.9999978193,1.5690973624,2.0304055121,-2.8178799179,0.1,0.1000000073,0.197392088,2,random
