ID,class,nfp,qs_error,aspect_ratio,mean_iota
162351,QA,1,-3.7225,20.000,0.6
134198,QA,1,-4.3249,10.000,0.3
135024,QA,1,-4.3940,10.000,0.4
122334,QA,1,-3.8905,6.667,0.1
164985,QA,1,-3.7164,6.667,0.6
161631,QA,1,-4.4195,10.000,0.4
150260,QA,1,-3.4946,3.333,0.2
161137,QA,1,-3.4123,4.000,0.3
125577,QA,1,-3.5804,4.000,0.4
164739,QA,1,-3.4782,10.000,0.5
104435,QA,1,-3.0793,6.667,0.2
126777,QA,1,-3.5849,20.001,0.5
115818,QA,1,-2.9401,5.000,0.4
112734,QA,1,-2.6723,2.857,0.1
294767,QA,1,-2.7316,4.000,0.2
162397,QA,1,-2.6769,4.000,0.6
125172,QA,1,-2.5955,3.333,0.4
161900,QA,1,-2.8678,4.000,0.5
124235,QA,1,-2.5737,2.857,0.3
136610,QA,1,-2.1054,3.334,0.6
137693,QA,1,-2.5365,5.001,0.7
167607,QA,1,-2.3968,2.857,0.5
160285,QA,1,-2.5113,2.857,0.1
137202,QA,1,-2.2985,6.662,0.6
137694,QA,1,-1.8188,4.003,0.7
127637,QA,1,-1.8707,2.857,0.6
117786,QA,1,-2.0054,4.000,0.6
136695,QA,1,-2.0301,2.858,0.6
136694,QA,1,-1.9715,3.333,0.6
114547,QA,1,-1.9119,2.857,0.3
883330,QA,2,-3.9270,20.000,0.1
1060080,QA,2,-4.3455,20.000,0.1
178432,QA,2,-3.8130,6.667,0.1
24285,QA,2,-4.0599,6.667,0.5
192284,QA,2,-4.6040,10.000,0.5
189654,QA,2,-3.8279,5.000,0.3
179224,QA,2,-3.1254,5.000,0.2
185880,QA,2,-3.1240,6.667,0.8
1042638,QA,2,-3.5200,6.667,0.2
1051091,QA,2,-3.3752,2.857,0.1
606074,QA,2,-3.4408,20.000,0.2
775499,QA,2,-3.4415,4.000,0.4
361824,QA,2,-2.7790,10.000,0.4
1000272,QA,2,-2.8411,20.001,0.9
180269,QA,2,-2.6378,3.333,0.3
777998,QA,2,-2.9780,4.000,0.6
777649,QA,2,-2.6910,3.333,0.6
888694,QA,2,-2.9995,6.667,0.6
180790,QA,2,-2.5107,10.000,0.4
1052272,QA,2,-2.4420,4.000,0.2
11357,QA,2,-2.4602,5.000,0.2
883496,QA,2,-2.5856,3.333,0.1
894738,QA,2,-2.5931,3.333,0.3
366459,QA,2,-2.3392,6.667,0.8
1035368,QA,2,-1.4421,3.333,0.4
1042101,QA,2,-1.9467,4.000,0.2
877292,QA,2,-1.4934,5.000,0.4
174071,QA,2,-1.5505,6.667,0.6
1007,QA,2,-1.5212,2.857,0.1
168794,QA,2,-1.8624,5.000,0.1
657580,QA,3,-3.8005,20.004,0.7
931756,QA,3,-3.7460,20.000,0.9
1095472,QA,3,-4.4698,20.000,0.2
1090019,QA,3,-3.9046,20.000,0.9
1090831,QA,3,-4.3736,20.000,0.1
923503,QA,3,-3.9306,20.000,0.1
1096180,QA,3,-3.5960,10.000,0.6
232765,QA,3,-3.5366,10.000,0.6
1081620,QA,3,-3.6101,10.000,0.1
638925,QA,3,-3.3384,20.000,0.4
810803,QA,3,-3.5950,20.000,0.8
1090727,QA,3,-3.5294,10.000,0.1
646306,QA,3,-2.8470,5.000,0.2
918568,QA,3,-2.6268,20.000,0.5
45395,QA,3,-2.8404,20.000,0.5
1081587,QA,3,-3.0702,5.000,0.1
649055,QA,3,-3.0632,10.000,0.5
1090990,QA,3,-2.6283,3.333,0.1
803053,QA,3,-2.2679,2.857,0.1
1075299,QA,3,-2.5424,10.000,0.4
809322,QA,3,-2.3086,5.000,0.7
225971,QA,3,-2.2965,4.000,0.8
918134,QA,3,-2.3521,20.000,0.5
928988,QA,3,-2.2458,4.000,0.6
52035,QA,3,-1.8622,4.000,0.3
391491,QA,3,-1.5989,6.665,0.3
209893,QA,3,-1.8269,3.333,0.2
1077221,QA,3,-1.1833,3.332,0.6
793251,QA,3,-1.5040,4.000,0.1
220230,QA,3,-2.0157,5.000,0.3
948619,QA,4,-3.8323,20.000,0.1
671020,QA,4,-3.9933,20.000,0.2
244209,QA,4,-3.6610,20.000,0.2
828429,QA,4,-4.3785,20.000,0.1
952490,QA,4,-3.8460,20.000,0.6
955983,QA,4,-3.6622,20.000,0.7
243019,QA,4,-3.3345,20.000,0.1
666449,QA,4,-3.1235,20.000,0.6
948374,QA,4,-3.3638,20.000,0.1
248934,QA,4,-3.3173,20.000,0.9
1107995,QA,4,-3.4577,20.000,0.3
79030,QA,4,-3.1113,20.001,0.6
1107841,QA,4,-2.6703,20.001,0.3
1102493,QA,4,-2.8033,20.000,0.6
1104005,QA,4,-2.9807,20.000,0.7
1106084,QA,4,-2.9478,20.000,0.9
1102647,QA,4,-3.0688,20.000,0.6
674289,QA,4,-2.7459,20.000,0.7
66633,QA,4,-2.4106,20.000,0.2
941045,QA,4,-2.2345,20.000,0.3
235789,QA,4,-2.1654,10.000,0.3
1109675,QA,4,-2.3923,20.000,0.5
939367,QA,4,-2.1968,6.667,0.1
825832,QA,4,-2.2241,20.000,0.8
237722,QA,4,-1.5915,6.667,0.5
824674,QA,4,-1.1478,4.001,0.7
665963,QA,4,-1.2348,4.001,0.6
668330,QA,4,-1.3377,3.334,0.8
674188,QA,4,-1.3346,4.001,0.7
1097975,QA,4,-1.4813,4.000,0.2
261310,QA,5,-3.6916,20.000,0.2
252896,QA,5,-3.6849,20.000,0.2
252973,QA,5,-3.6921,20.000,0.2
260855,QA,5,-3.7089,20.000,0.1
253015,QA,5,-3.7616,20.000,0.2
251797,QA,5,-3.8143,20.000,0.1
252812,QA,5,-3.4987,20.000,0.2
261660,QA,5,-3.2241,20.000,0.3
253057,QA,5,-3.1921,20.000,0.2
260624,QA,5,-3.1393,20.000,0.1
261681,QA,5,-3.2939,20.000,0.3
252504,QA,5,-3.3193,20.000,0.2
252042,QA,5,-2.9844,20.000,0.1
254758,QA,5,-2.7711,20.000,0.4
261849,QA,5,-2.9466,20.000,0.4
258167,QA,5,-2.6005,20.000,0.7
257019,QA,5,-2.6746,20.000,0.6
254674,QA,5,-3.0147,20.000,0.4
252527,QA,5,-2.0682,6.667,0.2
257740,QA,5,-2.3305,20.000,0.7
260092,QA,5,-2.3168,20.001,0.9
262171,QA,5,-2.1742,20.000,0.5
260407,QA,5,-2.4337,20.002,0.9
252393,QA,5,-2.2733,10.000,0.2
260277,QA,5,-1.2756,5.001,0.9
254453,QA,5,-1.2987,5.001,0.4
258461,QA,5,-2.0099,20.000,0.8
255378,QA,5,-1.1084,4.002,0.5
255357,QA,5,-1.0581,4.003,0.5
254241,QA,5,-1.8266,10.000,0.4
2262053,QH,2,-3.8855,24.000,0.93
2263414,QH,2,-4.3468,24.000,0.98
2116450,QH,2,-3.8377,24.000,1.3
1826834,QH,2,-4.3177,24.000,1.4
2158593,QH,2,-3.7270,12.000,1.1
2115647,QH,2,-3.7566,24.000,1.1
2258826,QH,2,-3.3447,24.000,0.9
1577073,QH,2,-3.2694,12.000,1.1
2328994,QH,2,-3.3963,8.000,0.97
2116476,QH,2,-3.4824,24.000,1.3
2291244,QH,2,-3.5967,12.000,0.96
2158036,QH,2,-3.3722,12.000,0.9
2147191,QH,2,-2.5966,12.000,0.9
1470331,QH,2,-2.9021,8.000,1.1
2151635,QH,2,-3.0487,12.000,1.2
2300745,QH,2,-2.9671,12.000,0.99
2362839,QH,2,-2.7601,6.000,0.96
1755224,QH,2,-2.9699,8.000,1.2
2292778,QH,2,-2.4935,12.000,0.97
1793879,QH,2,-2.3096,6.000,1.1
1545207,QH,2,-2.5771,24.001,1.4
1758284,QH,2,-2.5027,8.000,1.1
2187239,QH,2,-2.3154,8.000,1.2
2502284,QH,2,-2.5928,6.000,1.1
2332502,QH,2,-1.8392,8.000,0.92
2324964,QH,2,-1.9474,8.000,0.94
2327106,QH,2,-1.8601,8.000,0.96
2362093,QH,2,-2.0512,6.000,0.95
2186497,QH,2,-1.9553,8.000,1.0
2328973,QH,2,-2.0425,8.000,0.97
1907475,QH,3,-3.7150,8.000,1.3
1841479,QH,3,-3.7925,24.000,2.1
1836693,QH,3,-3.6963,24.000,1.5
1444558,QH,3,-3.7717,12.000,1.2
1697632,QH,3,-4.3028,24.000,1.3
1406183,QH,3,-4.2300,24.000,1.2
1872066,QH,3,-3.5242,12.000,1.4
2445074,QH,3,-3.1847,12.000,1.4
1836628,QH,3,-3.2538,24.001,1.5
1445098,QH,3,-3.4656,12.000,1.4
2445239,QH,3,-3.1047,12.000,1.5
1700131,QH,3,-3.5914,24.000,1.1
1517956,QH,3,-2.6894,6.000,2.1
1626853,QH,3,-2.8969,8.000,1.5
1333420,QH,3,-2.9215,8.000,1.8
1736006,QH,3,-2.7938,12.000,1.5
2447537,QH,3,-2.9368,12.000,1.3
1624686,QH,3,-2.7906,8.000,2.1
1266029,QH,3,-2.3634,24.000,1.2
1907269,QH,3,-2.2151,8.000,1.2
1661867,QH,3,-2.1538,6.000,1.2
1445211,QH,3,-2.0869,12.002,1.5
1700146,QH,3,-2.2688,24.000,1.2
1486742,QH,3,-2.2249,8.000,1.3
1335098,QH,3,-2.0098,8.003,1.8
2518816,QH,3,-1.7002,6.001,1.5
2441815,QH,3,-2.0118,12.001,1.6
1803985,QH,3,-1.9398,6.000,1.1
1733102,QH,3,-1.8498,12.003,1.3
2160797,QH,3,-1.8646,12.000,1.5
1567468,QH,4,-3.8916,24.000,1.7
1257819,QH,4,-4.7686,24.000,1.7
1259243,QH,4,-4.3651,24.000,1.3
1848895,QH,4,-4.0951,24.000,1.7
2417717,QH,4,-3.8826,24.000,1.5
1703864,QH,4,-3.8308,24.000,1.9
1851606,QH,4,-3.2171,24.000,1.4
1295205,QH,4,-3.1844,12.000,1.8
1742813,QH,4,-3.4587,12.000,2.0
1886120,QH,4,-3.2462,12.000,2.4
1708968,QH,4,-3.4298,24.000,1.2
1705245,QH,4,-3.4863,24.000,1.2
1737821,QH,4,-3.0456,12.000,2.2
1331217,QH,4,-2.7069,8.000,1.2
1328722,QH,4,-2.8310,8.000,1.1
1952403,QH,4,-2.9839,6.000,1.5
2453253,QH,4,-3.0418,12.000,1.5
1632094,QH,4,-2.6441,8.000,1.5
1601622,QH,4,-2.4295,12.005,2.5
2487574,QH,4,-2.4790,8.000,2.5
2485498,QH,4,-2.3166,8.000,1.1
2488091,QH,4,-2.5397,8.000,1.2
1673573,QH,4,-2.2089,6.000,1.3
1776157,QH,4,-2.3360,8.000,1.1
1781536,QH,4,-2.0473,8.000,2.1
1775270,QH,4,-1.6840,8.001,2.1
1809398,QH,4,-1.7409,6.000,1.1
1331857,QH,4,-2.0646,8.000,1.3
2582851,QH,4,-1.9862,12.000,1.5
2493104,QH,4,-1.9043,8.000,2.0
2427609,QH,5,-4.2116,24.000,2.6
1856583,QH,5,-4.3554,24.000,1.6
1574333,QH,5,-3.7511,24.000,1.4
1569016,QH,5,-3.7245,24.000,1.4
1856039,QH,5,-3.8218,24.000,1.3
1571526,QH,5,-3.7063,24.000,1.4
1121685,QH,5,-3.4907,20.000,1.3
1854549,QH,5,-3.3731,24.000,1.5
1749785,QH,5,-3.1733,12.000,1.6
1611640,QH,5,-3.4204,12.000,2.2
2425037,QH,5,-3.5889,24.000,1.1
1610630,QH,5,-3.3923,12.000,1.7
2428526,QH,5,-3.0324,24.000,1.5
2429625,QH,5,-3.0580,24.000,2.0
1895847,QH,5,-2.7661,12.000,2.0
1747877,QH,5,-2.7624,12.000,1.6
1785050,QH,5,-2.6826,8.000,1.4
1821296,QH,5,-2.7052,6.000,1.8
1607357,QH,5,-2.0948,12.000,1.6
1894960,QH,5,-2.4265,12.000,1.6
1642802,QH,5,-2.3468,8.000,1.5
2465759,QH,5,-2.2068,12.000,2.3
1893882,QH,5,-2.1687,12.000,1.1
1642553,QH,5,-2.4967,8.000,1.3
1818651,QH,5,-1.3991,6.007,1.1
2530389,QH,5,-1.2662,6.006,1.2
1642116,QH,5,-1.8596,8.000,1.1
1681455,QH,5,-1.7289,6.000,1.6
2461576,QH,5,-1.7790,12.002,1.7
1680659,QH,5,-1.8369,6.000,1.2
1970299,QH,6,-3.6330,24.000,2.5
1973808,QH,6,-4.0960,24.000,3.1
1970553,QH,6,-3.6380,24.000,2.7
1971507,QH,6,-3.9717,24.000,3.5
1973204,QH,6,-3.9398,24.000,2.7
1970427,QH,6,-3.6892,24.000,2.6
1976169,QH,6,-3.2997,24.000,2.5
1974924,QH,6,-3.4740,24.000,3.8
1970412,QH,6,-3.3389,24.000,2.6
1971023,QH,6,-3.1265,24.000,3.1
1972229,QH,6,-3.5406,24.000,4.1
1971503,QH,6,-3.4678,24.000,3.5
1977096,QH,6,-2.6375,24.000,3.1
2007828,QH,6,-2.9340,12.000,4.1
2007457,QH,6,-2.9900,12.000,3.8
1969311,QH,6,-3.0631,24.000,3.5
2004285,QH,6,-2.7351,12.000,2.8
1975045,QH,6,-3.0236,24.000,3.9
1968931,QH,6,-2.5671,24.000,3.1
2013568,QH,6,-2.3338,12.000,3.6
1976590,QH,6,-2.2523,24.000,2.8
2040317,QH,6,-2.3586,8.000,3.3
1973589,QH,6,-2.4739,24.012,3.0
2047704,QH,6,-2.4004,8.000,2.7
1970577,QH,6,-1.6310,24.000,2.8
2008487,QH,6,-1.2924,12.000,2.6
1969176,QH,6,-1.9853,24.000,3.4
2010135,QH,6,-2.0032,12.000,3.6
2659427,QH,6,-1.3023,5.998,2.6
1969175,QH,6,-1.6418,24.007,3.4
1983464,QH,7,-3.6956,24.000,2.9
1984568,QH,7,-3.6463,24.000,3.7
1985360,QH,7,-3.7380,24.000,4.3
1987091,QH,7,-3.9257,24.000,3.2
1986156,QH,7,-3.6334,24.000,2.7
1983200,QH,7,-3.7296,24.000,2.7
1985616,QH,7,-3.1576,24.000,4.5
1986143,QH,7,-3.2713,24.000,2.7
1980528,QH,7,-3.1492,24.000,4.1
1983033,QH,7,-3.0782,24.000,2.6
1988211,QH,7,-3.1760,24.000,3.8
1986894,QH,7,-3.1242,24.000,3.1
1986368,QH,7,-2.7838,24.000,2.8
1983961,QH,7,-2.6381,24.000,3.3
1987996,QH,7,-3.0587,24.000,3.7
2018003,QH,7,-2.6341,12.000,4.1
1987238,QH,7,-2.8816,24.000,3.3
1983700,QH,7,-2.6419,24.000,3.1
2024496,QH,7,-2.3897,12.000,4.2
2022645,QH,7,-2.4473,12.000,3.2
1981145,QH,7,-2.1508,24.011,2.8
2557281,QH,7,-2.0806,24.000,2.8
2019565,QH,7,-2.3824,12.000,3.3
2021692,QH,7,-2.2445,12.000,2.7
2696682,QH,7,-1.9687,24.000,2.7
1988084,QH,7,-2.0298,24.000,3.8
2021294,QH,7,-1.7172,12.001,2.5
2059165,QH,7,-1.9702,8.000,3.7
2019378,QH,7,-1.5668,12.001,3.2
1981017,QH,7,-1.7328,24.001,2.7
1996625,QH,8,-3.1023,24.000,3.6
1996811,QH,8,-3.1464,24.000,3.7
1996321,QH,8,-3.1092,24.000,3.4
1996973,QH,8,-3.0800,24.000,3.8
1997015,QH,8,-3.1957,24.000,3.8
1996104,QH,8,-3.4147,24.000,3.3
1996833,QH,8,-2.9608,24.000,3.7
1996122,QH,8,-3.0322,24.000,3.3
1994309,QH,8,-2.9042,24.000,4.3
1994178,QH,8,-2.8942,24.000,4.2
1995066,QH,8,-2.5990,24.000,2.7
1996774,QH,8,-2.8199,24.000,3.7
1991944,QH,8,-2.1719,24.000,4.4
1993559,QH,8,-2.3268,24.000,3.7
2562466,QH,8,-2.2119,24.000,3.7
2033774,QH,8,-2.2375,12.003,4.5
2561058,QH,8,-2.1813,24.000,2.6
1991816,QH,8,-2.5535,24.000,4.2
1992228,QH,8,-1.3785,24.008,2.6
2031484,QH,8,-0.8971,12.200,3.2
1994380,QH,8,-2.0165,24.000,4.4
1997062,QH,8,-1.7087,24.000,3.9
2632206,QH,8,-1.0396,8.334,2.6
2596661,QH,8,-1.4471,12.011,2.6
