ID,class,nfp,S_phi,C,lambda_phi,reversal_frac
2007828,QH,6,-0.2283,0.6186,0.1811,0.0613
2013568,QH,6,-0.1879,0.5669,0.2081,0.0006
2487459,QH,4,-0.1731,0.6086,0.2180,0.1098
1921186,QH,4,-0.0852,0.6436,0.2766,0.0874
2487320,QH,4,-0.0709,0.7231,0.2861,0.0662
1880259,QH,4,-0.0602,0.6965,0.2932,0.0726
1743523,QH,4,-0.0351,0.7273,0.3099,0.0193
1880092,QH,4,-0.0075,0.7139,0.3283,0.0443
1955431,QH,4,0.0518,0.6322,0.3678,0.0105
2524474,QH,4,0.1284,0.6566,0.4190,0.0066
1505944,QH,2,0.1330,0.5876,0.4220,0.0330
2230208,QH,2,0.1339,0.5989,0.4226,0.0260
1885670,QH,4,0.1438,0.6648,0.4292,0.0000
1762178,QH,3,0.1607,0.6892,0.4405,0.0430
2327752,QH,2,0.1692,0.6277,0.4461,0.0236
2225908,QH,2,0.1697,0.6337,0.4465,0.0422
1790799,QH,2,0.1815,0.5963,0.4543,0.0575
1656157,QH,3,0.1867,0.6567,0.4578,0.0099
1950837,QH,4,0.1913,0.6806,0.4609,0.0037
2231728,QH,3,0.1967,0.6982,0.4644,0.0289
1336739,QH,3,0.2015,0.6577,0.4677,0.0224
2194424,QH,2,0.2032,0.6195,0.4688,0.0362
2296767,QH,2,0.2122,0.6754,0.4748,0.0059
1871622,QH,3,0.2146,0.6878,0.4764,0.0054
2218517,QH,2,0.2197,0.6649,0.4798,0.0170
2190977,QH,2,0.2226,0.6564,0.4817,0.0258
2150517,QH,2,0.2234,0.6764,0.4822,0.0121
2509345,QH,3,0.2297,0.6945,0.4865,0.0118
2369483,QH,2,0.2309,0.6543,0.4873,0.0277
1577542,QH,2,0.2349,0.6606,0.4899,0.0198
2450579,QH,4,0.2364,0.6989,0.4909,0.0028
1807182,QH,3,0.2523,0.7015,0.5016,0.0037
1624199,QH,3,0.2552,0.6985,0.5034,0.0065
2293681,QH,2,0.2746,0.6865,0.5164,0.0216
1330430,QH,4,0.2751,0.7098,0.5167,0.0046
1451468,QH,3,0.2759,0.7098,0.5172,0.0073
2439664,QH,3,0.2818,0.6947,0.5212,0.0158
2469994,QH,2,0.2980,0.6782,0.5320,0.0303
2331986,QH,2,0.2982,0.7013,0.5321,0.0148
1862008,QH,2,0.3060,0.6871,0.5374,0.0288
1634455,QH,4,0.3109,0.7289,0.5406,0.0024
2226889,QH,2,0.3154,0.7092,0.5436,0.0077
2291622,QH,2,0.3276,0.7049,0.5518,0.0241
2147186,QH,2,0.3363,0.7182,0.5576,0.0208
890009,QA,2,0.3462,0.7699,0.5641,0.0033
1331947,QH,4,0.3516,0.7473,0.5677,0.0000
185683,QA,2,0.3523,0.7525,0.5682,0.0000
1740909,QH,4,0.3530,0.7460,0.5686,0.0015
2361497,QH,2,0.3534,0.7380,0.5689,0.0064
2515642,QH,3,0.3614,0.7455,0.5743,0.0042
16928,QA,2,0.3781,0.7701,0.5854,0.0029
2150556,QH,2,0.3807,0.7528,0.5872,0.0026
1577503,QH,2,0.3876,0.7498,0.5917,0.0023
2295232,QH,2,0.3920,0.7638,0.5947,0.0000
195044,QA,2,0.4005,0.7666,0.6004,0.0007
1949518,QH,3,0.4029,0.7695,0.6019,0.0000
17909,QA,2,0.4036,0.7680,0.6024,0.0000
2301830,QH,2,0.4241,0.7614,0.6161,0.0092
1598773,QH,4,0.4260,0.7816,0.6173,0.0000
1940585,QH,3,0.4303,0.7634,0.6202,0.0128
1446437,QH,3,0.4333,0.7748,0.6222,0.0056
1337294,QH,3,0.4381,0.7840,0.6254,0.0013
1871375,QH,3,0.4430,0.7840,0.6286,0.0017
1186520,QH,3,0.4571,0.7880,0.6381,0.0000
2438908,QH,3,0.4581,0.7717,0.6388,0.0171
890894,QA,2,0.4658,0.7943,0.6439,0.0000
1048870,QA,2,0.4658,0.7943,0.6439,0.0000
2151170,QH,2,0.4813,0.7938,0.6542,0.0040
899407,QA,2,0.4819,0.7984,0.6546,0.0000
2161513,QH,3,0.4846,0.7874,0.6564,0.0121
768706,QA,2,0.4865,0.8084,0.6577,0.0006
2182878,QH,2,0.4898,0.8090,0.6599,0.0000
16769,QA,2,0.4935,0.8065,0.6623,0.0000
2183348,QH,2,0.4977,0.8106,0.6651,0.0000
2456406,QH,4,0.5048,0.8147,0.6699,0.0000
1058555,QA,2,0.5050,0.8143,0.6700,0.0000
15058,QA,2,0.5053,0.8144,0.6702,0.0000
345232,QA,1,0.5108,0.7448,0.6739,0.0504
166828,QA,1,0.5118,0.8134,0.6746,0.0012
2301020,QH,2,0.5128,0.8183,0.6752,0.0000
911096,QA,2,0.5165,0.8160,0.6776,0.0000
339749,QA,1,0.5178,0.8151,0.6785,0.0023
2229509,QH,2,0.5219,0.8148,0.6813,0.0028
1481798,QH,3,0.5304,0.8176,0.6869,0.0006
1450985,QH,3,0.5378,0.8232,0.6919,0.0010
2472355,QH,2,0.5399,0.8217,0.6932,0.0000
2363982,QH,2,0.5428,0.8177,0.6952,0.0000
889942,QA,2,0.5504,0.8302,0.7003,0.0000
1484542,QH,3,0.5557,0.8343,0.7038,0.0003
166932,QA,1,0.5559,0.8327,0.7039,0.0009
1150446,QH,3,0.5586,0.8361,0.7057,0.0000
2291539,QH,2,0.5674,0.8395,0.7116,0.0000
1048713,QA,2,0.5679,0.8404,0.7120,0.0000
2193966,QH,2,0.5687,0.8355,0.7125,0.0000
2367903,QH,2,0.5706,0.8392,0.7137,0.0000
2370348,QH,2,0.5736,0.8397,0.7157,0.0000
1768896,QH,3,0.5784,0.8421,0.7189,0.0000
2480592,QH,3,0.5796,0.8421,0.7197,0.0000
2218691,QH,2,0.5804,0.8394,0.7202,0.0000
127511,QA,1,0.5840,0.8432,0.7226,0.0000
118918,QA,1,0.5855,0.8472,0.7237,0.0000
137694,QA,1,0.5873,0.8458,0.7248,0.0006
2325547,QH,2,0.5891,0.8441,0.7261,0.0015
2336474,QH,2,0.5957,0.8479,0.7305,0.0000
1900793,QH,2,0.6013,0.8494,0.7342,0.0000
137142,QA,1,0.6083,0.8538,0.7389,0.0000
158443,QA,1,0.6105,0.8543,0.7403,0.0001
145549,QA,1,0.6109,0.8541,0.7406,0.0000
2222438,QH,2,0.6130,0.8525,0.7420,0.0000
127300,QA,1,0.6131,0.8561,0.7421,0.0000
1653930,QH,2,0.6158,0.8414,0.7439,0.0056
1451331,QH,3,0.6160,0.8601,0.7440,0.0000
2360993,QH,2,0.6165,0.8532,0.7443,0.0000
138006,QA,1,0.6240,0.8626,0.7494,0.0000
136610,QA,1,0.6265,0.8603,0.7510,0.0000
610271,QA,2,0.6390,0.8675,0.7593,0.0000
127090,QA,1,0.6458,0.8694,0.7639,0.0000
2325860,QH,2,0.6475,0.8702,0.7650,0.0000
137353,QA,1,0.6477,0.8683,0.7651,0.0000
2183149,QH,2,0.6530,0.8723,0.7687,0.0000
768379,QA,2,0.6661,0.8791,0.7774,0.0000
166515,QA,1,0.6669,0.8783,0.7779,0.0000
610263,QA,2,0.6679,0.8798,0.7786,0.0000
152868,QA,1,0.6782,0.8846,0.7855,0.0000
1046656,QA,2,0.6832,0.8864,0.7888,0.0000
2195776,QH,3,0.6943,0.8908,0.7962,0.0000
166529,QA,1,0.6986,0.8895,0.7991,0.0000
1905010,QH,3,0.6995,0.8886,0.7997,0.0000
126237,QA,1,0.7004,0.8912,0.8003,0.0000
2150800,QH,2,0.7013,0.8927,0.8008,0.0000
1913757,QH,3,0.7042,0.8919,0.8028,0.0000
2327997,QH,2,0.7077,0.8927,0.8052,0.0000
182425,QA,2,0.7204,0.8992,0.8136,0.0000
1771633,QH,3,0.7204,0.8970,0.8136,0.0000
2183272,QH,2,0.7219,0.8978,0.8146,0.0000
23498,QA,2,0.7220,0.8989,0.8147,0.0000
2218574,QH,2,0.7280,0.8995,0.8187,0.0000
2328901,QH,2,0.7282,0.9012,0.8188,0.0000
225602,QA,3,0.7317,0.9032,0.8211,0.0000
191253,QA,2,0.7409,0.9063,0.8273,0.0000
108650,QA,1,0.7418,0.9084,0.8278,0.0000
802142,QA,3,0.7429,0.9082,0.8286,0.0000
2193867,QH,2,0.7536,0.9109,0.8357,0.0000
117149,QA,1,0.7537,0.9127,0.8358,0.0000
134076,QA,1,0.7551,0.9105,0.8367,0.0000
2336187,QH,2,0.7793,0.9196,0.8529,0.0000
2337233,QH,2,0.7828,0.9213,0.8552,0.0000
759978,QA,2,0.7950,0.9287,0.8633,0.0000
157482,QA,1,0.8186,0.9372,0.8790,0.0000
151569,QA,1,0.8186,0.9369,0.8791,0.0000
134424,QA,1,0.8243,0.9394,0.8828,0.0000
134412,QA,1,0.8295,0.9407,0.8863,0.0000
124998,QA,1,0.8300,0.9406,0.8867,0.0000
115887,QA,1,0.8322,0.9424,0.8882,0.0000
105477,QA,1,0.8401,0.9451,0.8934,0.0000
608085,QA,2,0.8406,0.9454,0.8937,0.0000
58823,QA,3,0.8437,0.9463,0.8958,0.0000
644261,QA,3,0.8512,0.9492,0.9008,0.0000
652242,QA,3,0.8556,0.9502,0.9037,0.0000
2300846,QH,2,0.8669,0.9536,0.9113,0.0000
597805,QA,2,0.8791,0.9581,0.9194,0.0000
215582,QA,3,0.8921,0.9637,0.9281,0.0000
198168,QA,2,0.8930,0.9637,0.9287,0.0000
258204,QA,5,0.9590,0.9863,0.9727,0.0000
257245,QA,5,0.9672,0.9890,0.9781,0.0000
211891,QA,3,0.9673,0.9893,0.9782,0.0000
239373,QA,4,0.9728,0.9910,0.9818,0.0000
221574,QA,3,0.9748,0.9920,0.9832,0.0000
933682,QA,3,0.9902,0.9968,0.9935,0.0000
829354,QA,4,0.9950,0.9984,0.9967,0.0000
671798,QA,4,0.9957,0.9986,0.9971,0.0000
828017,QA,4,0.9985,0.9995,0.9990,0.0000
828430,QA,4,0.9986,0.9996,0.9991,0.0000
948683,QA,4,0.9988,0.9996,0.9992,0.0000
1081582,QA,3,0.9989,0.9997,0.9992,0.0000
243440,QA,4,0.9990,0.9997,0.9994,0.0000
948921,QA,4,0.9991,0.9997,0.9994,0.0000
828207,QA,4,0.9995,0.9998,0.9996,0.0000
