ID,class,nfp,S_phi,C,lambda_phi,reversal_frac,ok
162351,QA,1,0.7605,0.9164,0.8404,0.0000,1
134198,QA,1,0.8038,0.9323,0.8692,0.0000,1
135024,QA,1,0.8206,0.9382,0.8804,0.0000,1
122334,QA,1,0.8821,0.9593,0.9214,0.0000,1
164985,QA,1,0.6940,0.8906,0.7960,0.0000,1
161631,QA,1,0.8286,0.9411,0.8857,0.0000,1
150260,QA,1,0.8692,0.9544,0.9128,0.0000,1
161137,QA,1,0.8756,0.9577,0.9171,0.0000,1
125577,QA,1,0.7556,0.9123,0.8371,0.0000,1
164739,QA,1,0.7907,0.9275,0.8605,0.0000,1
104435,QA,1,0.9332,0.9776,0.9554,0.0000,1
126777,QA,1,0.7926,0.9279,0.8618,0.0000,1
115818,QA,1,0.8306,0.9416,0.8871,0.0000,1
112734,QA,1,0.9711,0.9905,0.9807,0.0000,1
294767,QA,1,0.9365,0.9788,0.9577,0.0000,1
162397,QA,1,0.6228,0.8452,0.7485,0.0097,1
125172,QA,1,0.8158,0.9358,0.8772,0.0000,1
161900,QA,1,0.7331,0.9047,0.8221,0.0000,1
124235,QA,1,0.8820,0.9597,0.9213,0.0000,1
136610,QA,1,0.6265,0.8603,0.7510,0.0000,1
137693,QA,1,0.5505,0.8315,0.7003,0.0007,1
167607,QA,1,0.6994,0.8892,0.7996,0.0000,1
160285,QA,1,0.5635,0.8219,0.7090,0.0188,1
137202,QA,1,0.7493,0.9120,0.8329,0.0000,1
137694,QA,1,0.5873,0.8458,0.7248,0.0006,1
127637,QA,1,0.6648,0.8754,0.7765,0.0000,1
117786,QA,1,0.7212,0.8994,0.8141,0.0000,1
136695,QA,1,0.6054,0.8488,0.7369,0.0000,1
136694,QA,1,0.6210,0.8575,0.7473,0.0000,1
114547,QA,1,0.9086,0.9691,0.9390,0.0000,1
883330,QA,2,0.9157,0.9714,0.9438,0.0000,1
1060080,QA,2,0.9646,0.9882,0.9764,0.0000,1
178432,QA,2,0.9693,0.9898,0.9795,0.0000,1
24285,QA,2,0.7680,0.9189,0.8454,0.0000,1
192284,QA,2,0.7731,0.9210,0.8488,0.0000,1
189654,QA,2,0.8806,0.9595,0.9204,0.0000,1
179224,QA,2,0.9366,0.9788,0.9577,0.0000,1
185880,QA,2,0.5066,0.8129,0.6711,0.0000,1
1042638,QA,2,0.9327,0.9775,0.9551,0.0000,1
1051091,QA,2,0.9481,0.9828,0.9654,0.0000,1
606074,QA,2,0.9339,0.9779,0.9559,0.0000,1
775499,QA,2,0.8200,0.9377,0.8800,0.0000,1
361824,QA,2,0.8111,0.9348,0.8741,0.0000,1
1000272,QA,2,0.5982,0.8538,0.7321,0.0000,1
180269,QA,2,0.8817,0.9597,0.9211,0.0000,1
777998,QA,2,0.6431,0.8691,0.7621,0.0000,1
777649,QA,2,0.6052,0.8526,0.7368,0.0000,1
888694,QA,2,0.6934,0.8903,0.7956,0.0000,1
180790,QA,2,0.8188,0.9376,0.8792,0.0000,1
1052272,QA,2,0.9305,0.9767,0.9537,0.0000,1
11357,QA,2,0.9225,0.9739,0.9483,0.0000,1
883496,QA,2,0.9751,0.9918,0.9834,0.0000,1
894738,QA,2,0.8982,0.9655,0.9322,0.0000,1
366459,QA,2,0.4852,0.8055,0.6568,0.0000,1
1035368,QA,2,0.8739,0.9567,0.9159,0.0000,1
1042101,QA,2,0.9378,0.9792,0.9585,0.0000,1
877292,QA,2,0.9162,0.9718,0.9441,0.0000,1
174071,QA,2,0.8949,0.9646,0.9300,0.0000,1
1007,QA,2,0.8996,0.9651,0.9331,0.0000,1
168794,QA,2,0.8841,0.9598,0.9228,0.0000,1
657580,QA,3,0.9354,0.9788,0.9569,0.0000,1
931756,QA,3,0.9075,0.9695,0.9384,0.0000,1
1095472,QA,3,0.9855,0.9952,0.9904,0.0000,1
1090019,QA,3,0.9029,0.9678,0.9352,0.0000,1
1090831,QA,3,0.9929,0.9977,0.9953,0.0000,1
923503,QA,3,0.9922,0.9974,0.9948,0.0000,1
1096180,QA,3,0.9456,0.9822,0.9637,0.0000,1
232765,QA,3,0.9448,0.9819,0.9632,0.0000,1
1081620,QA,3,0.9956,0.9986,0.9971,0.0000,1
638925,QA,3,0.9673,0.9892,0.9782,0.0000,1
810803,QA,3,0.9209,0.9739,0.9473,0.0000,1
1090727,QA,3,0.9950,0.9983,0.9966,0.0000,1
646306,QA,3,0.9960,0.9988,0.9974,0.0000,1
918568,QA,3,0.9595,0.9867,0.9730,0.0000,1
45395,QA,3,0.9590,0.9865,0.9727,0.0000,1
1081587,QA,3,0.9970,0.9991,0.9980,0.0000,1
649055,QA,3,0.9580,0.9863,0.9720,0.0000,1
1090990,QA,3,0.9985,0.9996,0.9990,0.0000,1
803053,QA,3,0.9988,0.9996,0.9992,0.0000,1
1075299,QA,3,0.9657,0.9887,0.9771,0.0000,1
809322,QA,3,0.9063,0.9688,0.9375,0.0000,1
225971,QA,3,0.8101,0.9319,0.8734,0.0000,1
918134,QA,3,0.9551,0.9851,0.9701,0.0000,1
928988,QA,3,0.9297,0.9766,0.9532,0.0000,1
52035,QA,3,0.9818,0.9942,0.9879,0.0000,1
391491,QA,3,0.9714,0.9905,0.9810,0.0000,1
209893,QA,3,0.9937,0.9981,0.9958,0.0000,1
1077221,QA,3,0.8871,0.9613,0.9247,0.0000,1
793251,QA,3,0.9881,0.9961,0.9921,0.0000,1
220230,QA,3,0.9700,0.9902,0.9800,0.0000,1
948619,QA,4,0.9980,0.9993,0.9986,0.0000,1
671020,QA,4,0.9954,0.9985,0.9970,0.0000,1
244209,QA,4,0.9960,0.9987,0.9973,0.0000,1
828429,QA,4,0.9979,0.9993,0.9986,0.0000,1
952490,QA,4,0.9813,0.9940,0.9875,0.0000,1
955983,QA,4,0.9757,0.9922,0.9838,0.0000,1
243019,QA,4,0.9976,0.9992,0.9984,0.0000,1
666449,QA,4,0.9819,0.9942,0.9879,0.0000,1
948374,QA,4,0.9978,0.9993,0.9985,0.0000,1
248934,QA,4,0.9661,0.9891,0.9774,0.0000,1
1107995,QA,4,0.9930,0.9977,0.9954,0.0000,1
79030,QA,4,0.9801,0.9935,0.9867,0.0000,1
1107841,QA,4,0.9914,0.9972,0.9943,0.0000,1
1102493,QA,4,0.9826,0.9944,0.9884,0.0000,1
1104005,QA,4,0.9760,0.9922,0.9840,0.0000,1
1106084,QA,4,0.9645,0.9885,0.9763,0.0000,1
1102647,QA,4,0.9824,0.9943,0.9883,0.0000,1
674289,QA,4,0.9773,0.9927,0.9849,0.0000,1
66633,QA,4,0.9899,0.9966,0.9933,0.0000,1
941045,QA,4,0.9883,0.9961,0.9922,0.0000,1
235789,QA,4,0.9915,0.9972,0.9943,0.0000,1
1109675,QA,4,0.9832,0.9945,0.9888,0.0000,1
939367,QA,4,0.9979,0.9993,0.9986,0.0000,1
825832,QA,4,0.9760,0.9922,0.9840,0.0000,1
237722,QA,4,0.9700,0.9900,0.9800,0.0000,1
824674,QA,4,0.8974,0.9652,0.9316,0.0000,1
665963,QA,4,0.9103,0.9693,0.9402,0.0000,1
668330,QA,4,0.8127,0.9305,0.8751,0.0000,1
674188,QA,4,0.9030,0.9670,0.9353,0.0000,1
1097975,QA,4,0.9897,0.9967,0.9932,0.0000,1
261310,QA,5,0.9982,0.9994,0.9988,0.0000,1
252896,QA,5,0.9980,0.9994,0.9987,0.0000,1
252973,QA,5,0.9982,0.9994,0.9988,0.0000,1
260855,QA,5,0.9991,0.9997,0.9994,0.0000,1
253015,QA,5,0.9982,0.9994,0.9988,0.0000,1
251797,QA,5,0.9991,0.9997,0.9994,0.0000,1
252812,QA,5,0.9982,0.9994,0.9988,0.0000,1
261660,QA,5,0.9971,0.9991,0.9981,0.0000,1
253057,QA,5,0.9985,0.9995,0.9990,0.0000,1
260624,QA,5,0.9992,0.9998,0.9995,0.0000,1
261681,QA,5,0.9972,0.9991,0.9981,0.0000,1
252504,QA,5,0.9983,0.9994,0.9988,0.0000,1
252042,QA,5,0.9992,0.9997,0.9995,0.0000,1
254758,QA,5,0.9951,0.9984,0.9967,0.0000,1
261849,QA,5,0.9957,0.9986,0.9971,0.0000,1
258167,QA,5,0.9901,0.9969,0.9934,0.0000,1
257019,QA,5,0.9920,0.9975,0.9946,0.0000,1
254674,QA,5,0.9957,0.9986,0.9972,0.0000,1
252527,QA,5,0.9990,0.9997,0.9993,0.0000,1
257740,QA,5,0.9883,0.9962,0.9922,0.0000,1
260092,QA,5,0.9817,0.9941,0.9878,0.0000,1
262171,QA,5,0.9902,0.9968,0.9935,0.0000,1
260407,QA,5,0.9819,0.9942,0.9879,0.0000,1
252393,QA,5,0.9987,0.9996,0.9991,0.0000,1
260277,QA,5,0.9156,0.9716,0.9438,0.0000,1
254453,QA,5,0.9628,0.9875,0.9752,0.0000,1
258461,QA,5,0.9816,0.9940,0.9877,0.0000,1
255378,QA,5,0.9352,0.9780,0.9568,0.0000,1
255357,QA,5,0.9238,0.9741,0.9492,0.0000,1
254241,QA,5,0.9888,0.9963,0.9926,0.0000,1
2262053,QH,2,0.5900,0.8475,0.7266,0.0000,1
2263414,QH,2,0.6011,0.8518,0.7341,0.0000,1
2116450,QH,2,0.6754,0.8816,0.7836,0.0000,1
1826834,QH,2,0.6137,0.8561,0.7424,0.0000,1
2158593,QH,2,0.3123,0.7046,0.5415,0.0223,1
2115647,QH,2,0.7020,0.8915,0.8014,0.0000,1
2258826,QH,2,0.5501,0.8326,0.7001,0.0000,1
1577073,QH,2,0.4027,0.7461,0.6018,0.0133,1
2328994,QH,2,0.1767,0.6183,0.4511,0.0413,1
2116476,QH,2,0.6315,0.8649,0.7543,0.0000,1
2291244,QH,2,0.3627,0.7400,0.5752,0.0077,1
2158036,QH,2,0.4324,0.7733,0.6216,0.0049,1
2147191,QH,2,0.3567,0.7296,0.5711,0.0208,1
1470331,QH,2,0.2460,0.6322,0.4973,0.0551,1
2151635,QH,2,0.4329,0.7763,0.6219,0.0030,1
2300745,QH,2,0.5487,0.8292,0.6991,0.0000,1
2362839,QH,2,0.1082,0.6135,0.4054,0.0316,1
1755224,QH,2,0.2308,0.6458,0.4872,0.0293,1
2292778,QH,2,0.5491,0.8327,0.6994,0.0000,1
1793879,QH,2,0.2683,0.6592,0.5122,0.0381,1
1545207,QH,2,0.8076,0.9317,0.8717,0.0000,1
1758284,QH,2,0.3076,0.6983,0.5384,0.0186,1
2187239,QH,2,0.4252,0.7784,0.6168,0.0006,1
2502284,QH,2,0.1915,0.6298,0.4610,0.0274,1
2332502,QH,2,0.7379,0.9045,0.8253,0.0000,1
2324964,QH,2,0.5742,0.8430,0.7162,0.0000,1
2327106,QH,2,0.6760,0.8808,0.7840,0.0000,1
2362093,QH,2,0.4978,0.8018,0.6652,0.0044,1
2186497,QH,2,0.6317,0.8638,0.7545,0.0000,1
2328973,QH,2,0.6260,0.8594,0.7507,0.0000,1
1907475,QH,3,0.2684,0.7234,0.5122,0.0003,1
1841479,QH,3,0.6981,0.8907,0.7988,0.0000,1
1836693,QH,3,0.7111,0.8973,0.8074,0.0000,1
1444558,QH,3,0.4313,0.7809,0.6209,0.0017,1
1697632,QH,3,0.6033,0.8552,0.7355,0.0000,1
1406183,QH,3,0.5999,0.8548,0.7333,0.0000,1
1872066,QH,3,0.3189,0.7303,0.5459,0.0054,1
2445074,QH,3,0.3692,0.7560,0.5794,0.0023,1
1836628,QH,3,0.7887,0.9257,0.8592,0.0000,1
1445098,QH,3,0.4140,0.7727,0.6093,0.0009,1
2445239,QH,3,0.3076,0.7215,0.5384,0.0075,1
1700131,QH,3,0.5442,0.8306,0.6961,0.0000,1
1517956,QH,3,0.2033,0.6519,0.4689,0.0134,1
1626853,QH,3,0.1163,0.6542,0.4109,0.0023,1
1333420,QH,3,0.2388,0.6740,0.4925,0.0162,1
1736006,QH,3,0.2400,0.6907,0.4933,0.0062,1
2447537,QH,3,0.4600,0.7945,0.6400,0.0000,1
1624686,QH,3,0.2732,0.6977,0.5155,0.0073,1
1266029,QH,3,0.7301,0.9062,0.8200,0.0000,1
1907269,QH,3,0.4776,0.8023,0.6517,0.0000,1
1661867,QH,3,0.4430,0.7869,0.6287,0.0004,1
1445211,QH,3,0.7492,0.9100,0.8328,0.0000,1
1700146,QH,3,0.7564,0.9162,0.8376,0.0000,1
1486742,QH,3,0.3143,0.7284,0.5429,0.0040,1
1335098,QH,3,0.5954,0.8457,0.7303,0.0000,1
2518816,QH,3,0.3453,0.7472,0.5635,0.0000,1
2441815,QH,3,0.7696,0.9176,0.8464,0.0000,1
1803985,QH,3,0.4240,0.7720,0.6160,0.0005,1
1733102,QH,3,0.7596,0.9145,0.8397,0.0000,1
2160797,QH,3,0.1651,0.6737,0.4434,0.0026,1
1567468,QH,4,0.3735,0.7622,0.5823,0.0000,1
1257819,QH,4,0.3870,0.7677,0.5913,0.0000,1
1259243,QH,4,0.2777,0.7152,0.5184,0.0000,1
1848895,QH,4,0.5270,0.8264,0.6847,0.0000,1
2417717,QH,4,0.3281,0.7350,0.5521,0.0000,1
1703864,QH,4,0.0209,0.6659,0.3473,0.0132,1
1851606,QH,4,0.6490,0.8754,0.7660,0.0000,1
1295205,QH,4,0.1852,0.6572,0.4568,0.0111,1
1742813,QH,4,0.1826,0.6824,0.4551,0.0009,1
1886120,QH,4,0.2346,0.7021,0.4898,0.0000,1
1708968,QH,4,0.6467,0.8737,0.7645,0.0000,1
1705245,QH,4,0.6322,0.8686,0.7548,0.0000,1
1737821,QH,4,-0.0179,0.6699,0.3214,0.0493,1
1331217,QH,4,0.4209,0.7729,0.6139,0.0046,1
1328722,QH,4,0.3828,0.7567,0.5885,0.0015,1
1952403,QH,4,0.2132,0.6903,0.4755,0.0014,1
2453253,QH,4,0.3786,0.7634,0.5857,0.0000,1
1632094,QH,4,0.1888,0.6819,0.4592,0.0080,1
1601622,QH,4,0.5418,0.8274,0.6946,0.0000,1
2487574,QH,4,-0.1685,0.6051,0.2210,0.1303,1
2485498,QH,4,0.4671,0.7977,0.6447,0.0000,1
2488091,QH,4,0.4594,0.7948,0.6396,0.0000,1
1673573,QH,4,0.3911,0.7596,0.5941,0.0028,1
1776157,QH,4,0.4969,0.8101,0.6646,0.0000,1
1781536,QH,4,0.2449,0.7023,0.4966,0.0000,1
1775270,QH,4,-0.0871,0.6287,0.2752,0.0994,1
1809398,QH,4,0.3535,0.7459,0.5690,0.0027,1
1331857,QH,4,0.5014,0.8123,0.6676,0.0000,1
2582851,QH,4,0.5040,0.8162,0.6693,0.0000,1
2493104,QH,4,0.2384,0.7036,0.4922,0.0000,1
2427609,QH,5,0.1694,0.6698,0.4463,0.0003,1
1856583,QH,5,0.2630,0.7100,0.5086,0.0000,1
1574333,QH,5,0.3426,0.7461,0.5617,0.0000,1
1569016,QH,5,0.4498,0.7944,0.6332,0.0000,1
1856039,QH,5,0.4195,0.7791,0.6130,0.0000,1
1571526,QH,5,0.3805,0.7636,0.5870,0.0000,1
1121685,QH,5,0.3558,0.7442,0.5705,0.0003,1
1854549,QH,5,0.2721,0.7104,0.5147,0.0029,1
1749785,QH,5,-0.0389,0.5096,0.3074,0.0744,1
1611640,QH,5,0.2677,0.7152,0.5118,0.0000,1
2425037,QH,5,0.4717,0.7988,0.6478,0.0000,1
1610630,QH,5,0.3522,0.7518,0.5682,0.0000,1
2428526,QH,5,0.5643,0.8427,0.7095,0.0000,1
2429625,QH,5,0.0769,0.6275,0.3846,0.0013,1
1895847,QH,5,0.3806,0.7647,0.5871,0.0000,1
1747877,QH,5,0.4141,0.7789,0.6094,0.0000,1
1785050,QH,5,0.4125,0.7765,0.6084,0.0000,1
1821296,QH,5,0.2665,0.7126,0.5110,0.0000,1
1607357,QH,5,0.3218,0.7349,0.5478,0.0000,1
1894960,QH,5,0.2896,0.7171,0.5264,0.0000,1
1642802,QH,5,0.4099,0.7763,0.6066,0.0000,1
2465759,QH,5,-0.0374,0.6102,0.3084,0.0037,1
1893882,QH,5,0.6438,0.8723,0.7625,0.0000,1
1642553,QH,5,0.4318,0.7833,0.6212,0.0000,1
1818651,QH,5,0.3315,0.7408,0.5543,0.0000,1
2530389,QH,5,0.4516,0.7950,0.6344,0.0000,1
1642116,QH,5,0.5289,0.8251,0.6860,0.0000,1
1681455,QH,5,0.2394,0.6969,0.4930,0.0000,1
2461576,QH,5,0.7649,0.9188,0.8433,0.0000,1
1680659,QH,5,0.4855,0.8063,0.6570,0.0000,1
1970299,QH,6,0.1892,0.6731,0.4595,0.0052,1
1973808,QH,6,0.2816,0.7187,0.5211,0.0015,1
1970553,QH,6,-0.0089,0.6283,0.3274,0.0029,1
1971507,QH,6,0.1883,0.6786,0.4589,0.0011,1
1973204,QH,6,0.1686,0.6672,0.4457,0.0015,1
1970427,QH,6,-0.0098,0.6002,0.3268,0.0013,1
1976169,QH,6,0.5363,0.8285,0.6909,0.0000,1
1974924,QH,6,-0.1632,0.5574,0.2246,0.0207,1
1970412,QH,6,-0.0442,0.5782,0.3039,0.0165,1
1971023,QH,6,-0.1420,0.5432,0.2387,0.0090,1
1972229,QH,6,-0.2274,0.5450,0.1817,0.0527,1
1971503,QH,6,-0.2301,0.5543,0.1799,0.0634,1
1977096,QH,6,-0.1054,0.5320,0.2630,0.0245,1
2007828,QH,6,-0.2283,0.6186,0.1811,0.0613,1
2007457,QH,6,-0.1796,0.6536,0.2136,0.0355,1
1969311,QH,6,-0.1897,0.5680,0.2068,0.0728,1
2004285,QH,6,-0.1116,0.5772,0.2589,0.0120,1
1975045,QH,6,-0.2224,0.5340,0.1851,0.0604,1
1968931,QH,6,-0.1386,0.6003,0.2409,0.0666,1
2013568,QH,6,-0.1879,0.5669,0.2081,0.0006,1
1976590,QH,6,-0.0166,0.5752,0.3223,0.0145,1
2040317,QH,6,-0.1936,0.6100,0.2042,0.0604,1
1973589,QH,6,-0.1087,0.5460,0.2609,0.0261,1
2047704,QH,6,-0.0770,0.6229,0.2820,0.0154,1
1970577,QH,6,-0.0878,0.5482,0.2748,0.0703,1
2008487,QH,6,-0.0832,0.5511,0.2779,0.0275,1
1969176,QH,6,-0.2503,0.3953,0.1665,0.1308,1
2010135,QH,6,-0.1889,0.4582,0.2074,0.0327,1
2659427,QH,6,0.2247,0.6902,0.4831,0.0000,1
1969175,QH,6,-0.2642,0.4676,0.1572,0.1279,1
1983464,QH,7,0.0455,0.5988,0.3637,0.0060,1
1984568,QH,7,-0.1036,0.6309,0.2643,0.0079,1
1985360,QH,7,0.1738,0.6707,0.4492,0.0013,1
1987091,QH,7,0.2051,0.6851,0.4701,0.0000,1
1986156,QH,7,0.1616,0.6665,0.4411,0.0000,1
1983200,QH,7,0.1547,0.6619,0.4365,0.0009,1
1985616,QH,7,-0.2290,0.5682,0.1807,0.0093,1
1986143,QH,7,0.3631,0.7576,0.5754,0.0000,1
1980528,QH,7,-0.0009,0.5869,0.3327,0.0064,1
1983033,QH,7,0.2798,0.7211,0.5199,0.0000,1
1988211,QH,7,-0.1168,0.6655,0.2555,0.0026,1
1986894,QH,7,-0.0706,0.5722,0.2863,0.0004,1
1986368,QH,7,-0.0192,0.5745,0.3205,0.0027,1
1983961,QH,7,-0.0465,0.5955,0.3023,0.0042,1
1987996,QH,7,-0.1257,0.6172,0.2495,0.0046,1
2018003,QH,7,-0.2096,0.6205,0.1936,0.0253,1
1987238,QH,7,0.2829,0.7191,0.5219,0.0000,1
1983700,QH,7,-0.0267,0.5897,0.3156,0.0009,1
2024496,QH,7,-0.2129,0.5016,0.1914,0.0391,1
2022645,QH,7,-0.0904,0.5755,0.2731,0.0044,1
1981145,QH,7,0.0047,0.5742,0.3365,0.0059,1
2557281,QH,7,0.3659,0.7575,0.5773,0.0000,1
2019565,QH,7,0.0883,0.6322,0.3922,0.0021,1
2021692,QH,7,0.1098,0.6426,0.4065,0.0000,1
2696682,QH,7,0.2895,0.7171,0.5263,0.0000,1
1988084,QH,7,-0.1087,0.5327,0.2609,0.0156,1
2021294,QH,7,0.1469,0.6612,0.4313,0.0000,1
2059165,QH,7,-0.1799,0.5097,0.2134,0.0564,1
2019378,QH,7,0.0021,0.5847,0.3347,0.0040,1
1981017,QH,7,-0.0992,0.4641,0.2672,0.0611,1
1996625,QH,8,0.1155,0.6389,0.4103,0.0000,1
1996811,QH,8,0.0311,0.6056,0.3540,0.0000,1
1996321,QH,8,0.0126,0.5912,0.3417,0.0038,1
1996973,QH,8,-0.1274,0.5383,0.2484,0.0022,1
1997015,QH,8,0.0238,0.5997,0.3492,0.0000,1
1996104,QH,8,0.1271,0.6503,0.4181,0.0000,1
1996833,QH,8,0.1645,0.6687,0.4430,0.0000,1
1996122,QH,8,0.1565,0.6635,0.4376,0.0000,1
1994309,QH,8,-0.1107,0.5451,0.2595,0.0067,1
1994178,QH,8,-0.1527,0.5422,0.2315,0.0000,1
1995066,QH,8,0.3869,0.7683,0.5913,0.0000,1
1996774,QH,8,-0.0845,0.5547,0.2770,0.0089,1
1991944,QH,8,-0.0988,0.4554,0.2674,0.0534,1
1993559,QH,8,-0.0102,0.5845,0.3265,0.0030,1
2562466,QH,8,0.2681,0.7143,0.5120,0.0000,1
2033774,QH,8,-0.2112,0.5077,0.1925,0.0234,1
2561058,QH,8,0.3524,0.7527,0.5683,0.0000,1
1991816,QH,8,-0.1295,0.5168,0.2470,0.0000,1
1992228,QH,8,0.0019,0.5736,0.3346,0.0019,1
2031484,QH,8,0.8520,0.9550,0.9013,0.0000,1
1994380,QH,8,-0.1926,0.5021,0.2049,0.0293,1
1997062,QH,8,-0.1916,0.4824,0.2056,0.0103,1
2632206,QH,8,0.3995,0.7709,0.5996,0.0000,1
2596661,QH,8,0.3224,0.7386,0.5483,0.0000,1
