ID,class,nfp,ok,passed,C,S_phi,boundary_flux_rms,boundary_flux_max,aspect
156306,QA,1,1,1,0.976689258526807,0.9303419561678634,0.0006313535358085659,0.002283249824430365,5.0000000128
124279,QA,1,1,1,0.9567164652280263,0.8724358535805916,0.00046920209709716744,0.0013306866532939287,10.0000000207
153099,QA,1,1,1,0.8838284575063925,0.6800660716615952,0.0013326810281499935,0.004247079694340227,6.6666666716
125597,QA,1,1,1,0.9391994410013985,0.8237106655657922,0.0008384917232639106,0.0028754326724863316,5.0000000787
156515,QA,1,1,1,0.9759614409793834,0.9282876809342213,0.0003760518689613113,0.0009431418051349728,6.6666667232
164776,QA,1,1,1,0.9176406053511424,0.7671133809531827,0.001541779770417467,0.00812736487996306,5.0000008116
114817,QA,1,1,1,0.9560720831362713,0.8712941742653346,0.0007996271226680445,0.003553608335432086,4.9999998847
313344,QA,1,1,1,0.978563079275019,0.9358782173274569,0.001661276076962304,0.004959927108547466,4.9999998074
118128,QA,1,1,1,0.8823246727753985,0.6759825584428039,0.0019705449594252843,0.009328418194855219,5.0000001691
151772,QA,1,1,1,0.9287503280674482,0.7992680186849364,0.00145095876837277,0.006005270087712461,3.3333322885
152625,QA,1,1,1,0.9065594406220956,0.7407326702496613,0.0014596280471800476,0.0061816787431040274,3.999999951
127727,QA,1,1,1,0.8571110904183846,0.6191968172643567,0.01023051114875169,0.07241111392441646,3.3333329241
158408,QA,1,1,0,,,0.11279124249566512,0.6257409731047162,3.3333336911
162461,QA,1,1,1,0.8585895176785894,0.6223724906191967,0.01024656668973975,0.06701418274702675,3.3333342123
133418,QA,1,1,1,0.9652399310501679,0.897387254252203,0.0075731970348465695,0.023316255119356772,3.3333319491
126179,QA,1,1,1,0.9077936006230533,0.74084047856052,0.04878608471921458,0.26797273653080544,3.9999960772
146760,QA,1,1,1,0.8188890418764535,0.5345106433493982,0.045002719185994404,0.2981837032188785,3.3333123535
145760,QA,1,1,0,,,0.12504501186131922,0.6486323339947533,2.8575886212
145585,QA,1,1,0,,,0.15746842932318633,0.7365975645980776,2.8571099331
158402,QA,1,1,0,,,0.14719111105074223,0.6592175419731823,2.8573189923
125152,QA,1,1,1,0.9336105385363034,0.8104525211480174,0.05151610320719089,0.26364191850317065,2.8575868774
896488,QA,2,1,1,0.9319000699439859,0.8051690272675109,0.0008728268009672836,0.0036437411775039263,3.3333337796
772434,QA,2,1,1,0.9854524751040109,0.9561385919525014,0.00043411537959053885,0.0019585898951556308,3.3333333053
616837,QA,2,1,1,0.9581378073146025,0.876859595689057,0.0005249356144537134,0.0019019363612658034,4.0000000631
631226,QA,2,1,1,0.9423218850868654,0.8317771591852745,0.0005732498980665295,0.0014395854728981887,10.0000000414
764088,QA,2,1,1,0.9793504597968236,0.9380900652942088,0.0003157420908047681,0.0012570980941150323,4.9999998559
1044457,QA,2,1,1,0.9351255110654078,0.8121291214371362,0.0005825537840933756,0.0016213381599691657,9.9999993776
606775,QA,2,1,1,0.9577714102261389,0.8756364542364587,0.00047174126830524767,0.001326349391266904,9.9999993666
897002,QA,2,1,1,0.9256201581731399,0.7857506351774046,0.0012592019392229812,0.00405644984604842,10.000056835
889059,QA,2,1,1,0.8824230777154681,0.6744640702248068,0.0060264706816373715,0.027649270957712007,5.0007584694
202213,QA,2,1,1,0.7510081635748025,0.3842288659842118,0.004124166470678565,0.01939876203654095,3.9999515195
1053839,QA,2,1,1,0.9397802585094608,0.8253164220124198,0.0007135601701467401,0.0023645477052733183,4.9999999304
896005,QA,2,1,1,0.9360215798883503,0.8163478647320372,0.0009943404918017417,0.004095014319997207,3.3333331883
187284,QA,2,1,1,0.9941974364134949,0.9824150026682306,0.002548108001297762,0.013576300091655313,2.8571426726
20933,QA,2,1,1,0.9727388465882846,0.9191013680131965,0.0006500790993532658,0.0024637634629562375,5.0000036727
1053994,QA,2,1,1,0.9400368698699438,0.8270783793124763,0.0008409008105913626,0.0032921767846734507,3.9999966643
179220,QA,2,1,1,0.9820532629398061,0.9459102610522456,0.0022248643577830176,0.011294593544120773,2.8571410454
612308,QA,2,1,0,,,0.1564783470716267,0.9747062705865442,4.000264102
608417,QA,2,1,1,0.9389390096915398,0.8247067032910111,0.0009034166964329339,0.003524624747197266,3.3333329333
11290,QA,2,1,1,0.9755248347471378,0.9274840007548819,0.0007942448072375937,0.0034769589826218715,2.8571231288
1063718,QA,2,1,1,0.8396401903775327,0.5729101656783937,0.04433776291136699,0.18578133978725025,3.3336505723
614248,QA,2,1,1,0.9889221085855943,0.9669152001987393,0.0003098419619750104,0.0008389524965606748,3.3334802524
178713,QA,2,1,1,0.9736287934397253,0.9216948738455453,0.0006591872913781996,0.002070409176823376,4.9999744355
170979,QA,2,1,1,0.9527386556291613,0.8640402141263224,0.0018395669591335089,0.008768212602570071,3.9999004426
605590,QA,2,1,1,0.9828789852167519,0.9487389942355666,0.0010146789249903124,0.0041683164420807306,2.8570855708
352697,QA,2,1,1,0.9814122856041346,0.9445632054383462,0.0004898508752002507,0.0015110732071749533,6.6644577917
362828,QA,2,1,1,0.9157294394973384,0.7622041801552397,0.011899135919550247,0.04050114104603147,4.0000497558
804212,QA,3,1,1,0.998751642118818,0.9959562065707412,0.006352166213543255,0.046391572512940356,5.0000015978
929147,QA,3,1,1,0.9825190685560121,0.9464201496083029,0.0013654790389984557,0.007674810529035156,6.6666685672
655056,QA,3,1,1,0.9982180881592391,0.9943046414545129,0.005669427182511214,0.03045135319551424,5.0000012376
63512,QA,3,1,1,0.9584546454616867,0.8763472051691223,0.002025466630630938,0.008486782149391256,10.0005344449
1091820,QA,3,1,1,0.9951325098024059,0.9848449740946206,0.001097333867144499,0.00570542118080208,6.6666664326
56078,QA,3,1,1,0.9826072695169366,0.9468274314993852,0.0006133468824904812,0.0022306385949423684,10.0000020541
655894,QA,3,1,1,0.9881250906539136,0.9636903373878689,0.0020200942186630946,0.005045769476050894,10.0004684645
654496,QA,3,1,1,0.9990301984049227,0.9969724230599633,0.0030189118544789134,0.019534969831286518,5.0000003103
814649,QA,3,1,1,0.978780613549953,0.9356680368579577,0.0034041133940828686,0.01668634535190112,5.0000140305
813746,QA,3,1,1,0.9895220276964534,0.9675418487422347,0.011100642076140877,0.0948664841615959,5.0000281274
1083311,QA,3,1,1,0.9862631763794285,0.9584484808418219,0.01612431589389893,0.061295104096128095,3.3338384505
1075139,QA,3,1,1,0.9820452250952828,0.9465560409138303,0.0009682760324937879,0.002437012536672061,6.6663354205
798536,QA,3,1,1,0.9604262509014393,0.8845923792447676,0.004586635259202844,0.029617382592522036,3.9997207992
644664,QA,3,1,1,0.9990365753020929,0.9969684286150944,0.012390837124370236,0.09717623658106823,2.8572026662
795372,QA,3,1,1,0.9889231031384252,0.9664583989938913,0.007555590718499754,0.03392407654072801,3.9998447558
676390,QA,4,1,1,0.9994560497934802,0.9983190103191459,0.0007622542603496416,0.0032065543706398863,10.0000000879
828311,QA,4,1,1,0.9994965136376789,0.9984454760132611,0.0011065867042446215,0.00639371144655991,9.999999779
81684,QA,4,1,1,0.9995977246750021,0.9987551313368359,0.0017911055438664155,0.01035094538649021,9.9999999762
81782,QA,4,1,1,0.9995312330019546,0.9985486124566845,0.0008371966341161113,0.0030678129454758908,10.0000001689
827912,QA,4,1,1,0.9996245917594432,0.998832252233613,0.0012745263530950855,0.005768630813986053,10.0000000794
245449,QA,4,1,1,0.9978083694215345,0.9929822408508155,0.0032312120068614153,0.01730142895176993,10.000003431
670664,QA,4,1,1,0.9993517377594204,0.9979661839126603,0.0036612690549514193,0.016415525321676033,10.0000023793
671749,QA,4,1,1,0.9984871712367878,0.9951966034120945,0.0033563854383517207,0.01727159024663432,10.0000020879
670125,QA,4,1,1,0.9996278157738046,0.9988522608662729,0.0013221167288774696,0.006118452503721285,10.0000015168
234221,QA,4,1,1,0.9996626297232638,0.9989618453774272,0.0009444966501698839,0.0039469528710321476,10.0000034253
67327,QA,4,1,1,0.9992458586328407,0.9976126181277665,0.0028761904767192494,0.01258467485481819,10.0000008008
1106127,QA,4,1,1,0.984328819528018,0.9522296579043892,0.003119417610731199,0.015554313589433976,10.0000129384
829795,QA,4,1,1,0.9983043919267982,0.9946503860223335,0.003207628026574986,0.01943506772198301,9.9999270046
243125,QA,4,1,1,0.9995848689932926,0.9987272736189632,0.0003765206161152687,0.001562214404183278,9.9999971527
243699,QA,4,1,1,0.9989712139611883,0.9967935376886223,0.001825069683632634,0.012292758628338766,10.0000082417
945288,QA,4,1,1,0.9910509470873274,0.9724035155040072,0.0017684815497988114,0.006857546946925649,10.0000558198
73515,QA,4,1,1,0.9875092677282268,0.9615718725431537,0.0019800439315715798,0.005513020592055742,10.0000774697
666184,QA,4,1,1,0.993558024623833,0.9797674086770036,0.0017734208445500854,0.009069134893416427,10.0000318853
662488,QA,4,1,1,0.9964237065700982,0.989102375051824,0.0007152256875849934,0.002082211547013926,10.000028622
948144,QA,4,1,1,0.9832293219902276,0.9492529778866441,0.0031511495930770335,0.014932769344463456,10.0000823065
940385,QA,4,1,1,0.9995266414487733,0.9981757773027946,0.030100222362525984,0.22720470759991868,3.3333284025
1098866,QA,4,1,1,0.9870917434982448,0.9611659485573802,0.03401832180346439,0.20428342380847592,2.858118241
945522,QA,4,1,1,0.9628147436540749,0.891826376087298,0.011718975907056561,0.036513092496296605,4.0013592398
1112543,QA,4,1,1,0.9296433594085055,0.803530226911352,0.025687348158597464,0.09880009404590522,3.333523297
251798,QA,5,1,1,0.9998410637815385,0.9995012183054806,0.0014231600539338642,0.005205027485610239,10.0000090375
251756,QA,5,1,1,0.9998652227939892,0.9995763249347955,0.0020721899951380543,0.009459763770749127,10.0000072715
252666,QA,5,1,1,0.9997118648087471,0.999063166892967,0.003520725143518828,0.01616529696867728,10.0000095825
261059,QA,5,1,1,0.9997540201920063,0.9991679049453761,0.005301512439870925,0.0320781083621534,10.0000081819
253933,QA,5,1,1,0.9994611664132154,0.9982783578032972,0.0036685540008105423,0.016946898231572072,10.0000278461
251182,QA,5,1,1,0.9992863743959056,0.9978455249667282,0.0005271826622864572,0.0018045393868769692,10.0000432788
252883,QA,5,1,1,0.999620344521898,0.9987621771130883,0.002887595681874902,0.015140846201079956,10.0000172195
251273,QA,5,1,1,0.9997025856781666,0.9990844431530486,0.0012189166946613122,0.004783584071566193,10.0000162243
252211,QA,5,1,1,0.998440756531614,0.9952750788024549,0.0007873471679204784,0.002613684551475825,10.0000905331
256838,QA,5,1,1,0.9961280521824822,0.9877125551163288,0.004036826256633433,0.02043715842114041,10.0001721049
259064,QA,5,1,1,0.9901975421209662,0.9704770364172122,0.001942404110078741,0.004513753465490362,10.0004289135
253153,QA,5,1,1,0.9885817621423162,0.9656488690080378,0.02498934555356753,0.14251965121993151,3.3350503998
259106,QA,5,1,1,0.9895970034469835,0.968774073995798,0.0025955486181744136,0.006700690919059873,10.000516599
257182,QA,5,1,1,0.9897352567817768,0.9691347763988778,0.007163883530935606,0.022438123048547573,6.6696517033
251430,QA,5,1,1,0.9996049128285279,0.998766223342721,0.012034280244764078,0.06193578237828171,4.0000763135
2155439,QH,2,1,1,0.7426717262280208,0.3567679072769647,0.003047019881783111,0.012850960183983018,11.9999997981
2290895,QH,2,1,0,,,0.025486590961254302,0.1350625861664547,11.9999995931
2297082,QH,2,1,1,0.6970722138508522,0.2776280806487097,0.0030273449004627334,0.012345962596539611,11.9999998173
2299426,QH,2,1,1,0.6777086264386459,0.28776232136124524,0.0028038181702490193,0.009756503716400033,11.9999992557
2324457,QH,2,1,1,0.63146742817568,0.1523801854965089,0.0037604903233052563,0.01965734499491991,8.0000000613
2326591,QH,2,1,0,,,0.004532877283085567,0.018854499201230123,7.9999995021
2324337,QH,2,1,1,0.6573063286089075,0.2371262597228493,0.004890720010319896,0.021002708988880996,7.9999992594
1438188,QH,2,1,1,0.7289270319389122,0.35336549771427916,0.003824074123126549,0.017203018641500194,11.9999979611
2431074,QH,2,1,1,0.7023003806534517,0.3512535292841671,0.003755738382822936,0.011770197340719862,11.9999999594
1862130,QH,2,1,1,0.7515340922630079,0.43015541841447336,0.016988756870427908,0.08174855103217053,11.9999997375
2191634,QH,2,1,1,0.6397645151112801,0.18194513598539097,0.040912934148089664,0.2339249887003159,7.9999997141
2148208,QH,2,1,1,0.7161722687919931,0.31501067603018584,0.00315009260046678,0.012057550255989853,11.9999907544
2147970,QH,2,1,1,0.7134941609844746,0.2745047196732635,0.007413146090503785,0.020970679851188483,11.9999944154
2331080,QH,2,1,1,0.7054608872192125,0.2910529665514586,0.0021149914675926062,0.009258814767352241,7.999993453
2370233,QH,2,1,1,0.6431520418538872,0.17358220293774862,0.012145963961055805,0.06623988159601492,6.0000208768
2332383,QH,2,1,1,0.5986609725382832,0.0953630567135555,0.005017396452463437,0.021338289179734595,7.9999985705
2331975,QH,2,1,1,0.8542146337117839,0.6067319905840936,0.007948474154581995,0.031073167178197088,7.9999630779
2362117,QH,2,1,1,0.7806340170074139,0.4406452143693729,0.017242296441712372,0.11175444211785739,5.9999905211
2359941,QH,2,1,1,0.827755915751485,0.560981488554912,0.045277778747363676,0.2285794597283391,5.9999607953
2334466,QH,2,1,1,0.847343441572811,0.5874558488246879,0.005088497481227725,0.011819324993608752,7.9999809102
2300307,QH,2,1,1,0.9082059333114328,0.7423756304832563,0.0039507222656228885,0.008657053858027385,11.9999636513
2183075,QH,2,1,1,0.8786962310221983,0.6713975837213306,0.02017026095297344,0.06492717028171976,7.9995731461
1509160,QH,2,1,1,0.8543858986127407,0.6166559962347791,0.022619148439355845,0.07326328762544763,6.0001022583
2364205,QH,2,1,1,0.8742600217242041,0.6617397018000313,0.013674152558299969,0.034800067227075765,5.9998106116
2229465,QH,2,1,1,0.8556786864955325,0.622346772993551,0.0055125302208101695,0.03054181584614359,5.99982545
2373150,QH,2,1,1,0.8761391463639464,0.6694079850874988,0.027733199949801897,0.10490325068729055,5.9996560783
1651816,QH,2,1,1,0.9015900819961534,0.7318594373362584,0.026340477822970044,0.09397127834237025,5.999670844
1586915,QH,3,1,1,0.7389676819155906,0.33359317410571654,0.0035858698402374445,0.012103827990692775,11.9999999021
1587695,QH,3,1,1,0.7494257664853947,0.34316213489199,0.0032024474229559174,0.008718411221342912,11.999999222
1151583,QH,3,1,1,0.709831084990034,0.2786835930406939,0.003527154996940231,0.011082675461056573,9.9999998366
2473744,QH,3,1,1,0.747489658894804,0.3464265474542514,0.004733098352967759,0.02076981915283278,7.9999997252
1334841,QH,3,1,1,0.6493413450619541,0.11663584485486167,0.003974862769646816,0.013963588965370094,7.9999998207
1871778,QH,3,1,1,0.7317262630099239,0.35731822966546845,0.003138013011011653,0.008974273817441057,11.9999993529
2477003,QH,3,1,0,,,0.012951862786412168,0.05987293208404753,8.0000129423
1515524,QH,3,1,1,0.723751963501511,0.30268097883541145,0.004960950795587179,0.02237680269470683,6.0000001182
1484140,QH,3,1,0,,,0.009931164459720913,0.052570281175279246,7.9999989373
1767030,QH,3,1,0,,,0.04200862418990221,0.20617521468824007,7.9999996802
1943031,QH,3,1,1,0.7034639368395746,0.1554637267844644,0.021828735491087208,0.14808806427665389,5.9999992083
1298464,QH,3,1,1,0.8226959812223915,0.5221912577944521,0.010504091425801719,0.03949674093386657,11.999997197
2478703,QH,3,1,1,0.7880828061066552,0.46321807539136384,0.03362599921246943,0.13123061720772922,8.0001528589
1908382,QH,3,1,1,0.49887108757118725,-0.08035322776944243,0.04465588163506612,0.16705386688377155,7.9999983255
2160228,QH,3,1,1,0.8108924587483805,0.5096861691362469,0.002552364211341001,0.008124956823252424,11.9999974257
1805154,QH,3,1,1,0.6745241376501134,0.17353792480470287,0.0053519537258694605,0.01892014899049562,6.0001604345
1801583,QH,3,1,1,0.6083985906374867,0.08004098863684028,0.013355136070599323,0.08227709667954393,5.9999964258
1947079,QH,3,1,0,,,0.007614528480265972,0.025435040991767296,5.999993091
1910927,QH,3,1,1,0.8642837795194769,0.6282959514088096,0.00345853818853082,0.018831670077168735,8.0000996125
1626754,QH,3,1,1,0.8417444385455669,0.5808201567601152,0.021082671534369327,0.07706231390736087,8.0009739132
1150659,QH,3,1,1,0.8314359386942397,0.5421345347932207,0.0044396222459477655,0.014606350714973515,9.9968846075
1883980,QH,4,1,1,0.6992281647308087,0.23196540657985398,0.004393020884346538,0.010138478367090035,11.999999896
1328582,QH,4,1,1,0.6399629323695671,0.12892670007457352,0.01711531115866323,0.12226234797991399,8.0000000515
2486769,QH,4,1,1,0.6851400084533922,0.1976314724642878,0.008097519218536752,0.022897849189281224,8.0000042224
1602619,QH,4,1,1,0.6989195461081016,0.23300241854669457,0.0045411164600137445,0.012711131033833057,11.9999999019
1737668,QH,4,1,1,0.6903211357269324,0.22294213639959048,0.004630418858258597,0.010233604278523052,11.9999998701
1295366,QH,4,1,1,0.7596672789066293,0.3733843468192404,0.006555716236005187,0.020999258511873106,11.9999989198
1809808,QH,4,1,1,0.7123674557333886,0.27084704005136884,0.007099942324323615,0.03748283536721133,6.0000004312
2451281,QH,4,1,1,0.7062128896935872,0.2753581744854785,0.004510319044891632,0.011374146750578755,11.9999997816
1776535,QH,4,1,0,,,0.004817910455291104,0.019240285470450494,8.0000005187
1741823,QH,4,1,1,0.7379054301410993,0.3270569466930743,0.004080143398250747,0.008787821786963424,11.9999995458
1329537,QH,4,1,1,0.7029857339718996,0.24506947297051396,0.004804779588438997,0.01533788602508585,7.9999995908
2492217,QH,4,1,1,0.6901494881958207,0.224539682982967,0.008259467423809022,0.04389391355742856,8.0000019889
1775068,QH,4,1,1,0.6754935356797082,0.1826620352631082,0.007410767091972961,0.021411969692580274,7.999999922
2519810,QH,4,1,0,,,0.005558354314263714,0.02606888056837793,6.0000037393
1923154,QH,4,1,1,0.6968875849616518,0.2324869374036036,0.005258627427972554,0.01974070894861425,7.9999980511
1777914,QH,4,1,1,0.7443088358175377,0.33589085144380415,0.007176967269282044,0.021149116479837946,8.0000007795
1956563,QH,4,1,0,,,0.13820573569427397,0.9619055579400219,5.9999957126
1954618,QH,4,1,1,0.7327003539903907,0.3207588758213096,0.009057449273322127,0.050867337612807165,6.0000021243
1887045,QH,4,1,1,0.8467695062149034,0.5809006642724328,0.0037704574685652045,0.013526216859949978,11.9999990599
1675157,QH,4,1,1,0.6057393467650013,0.048837243218562754,0.03235860050395789,0.1254125488254744,6.0001861729
2492423,QH,4,1,1,0.7718728205014606,0.4016591672404668,0.005253730172243813,0.013993898094541973,7.9999447327
1776623,QH,4,1,1,0.8220873947301127,0.5225065831857041,0.014515763869270922,0.04860734023063677,8.001964042
1638462,QH,4,1,1,0.8299570473681365,0.5438504257659487,0.007322738352378059,0.02817170821460632,8.000079283
1952399,QH,4,1,1,0.6955801912892662,0.23715801690468363,0.025659283714687512,0.06743612430212857,5.9997429744
1639488,QH,4,1,1,0.7900746598352119,0.45252648977826726,0.029269158173386246,0.11381121186827634,8.0012005842
1673520,QH,4,1,1,0.8018378158152912,0.4834519945544773,0.008581469035425162,0.04214876948230852,6.0001525475
1959020,QH,4,1,1,0.6587432240600998,0.14472320256509796,0.023203038990309913,0.06811333319838186,5.9998861042
1332197,QH,4,1,0,,,0.05274041193811066,0.1635542957068805,7.9998115018
1673497,QH,4,1,1,0.8088772494024896,0.5034375039740522,0.032522567677090435,0.12665049508177592,6.000138026
1606492,QH,5,1,1,0.6941245672176672,0.22017293951408445,0.006419886376704439,0.014231753397179164,11.9999999672
1750013,QH,5,1,1,0.48106034500715034,-0.10456360771582018,0.03741813307406977,0.2951424244482401,11.9999995636
1750088,QH,5,1,1,0.7437635404745028,0.3340903970237812,0.005583140173838258,0.012451763282548723,11.9999998967
1609168,QH,5,1,0,,,0.041326000134296076,0.21857570036958424,11.9999999848
2497086,QH,5,1,0,,,0.05261237462752742,0.46354915376851746,8.0000001686
1749479,QH,5,1,1,0.47487263933472973,-0.06303261803076021,0.022844876192602764,0.18593902459453696,11.9999984246
1749584,QH,5,1,0,,,0.014923125861582117,0.10696233568018128,11.9999998543
2497905,QH,5,1,1,0.6497512801209896,0.003833672489804707,0.03225653772831902,0.20611813244396032,8.000001075
1606289,QH,5,1,0,,,0.02646169418007042,0.13965906464807065,11.9999999345
2497538,QH,5,1,1,0.7218539692473451,0.28462457473202796,0.0073688573286715,0.02219321037308047,8.000170858
1819794,QH,5,1,0,,,0.12144703192922775,0.9906996766517829,5.9999974117
2532270,QH,5,1,1,0.7935925009587719,0.4528261095790648,0.006514569871086285,0.024299367032663725,6.0002745391
2530913,QH,5,1,1,0.675637615131287,0.18173748666598977,0.010996995263185379,0.04700625463878684,6.0001053416
2532832,QH,5,1,1,0.7003058437945889,0.23895556152205466,0.011397171816767075,0.052963891683968735,6.0000778285
1967104,QH,5,1,0,,,0.07874352637700988,0.36712986908236106,6.0000612929
2534726,QH,5,1,1,0.7975600194782605,0.4670942556789932,0.008425716623938796,0.029800408987452332,6.0001682368
1927017,QH,5,1,1,0.842103207235953,0.5690040954516196,0.006695158273791274,0.01913877713638471,8.0004097177
2657809,QH,5,1,1,0.7948329613554678,0.45516044161771063,0.007948164861208626,0.03714909206147377,6.0003274994
1961367,QH,5,1,1,0.7757905446523721,0.41025105104594917,0.008187579575284928,0.030882205324171706,6.0005973655
2658231,QH,5,1,1,0.6477776137185938,0.12092369212918319,0.022137686400928423,0.14392410989210788,6.0001160581
2499504,QH,5,1,1,0.9236213789395482,0.7798013314456598,0.005144448095929135,0.016110217989341178,7.9987406042
2531914,QH,5,1,1,0.7231497193466857,0.31239889199033977,0.00972903489033691,0.04624801791292328,6.0007105975
2535257,QH,5,1,1,0.813777886167757,0.5039250460327942,0.021603573363945888,0.07450417687654665,6.0014125671
2010184,QH,6,1,0,,,0.09198265385449028,0.5114093224261234,11.9999995443
2004997,QH,6,1,0,,,0.06551876908450599,0.34965491126645737,11.9999998077
2005171,QH,6,1,0,,,0.09354363070253817,0.5782330446432367,11.9999998084
2007090,QH,6,1,0,,,0.09191640371480565,0.5317408076558896,11.9999999861
2044357,QH,6,1,0,,,0.029413565037609002,0.18722888379927918,8.0000006553
2012110,QH,6,1,1,0.7316043137773849,0.3058888757907259,0.007969817666920778,0.015687031202145516,11.9999987573
2012132,QH,6,1,0,,,0.03156591138458817,0.18249147327021303,11.9999996402
2045155,QH,6,1,0,,,0.11789031935340534,0.7493663575528182,8.0000093198
2044336,QH,6,1,0,,,0.0812984920502509,0.6110759868266308,8.0000000614
2012083,QH,6,1,0,,,0.04451540273657003,0.2815264729952898,11.9999951452
2010508,QH,6,1,0,,,0.08406521775550718,0.4498057140884522,11.9999990869
2012084,QH,6,1,0,,,0.031086141447353905,0.2017233328140475,11.9999980582
2006930,QH,6,1,0,,,0.041074881863470074,0.21058531481487927,11.9999992155
2009661,QH,6,1,1,0.5287890098547152,-0.1667682686371117,0.039215389414967626,0.19904840805372126,11.999998563
2009827,QH,6,1,1,0.538202990854922,-0.1754499478380253,0.045948907143645634,0.23462944457335944,11.9999991336
2758415,QH,6,1,1,0.6817645510055896,0.20514620395568484,0.01715455658464355,0.05055492314506741,7.9988724663
2044114,QH,6,1,1,0.5782621835984305,-0.06422007067007163,0.032653713475462316,0.19838187739101712,7.9999692719
2758411,QH,6,1,1,0.6818423537861918,0.20530539818784033,0.017173255690005454,0.05058959387069461,7.998902287
2047634,QH,6,1,1,0.5566828811445739,-0.05729528392760236,0.05240618970235883,0.21671138061322062,8.0038990702
