phi_deg,phi_idx,layer,theta_idx,R_cm,Z_cm
0.000,0,LCFS,0,132.9043,0.0000
0.000,0,LCFS,1,132.8103,-3.3105
0.000,0,LCFS,2,132.5265,-6.6247
0.000,0,LCFS,3,132.0483,-9.9414
0.000,0,LCFS,4,131.3703,-13.2506
0.000,0,LCFS,5,130.4891,-16.5310
0.000,0,LCFS,6,129.4064,-19.7490
0.000,0,LCFS,7,128.1326,-22.8602
0.000,0,LCFS,8,126.6890,-25.8121
0.000,0,LCFS,9,125.1088,-28.5481
0.000,0,LCFS,10,123.4373,-31.0119
0.000,0,LCFS,11,121.7296,-33.1516
0.000,0,LCFS,12,120.0473,-34.9233
0.000,0,LCFS,13,118.4540,-36.2929
0.000,0,LCFS,14,117.0102,-37.2376
0.000,0,LCFS,15,115.7680,-37.7455
0.000,0,LCFS,16,114.7671,-37.8149
0.000,0,LCFS,17,114.0312,-37.4531
0.000,0,LCFS,18,113.5671,-36.6752
0.000,0,LCFS,19,113.3645,-35.5025
0.000,0,LCFS,20,113.3983,-33.9621
0.000,0,LCFS,21,113.6319,-32.0861
0.000,0,LCFS,22,114.0211,-29.9105
0.000,0,LCFS,23,114.5188,-27.4749
0.000,0,LCFS,24,115.0783,-24.8206
0.000,0,LCFS,25,115.6572,-21.9894
0.000,0,LCFS,26,116.2187,-19.0216
0.000,0,LCFS,27,116.7334,-15.9540
0.000,0,LCFS,28,117.1786,-12.8182
0.000,0,LCFS,29,117.5383,-9.6394
0.000,0,LCFS,30,117.8016,-6.4361
0.000,0,LCFS,31,117.9619,-3.2205
0.000,0,LCFS,32,118.0157,-0.0000
0.000,0,LCFS,33,117.9619,3.2205
0.000,0,LCFS,34,117.8016,6.4361
0.000,0,LCFS,35,117.5383,9.6394
0.000,0,LCFS,36,117.1786,12.8182
0.000,0,LCFS,37,116.7334,15.9540
0.000,0,LCFS,38,116.2187,19.0216
0.000,0,LCFS,39,115.6572,21.9894
0.000,0,LCFS,40,115.0783,24.8206
0.000,0,LCFS,41,114.5188,27.4749
0.000,0,LCFS,42,114.0211,29.9105
0.000,0,LCFS,43,113.6319,32.0861
0.000,0,LCFS,44,113.3983,33.9621
0.000,0,LCFS,45,113.3645,35.5025
0.000,0,LCFS,46,113.5671,36.6752
0.000,0,LCFS,47,114.0312,37.4531
0.000,0,LCFS,48,114.7671,37.8149
0.000,0,LCFS,49,115.7680,37.7455
0.000,0,LCFS,50,117.0102,37.2376
0.000,0,LCFS,51,118.4540,36.2929
0.000,0,LCFS,52,120.0473,34.9233
0.000,0,LCFS,53,121.7296,33.1516
0.000,0,LCFS,54,123.4373,31.0119
0.000,0,LCFS,55,125.1088,28.5481
0.000,0,LCFS,56,126.6890,25.8121
0.000,0,LCFS,57,128.1326,22.8602
0.000,0,LCFS,58,129.4064,19.7490
0.000,0,LCFS,59,130.4891,16.5310
0.000,0,LCFS,60,131.3703,13.2506
0.000,0,LCFS,61,132.0483,9.9414
0.000,0,LCFS,62,132.5265,6.6247
0.000,0,LCFS,63,132.8103,3.3105
0.000,0,plasma_edge,0,137.9043,0.0000
0.000,0,plasma_edge,1,137.8022,-3.5952
0.000,0,plasma_edge,2,137.4938,-7.1955
0.000,0,plasma_edge,3,136.9739,-10.8008
0.000,0,plasma_edge,4,136.2360,-14.4019
0.000,0,plasma_edge,5,135.2753,-17.9775
0.000,0,plasma_edge,6,134.0922,-21.4936
0.000,0,plasma_edge,7,132.6953,-24.9052
0.000,0,plasma_edge,8,131.1039,-28.1592
0.000,0,plasma_edge,9,129.3482,-31.1992
0.000,0,plasma_edge,10,127.4680,-33.9706
0.000,0,plasma_edge,11,125.5080,-36.4264
0.000,0,plasma_edge,12,123.5081,-38.5320
0.000,0,plasma_edge,13,121.4845,-40.2699
0.000,0,plasma_edge,14,119.3886,-41.6356
0.000,0,plasma_edge,15,117.0143,-42.5877
0.000,0,plasma_edge,16,113.9372,-42.7455
0.000,0,plasma_edge,17,110.5879,-41.0786
0.000,0,plasma_edge,18,108.8358,-38.2923
0.000,0,plasma_edge,19,108.3741,-35.8130
0.000,0,plasma_edge,20,108.4135,-33.5719
0.000,0,plasma_edge,21,108.6899,-31.3263
0.000,0,plasma_edge,22,109.1111,-28.9661
0.000,0,plasma_edge,23,109.6233,-26.4581
0.000,0,plasma_edge,24,110.1827,-23.8046
0.000,0,plasma_edge,25,110.7511,-21.0246
0.000,0,plasma_edge,26,111.2964,-18.1439
0.000,0,plasma_edge,27,111.7922,-15.1895
0.000,0,plasma_edge,28,112.2187,-12.1860
0.000,0,plasma_edge,29,112.5619,-9.1537
0.000,0,plasma_edge,30,112.8124,-6.1068
0.000,0,plasma_edge,31,112.9647,-3.0542
0.000,0,plasma_edge,32,113.0157,-0.0000
0.000,0,plasma_edge,33,112.9647,3.0542
0.000,0,plasma_edge,34,112.8124,6.1068
0.000,0,plasma_edge,35,112.5619,9.1537
0.000,0,plasma_edge,36,112.2187,12.1860
0.000,0,plasma_edge,37,111.7922,15.1895
0.000,0,plasma_edge,38,111.2964,18.1439
0.000,0,plasma_edge,39,110.7511,21.0246
0.000,0,plasma_edge,40,110.1827,23.8046
0.000,0,plasma_edge,41,109.6233,26.4581
0.000,0,plasma_edge,42,109.1111,28.9661
0.000,0,plasma_edge,43,108.6899,31.3263
0.000,0,plasma_edge,44,108.4135,33.5719
0.000,0,plasma_edge,45,108.3741,35.8130
0.000,0,plasma_edge,46,108.8358,38.2923
0.000,0,plasma_edge,47,110.5879,41.0786
0.000,0,plasma_edge,48,113.9372,42.7455
0.000,0,plasma_edge,49,117.0143,42.5877
0.000,0,plasma_edge,50,119.3886,41.6356
0.000,0,plasma_edge,51,121.4845,40.2699
0.000,0,plasma_edge,52,123.5081,38.5320
0.000,0,plasma_edge,53,125.5080,36.4264
0.000,0,plasma_edge,54,127.4680,33.9706
0.000,0,plasma_edge,55,129.3482,31.1992
0.000,0,plasma_edge,56,131.1039,28.1592
0.000,0,plasma_edge,57,132.6953,24.9052
0.000,0,plasma_edge,58,134.0922,21.4936
0.000,0,plasma_edge,59,135.2753,17.9775
0.000,0,plasma_edge,60,136.2360,14.4019
0.000,0,plasma_edge,61,136.9739,10.8008
0.000,0,plasma_edge,62,137.4938,7.1955
0.000,0,plasma_edge,63,137.8022,3.5952
0.000,0,W_outer,0,138.1043,0.0000
0.000,0,W_outer,1,138.0019,-3.6066
0.000,0,W_outer,2,137.6925,-7.2183
0.000,0,W_outer,3,137.1709,-10.8352
0.000,0,W_outer,4,136.4306,-14.4480
0.000,0,W_outer,5,135.4667,-18.0353
0.000,0,W_outer,6,134.2796,-21.5634
0.000,0,W_outer,7,132.8779,-24.9870
0.000,0,W_outer,8,131.2805,-28.2531
0.000,0,W_outer,9,129.5177,-31.3052
0.000,0,W_outer,10,127.6292,-34.0889
0.000,0,W_outer,11,125.6591,-36.5574
0.000,0,W_outer,12,123.6465,-38.6764
0.000,0,W_outer,13,121.6057,-40.4289
0.000,0,W_outer,14,119.4838,-41.8116
0.000,0,W_outer,15,117.0641,-42.7813
0.000,0,W_outer,16,113.9040,-42.9428
0.000,0,W_outer,17,110.4502,-41.2236
0.000,0,W_outer,18,108.6466,-38.3570
0.000,0,W_outer,19,108.1745,-35.8254
0.000,0,W_outer,20,108.2141,-33.5563
0.000,0,W_outer,21,108.4922,-31.2959
0.000,0,W_outer,22,108.9147,-28.9284
0.000,0,W_outer,23,109.4275,-26.4174
0.000,0,W_outer,24,109.9868,-23.7640
0.000,0,W_outer,25,110.5549,-20.9861
0.000,0,W_outer,26,111.0995,-18.1088
0.000,0,W_outer,27,111.5945,-15.1589
0.000,0,W_outer,28,112.0203,-12.1607
0.000,0,W_outer,29,112.3629,-9.1342
0.000,0,W_outer,30,112.6129,-6.0937
0.000,0,W_outer,31,112.7648,-3.0476
0.000,0,W_outer,32,112.8157,-0.0000
0.000,0,W_outer,33,112.7648,3.0476
0.000,0,W_outer,34,112.6129,6.0937
0.000,0,W_outer,35,112.3629,9.1342
0.000,0,W_outer,36,112.0203,12.1607
0.000,0,W_outer,37,111.5945,15.1589
0.000,0,W_outer,38,111.0995,18.1088
0.000,0,W_outer,39,110.5549,20.9861
0.000,0,W_outer,40,109.9868,23.7640
0.000,0,W_outer,41,109.4275,26.4174
0.000,0,W_outer,42,108.9147,28.9284
0.000,0,W_outer,43,108.4922,31.2959
0.000,0,W_outer,44,108.2141,33.5563
0.000,0,W_outer,45,108.1745,35.8254
0.000,0,W_outer,46,108.6466,38.3570
0.000,0,W_outer,47,110.4502,41.2236
0.000,0,W_outer,48,113.9040,42.9428
0.000,0,W_outer,49,117.0641,42.7813
0.000,0,W_outer,50,119.4838,41.8116
0.000,0,W_outer,51,121.6057,40.4289
0.000,0,W_outer,52,123.6465,38.6764
0.000,0,W_outer,53,125.6591,36.5574
0.000,0,W_outer,54,127.6292,34.0889
0.000,0,W_outer,55,129.5177,31.3052
0.000,0,W_outer,56,131.2805,28.2531
0.000,0,W_outer,57,132.8779,24.9870
0.000,0,W_outer,58,134.2796,21.5634
0.000,0,W_outer,59,135.4667,18.0353
0.000,0,W_outer,60,136.4306,14.4480
0.000,0,W_outer,61,137.1709,10.8352
0.000,0,W_outer,62,137.6925,7.2183
0.000,0,W_outer,63,138.0019,3.6066
0.000,0,steel_outer,0,141.9043,0.0000
0.000,0,steel_outer,1,141.7957,-3.8230
0.000,0,steel_outer,2,141.4676,-7.6521
0.000,0,steel_outer,3,140.9143,-11.4884
0.000,0,steel_outer,4,140.1285,-15.3230
0.000,0,steel_outer,5,139.1042,-19.1346
0.000,0,steel_outer,6,137.8408,-22.8892
0.000,0,steel_outer,7,136.3455,-26.5411
0.000,0,steel_outer,8,134.6358,-30.0368
0.000,0,steel_outer,9,132.7396,-33.3200
0.000,0,steel_outer,10,130.6925,-36.3376
0.000,0,steel_outer,11,128.5307,-39.0462
0.000,0,steel_outer,12,126.2767,-41.4190
0.000,0,steel_outer,13,123.9089,-43.4514
0.000,0,steel_outer,14,121.2914,-45.1541
0.000,0,steel_outer,15,118.0113,-46.4614
0.000,0,steel_outer,16,113.2733,-46.6901
0.000,0,steel_outer,17,107.8333,-43.9789
0.000,0,steel_outer,18,105.0508,-39.5861
0.000,0,steel_outer,19,104.3818,-36.0614
0.000,0,steel_outer,20,104.4257,-33.2598
0.000,0,steel_outer,21,104.7364,-30.7185
0.000,0,steel_outer,22,105.1831,-28.2106
0.000,0,steel_outer,23,105.7069,-25.6446
0.000,0,steel_outer,24,106.2661,-22.9918
0.000,0,steel_outer,25,106.8263,-20.2528
0.000,0,steel_outer,26,107.3585,-17.4417
0.000,0,steel_outer,27,107.8392,-14.5778
0.000,0,steel_outer,28,108.2508,-11.6802
0.000,0,steel_outer,29,108.5808,-8.7650
0.000,0,steel_outer,30,108.8211,-5.8434
0.000,0,steel_outer,31,108.9669,-2.9212
0.000,0,steel_outer,32,109.0157,-0.0000
0.000,0,steel_outer,33,108.9669,2.9212
0.000,0,steel_outer,34,108.8211,5.8434
0.000,0,steel_outer,35,108.5808,8.7650
0.000,0,steel_outer,36,108.2508,11.6802
0.000,0,steel_outer,37,107.8392,14.5778
0.000,0,steel_outer,38,107.3585,17.4417
0.000,0,steel_outer,39,106.8263,20.2528
0.000,0,steel_outer,40,106.2661,22.9918
0.000,0,steel_outer,41,105.7069,25.6446
0.000,0,steel_outer,42,105.1831,28.2106
0.000,0,steel_outer,43,104.7364,30.7185
0.000,0,steel_outer,44,104.4257,33.2598
0.000,0,steel_outer,45,104.3818,36.0614
0.000,0,steel_outer,46,105.0508,39.5861
0.000,0,steel_outer,47,107.8333,43.9789
0.000,0,steel_outer,48,113.2733,46.6901
0.000,0,steel_outer,49,118.0113,46.4614
0.000,0,steel_outer,50,121.2914,45.1541
0.000,0,steel_outer,51,123.9089,43.4514
0.000,0,steel_outer,52,126.2767,41.4190
0.000,0,steel_outer,53,128.5307,39.0462
0.000,0,steel_outer,54,130.6925,36.3376
0.000,0,steel_outer,55,132.7396,33.3200
0.000,0,steel_outer,56,134.6358,30.0368
0.000,0,steel_outer,57,136.3455,26.5411
0.000,0,steel_outer,58,137.8408,22.8892
0.000,0,steel_outer,59,139.1042,19.1346
0.000,0,steel_outer,60,140.1285,15.3230
0.000,0,steel_outer,61,140.9143,11.4884
0.000,0,steel_outer,62,141.4676,7.6521
0.000,0,steel_outer,63,141.7957,3.8230
0.000,0,Be_outer,0,143.9043,0.0000
0.000,0,Be_outer,1,143.7924,-3.9368
0.000,0,Be_outer,2,143.4546,-7.8804
0.000,0,Be_outer,3,142.8846,-11.8322
0.000,0,Be_outer,4,142.0747,-15.7835
0.000,0,Be_outer,5,141.0187,-19.7132
0.000,0,Be_outer,6,139.7151,-23.5870
0.000,0,Be_outer,7,138.1706,-27.3591
0.000,0,Be_outer,8,136.4018,-30.9756
0.000,0,Be_outer,9,134.4354,-34.3804
0.000,0,Be_outer,10,132.3048,-37.5210
0.000,0,Be_outer,11,130.0420,-40.3561
0.000,0,Be_outer,12,127.6610,-42.8625
0.000,0,Be_outer,13,125.1210,-45.0422
0.000,0,Be_outer,14,122.2428,-46.9133
0.000,0,Be_outer,15,118.5098,-48.3983
0.000,0,Be_outer,16,112.9414,-48.6623
0.000,0,Be_outer,17,106.4560,-45.4291
0.000,0,Be_outer,18,103.1583,-40.2330
0.000,0,Be_outer,19,102.3857,-36.1856
0.000,0,Be_outer,20,102.4318,-33.1038
0.000,0,Be_outer,21,102.7596,-30.4147
0.000,0,Be_outer,22,103.2191,-27.8328
0.000,0,Be_outer,23,103.7487,-25.2379
0.000,0,Be_outer,24,104.3078,-22.5854
0.000,0,Be_outer,25,104.8639,-19.8669
0.000,0,Be_outer,26,105.3895,-17.0907
0.000,0,Be_outer,27,105.8627,-14.2720
0.000,0,Be_outer,28,106.2669,-11.4273
0.000,0,Be_outer,29,106.5903,-8.5707
0.000,0,Be_outer,30,106.8255,-5.7117
0.000,0,Be_outer,31,106.9680,-2.8547
0.000,0,Be_outer,32,107.0157,-0.0000
0.000,0,Be_outer,33,106.9680,2.8547
0.000,0,Be_outer,34,106.8255,5.7117
0.000,0,Be_outer,35,106.5903,8.5707
0.000,0,Be_outer,36,106.2669,11.4273
0.000,0,Be_outer,37,105.8627,14.2720
0.000,0,Be_outer,38,105.3895,17.0907
0.000,0,Be_outer,39,104.8639,19.8669
0.000,0,Be_outer,40,104.3078,22.5854
0.000,0,Be_outer,41,103.7487,25.2379
0.000,0,Be_outer,42,103.2191,27.8328
0.000,0,Be_outer,43,102.7596,30.4147
0.000,0,Be_outer,44,102.4318,33.1038
0.000,0,Be_outer,45,102.3857,36.1856
0.000,0,Be_outer,46,103.1583,40.2330
0.000,0,Be_outer,47,106.4560,45.4291
0.000,0,Be_outer,48,112.9414,48.6623
0.000,0,Be_outer,49,118.5098,48.3983
0.000,0,Be_outer,50,122.2428,46.9133
0.000,0,Be_outer,51,125.1210,45.0422
0.000,0,Be_outer,52,127.6610,42.8625
0.000,0,Be_outer,53,130.0420,40.3561
0.000,0,Be_outer,54,132.3048,37.5210
0.000,0,Be_outer,55,134.4354,34.3804
0.000,0,Be_outer,56,136.4018,30.9756
0.000,0,Be_outer,57,138.1706,27.3591
0.000,0,Be_outer,58,139.7151,23.5870
0.000,0,Be_outer,59,141.0187,19.7132
0.000,0,Be_outer,60,142.0747,15.7835
0.000,0,Be_outer,61,142.8846,11.8322
0.000,0,Be_outer,62,143.4546,7.8804
0.000,0,Be_outer,63,143.7924,3.9368
0.000,0,FLiBe_outer,0,193.9043,0.0000
0.000,0,FLiBe_outer,1,193.7113,-6.7839
0.000,0,FLiBe_outer,2,193.1277,-13.5886
0.000,0,FLiBe_outer,3,192.1404,-20.4268
0.000,0,FLiBe_outer,4,190.7312,-27.2965
0.000,0,FLiBe_outer,5,188.8808,-34.1778
0.000,0,FLiBe_outer,6,186.5729,-41.0326
0.000,0,FLiBe_outer,7,183.7976,-47.8085
0.000,0,FLiBe_outer,8,180.5508,-54.4462
0.000,0,FLiBe_outer,9,176.8287,-60.8909
0.000,0,FLiBe_outer,10,172.6112,-67.1080
0.000,0,FLiBe_outer,11,167.8258,-73.1034
0.000,0,FLiBe_outer,12,162.2686,-78.9501
0.000,0,FLiBe_outer,13,155.4256,-84.8120
0.000,0,FLiBe_outer,14,146.0271,-90.8941
0.000,0,FLiBe_outer,15,130.9722,-96.8203
0.000,0,FLiBe_outer,16,104.6428,-97.9688
0.000,0,FLiBe_outer,17,72.0231,-81.6834
0.000,0,FLiBe_outer,18,55.8458,-56.4047
0.000,0,FLiBe_outer,19,52.4822,-39.2907
0.000,0,FLiBe_outer,20,52.5843,-29.2023
0.000,0,FLiBe_outer,21,53.3402,-22.8173
0.000,0,FLiBe_outer,22,54.1191,-18.3888
0.000,0,FLiBe_outer,23,54.7935,-15.0695
0.000,0,FLiBe_outer,24,55.3510,-12.4255
0.000,0,FLiBe_outer,25,55.8035,-10.2192
0.000,0,FLiBe_outer,26,56.1659,-8.3136
0.000,0,FLiBe_outer,27,56.4507,-6.6264
0.000,0,FLiBe_outer,28,56.6682,-5.1052
0.000,0,FLiBe_outer,29,56.8268,-3.7130
0.000,0,FLiBe_outer,30,56.9340,-2.4188
0.000,0,FLiBe_outer,31,56.9956,-1.1920
0.000,0,FLiBe_outer,32,57.0157,-0.0000
0.000,0,FLiBe_outer,33,56.9956,1.1920
0.000,0,FLiBe_outer,34,56.9340,2.4188
0.000,0,FLiBe_outer,35,56.8268,3.7130
0.000,0,FLiBe_outer,36,56.6682,5.1052
0.000,0,FLiBe_outer,37,56.4507,6.6264
0.000,0,FLiBe_outer,38,56.1659,8.3136
0.000,0,FLiBe_outer,39,55.8035,10.2192
0.000,0,FLiBe_outer,40,55.3510,12.4255
0.000,0,FLiBe_outer,41,54.7935,15.0695
0.000,0,FLiBe_outer,42,54.1191,18.3888
0.000,0,FLiBe_outer,43,53.3402,22.8173
0.000,0,FLiBe_outer,44,52.5843,29.2023
0.000,0,FLiBe_outer,45,52.4822,39.2907
0.000,0,FLiBe_outer,46,55.8458,56.4047
0.000,0,FLiBe_outer,47,72.0231,81.6834
0.000,0,FLiBe_outer,48,104.6428,97.9688
0.000,0,FLiBe_outer,49,130.9722,96.8203
0.000,0,FLiBe_outer,50,146.0271,90.8941
0.000,0,FLiBe_outer,51,155.4256,84.8120
0.000,0,FLiBe_outer,52,162.2686,78.9501
0.000,0,FLiBe_outer,53,167.8258,73.1034
0.000,0,FLiBe_outer,54,172.6112,67.1080
0.000,0,FLiBe_outer,55,176.8287,60.8909
0.000,0,FLiBe_outer,56,180.5508,54.4462
0.000,0,FLiBe_outer,57,183.7976,47.8085
0.000,0,FLiBe_outer,58,186.5729,41.0326
0.000,0,FLiBe_outer,59,188.8808,34.1778
0.000,0,FLiBe_outer,60,190.7312,27.2965
0.000,0,FLiBe_outer,61,192.1404,20.4268
0.000,0,FLiBe_outer,62,193.1277,13.5886
0.000,0,FLiBe_outer,63,193.7113,6.7839
0.000,0,shield_outer,0,233.9043,0.0000
0.000,0,shield_outer,1,233.6464,-9.0615
0.000,0,shield_outer,2,232.8661,-18.1551
0.000,0,shield_outer,3,231.5450,-27.3024
0.000,0,shield_outer,4,229.6563,-36.5070
0.000,0,shield_outer,5,227.1704,-45.7495
0.000,0,shield_outer,6,224.0591,-54.9891
0.000,0,shield_outer,7,220.2992,-64.1680
0.000,0,shield_outer,8,215.8700,-73.2226
0.000,0,shield_outer,9,210.7433,-82.0993
0.000,0,shield_outer,10,204.8564,-90.7775
0.000,0,shield_outer,11,198.0528,-99.3013
0.000,0,shield_outer,12,189.9548,-107.8201
0.000,0,shield_outer,13,179.6693,-116.6278
0.000,0,shield_outer,14,165.0546,-126.0786
0.000,0,shield_outer,15,140.9422,-135.5578
0.000,0,shield_outer,16,98.0038,-137.4140
0.000,0,shield_outer,17,44.4768,-110.6869
0.000,0,shield_outer,18,17.9958,-69.3421
0.000,0,shield_outer,19,12.5594,-41.7748
0.000,0,shield_outer,20,12.7062,-26.0810
0.000,0,shield_outer,21,13.8046,-16.7394
0.000,0,shield_outer,22,14.8391,-10.8335
0.000,0,shield_outer,23,15.6294,-6.9349
0.000,0,shield_outer,24,16.1854,-4.2976
0.000,0,shield_outer,25,16.5552,-2.5010
0.000,0,shield_outer,26,16.7870,-1.2920
0.000,0,shield_outer,27,16.9211,-0.5100
0.000,0,shield_outer,28,16.9892,-0.0475
0.000,0,shield_outer,29,17.0161,0.1733
0.000,0,shield_outer,30,17.0209,0.2156
0.000,0,shield_outer,31,17.0178,0.1381
0.000,0,shield_outer,32,17.0157,-0.0000
0.000,0,shield_outer,33,17.0178,-0.1381
0.000,0,shield_outer,34,17.0209,-0.2156
0.000,0,shield_outer,35,17.0161,-0.1733
0.000,0,shield_outer,36,16.9892,0.0475
0.000,0,shield_outer,37,16.9211,0.5100
0.000,0,shield_outer,38,16.7870,1.2920
0.000,0,shield_outer,39,16.5552,2.5010
0.000,0,shield_outer,40,16.1854,4.2976
0.000,0,shield_outer,41,15.6294,6.9349
0.000,0,shield_outer,42,14.8391,10.8335
0.000,0,shield_outer,43,13.8046,16.7394
0.000,0,shield_outer,44,12.7062,26.0810
0.000,0,shield_outer,45,12.5594,41.7748
0.000,0,shield_outer,46,17.9958,69.3421
0.000,0,shield_outer,47,44.4768,110.6869
0.000,0,shield_outer,48,98.0038,137.4140
0.000,0,shield_outer,49,140.9422,135.5578
0.000,0,shield_outer,50,165.0546,126.0786
0.000,0,shield_outer,51,179.6693,116.6278
0.000,0,shield_outer,52,189.9548,107.8201
0.000,0,shield_outer,53,198.0528,99.3013
0.000,0,shield_outer,54,204.8564,90.7775
0.000,0,shield_outer,55,210.7433,82.0993
0.000,0,shield_outer,56,215.8700,73.2226
0.000,0,shield_outer,57,220.2992,64.1680
0.000,0,shield_outer,58,224.0591,54.9891
0.000,0,shield_outer,59,227.1704,45.7495
0.000,0,shield_outer,60,229.6563,36.5070
0.000,0,shield_outer,61,231.5450,27.3024
0.000,0,shield_outer,62,232.8661,18.1551
0.000,0,shield_outer,63,233.6464,9.0615
0.000,0,coil_outer,0,248.9043,0.0000
0.000,0,coil_outer,1,248.6221,-9.9156
0.000,0,coil_outer,2,247.7681,-19.8675
0.000,0,coil_outer,3,246.3217,-29.8808
0.000,0,coil_outer,4,244.2533,-39.9609
0.000,0,coil_outer,5,241.5290,-50.0889
0.000,0,coil_outer,6,238.1165,-60.2228
0.000,0,coil_outer,7,233.9872,-70.3029
0.000,0,coil_outer,8,229.1147,-80.2638
0.000,0,coil_outer,9,223.4613,-90.0525
0.000,0,coil_outer,10,216.9484,-99.6536
0.000,0,coil_outer,11,209.3879,-109.1255
0.000,0,coil_outer,12,200.3371,-118.6464
0.000,0,coil_outer,13,188.7607,-128.5587
0.000,0,coil_outer,14,172.1899,-139.2729
0.000,0,coil_outer,15,144.6809,-150.0844
0.000,0,coil_outer,16,95.5143,-152.2060
0.000,0,coil_outer,17,34.1470,-121.5632
0.000,0,coil_outer,18,3.8021,-74.1937
0.000,0,coil_outer,19,-2.4116,-42.7063
0.000,0,coil_outer,20,-2.2480,-24.9106
0.000,0,coil_outer,21,-1.0212,-14.4602
0.000,0,coil_outer,22,0.1091,-8.0003
0.000,0,coil_outer,23,0.9429,-3.8844
0.000,0,coil_outer,24,1.4984,-1.2496
0.000,0,coil_outer,25,1.8371,0.3933
0.000,0,coil_outer,26,2.0200,1.3411
0.000,0,coil_outer,27,2.0975,1.7837
0.000,0,coil_outer,28,2.1096,1.8492
0.000,0,coil_outer,29,2.0870,1.6306
0.000,0,coil_outer,30,2.0534,1.2034
0.000,0,coil_outer,31,2.0261,0.6369
0.000,0,coil_outer,32,2.0157,-0.0000
0.000,0,coil_outer,33,2.0261,-0.6369
0.000,0,coil_outer,34,2.0534,-1.2034
0.000,0,coil_outer,35,2.0870,-1.6306
0.000,0,coil_outer,36,2.1096,-1.8492
0.000,0,coil_outer,37,2.0975,-1.7837
0.000,0,coil_outer,38,2.0200,-1.3411
0.000,0,coil_outer,39,1.8371,-0.3933
0.000,0,coil_outer,40,1.4984,1.2496
0.000,0,coil_outer,41,0.9429,3.8844
0.000,0,coil_outer,42,0.1091,8.0003
0.000,0,coil_outer,43,-1.0212,14.4602
0.000,0,coil_outer,44,-2.2480,24.9106
0.000,0,coil_outer,45,-2.4116,42.7063
0.000,0,coil_outer,46,3.8021,74.1937
0.000,0,coil_outer,47,34.1470,121.5632
0.000,0,coil_outer,48,95.5143,152.2060
0.000,0,coil_outer,49,144.6809,150.0844
0.000,0,coil_outer,50,172.1899,139.2729
0.000,0,coil_outer,51,188.7607,128.5587
0.000,0,coil_outer,52,200.3371,118.6464
0.000,0,coil_outer,53,209.3879,109.1255
0.000,0,coil_outer,54,216.9484,99.6536
0.000,0,coil_outer,55,223.4613,90.0525
0.000,0,coil_outer,56,229.1147,80.2638
0.000,0,coil_outer,57,233.9872,70.3029
0.000,0,coil_outer,58,238.1165,60.2228
0.000,0,coil_outer,59,241.5290,50.0889
0.000,0,coil_outer,60,244.2533,39.9609
0.000,0,coil_outer,61,246.3217,29.8808
0.000,0,coil_outer,62,247.7681,19.8675
0.000,0,coil_outer,63,248.6221,9.9156
45.000,12,LCFS,0,119.2070,-9.1501
45.000,12,LCFS,1,117.9633,-11.6452
45.000,12,LCFS,2,116.5020,-14.1269
45.000,12,LCFS,3,114.8186,-16.5669
45.000,12,LCFS,4,112.9105,-18.9361
45.000,12,LCFS,5,110.7791,-21.2043
45.000,12,LCFS,6,108.4323,-23.3400
45.000,12,LCFS,7,105.8871,-25.3116
45.000,12,LCFS,8,103.1708,-27.0888
45.000,12,LCFS,9,100.3224,-28.6450
45.000,12,LCFS,10,97.3915,-29.9590
45.000,12,LCFS,11,94.4370,-31.0167
45.000,12,LCFS,12,91.5242,-31.8122
45.000,12,LCFS,13,88.7205,-32.3478
45.000,12,LCFS,14,86.0912,-32.6340
45.000,12,LCFS,15,83.6948,-32.6881
45.000,12,LCFS,16,81.5786,-32.5329
45.000,12,LCFS,17,79.7757,-32.1952
45.000,12,LCFS,18,78.3033,-31.7041
45.000,12,LCFS,19,77.1624,-31.0891
45.000,12,LCFS,20,76.3395,-30.3787
45.000,12,LCFS,21,75.8100,-29.5990
45.000,12,LCFS,22,75.5424,-28.7716
45.000,12,LCFS,23,75.5026,-27.9132
45.000,12,LCFS,24,75.6583,-27.0348
45.000,12,LCFS,25,75.9825,-26.1410
45.000,12,LCFS,26,76.4553,-25.2308
45.000,12,LCFS,27,77.0645,-24.2988
45.000,12,LCFS,28,77.8047,-23.3363
45.000,12,LCFS,29,78.6754,-22.3333
45.000,12,LCFS,30,79.6788,-21.2803
45.000,12,LCFS,31,80.8170,-20.1692
45.000,12,LCFS,32,82.0906,-18.9945
45.000,12,LCFS,33,83.4974,-17.7530
45.000,12,LCFS,34,85.0319,-16.4437
45.000,12,LCFS,35,86.6857,-15.0668
45.000,12,LCFS,36,88.4481,-13.6235
45.000,12,LCFS,37,90.3064,-12.1154
45.000,12,LCFS,38,92.2469,-10.5449
45.000,12,LCFS,39,94.2545,-8.9154
45.000,12,LCFS,40,96.3127,-7.2326
45.000,12,LCFS,41,98.4038,-5.5055
45.000,12,LCFS,42,100.5084,-3.7474
45.000,12,LCFS,43,102.6060,-1.9765
45.000,12,LCFS,44,104.6756,-0.2167
45.000,12,LCFS,45,106.6967,1.5028
45.000,12,LCFS,46,108.6499,3.1478
45.000,12,LCFS,47,110.5182,4.6799
45.000,12,LCFS,48,112.2871,6.0578
45.000,12,LCFS,49,113.9447,7.2389
45.000,12,LCFS,50,115.4808,8.1817
45.000,12,LCFS,51,116.8865,8.8476
45.000,12,LCFS,52,118.1526,9.2043
45.000,12,LCFS,53,119.2698,9.2275
45.000,12,LCFS,54,120.2276,8.9035
45.000,12,LCFS,55,121.0150,8.2302
45.000,12,LCFS,56,121.6212,7.2180
45.000,12,LCFS,57,122.0366,5.8885
45.000,12,LCFS,58,122.2532,4.2730
45.000,12,LCFS,59,122.2658,2.4099
45.000,12,LCFS,60,122.0712,0.3417
45.000,12,LCFS,61,121.6684,-1.8884
45.000,12,LCFS,62,121.0573,-4.2388
45.000,12,LCFS,63,120.2373,-6.6709
45.000,12,plasma_edge,0,123.7543,-11.2290
45.000,12,plasma_edge,1,122.3563,-14.0329
45.000,12,plasma_edge,2,120.7153,-16.8190
45.000,12,plasma_edge,3,118.8248,-19.5586
45.000,12,plasma_edge,4,116.6807,-22.2202
45.000,12,plasma_edge,5,114.2849,-24.7692
45.000,12,plasma_edge,6,111.6474,-27.1693
45.000,12,plasma_edge,7,108.7884,-29.3837
45.000,12,plasma_edge,8,105.7403,-31.3781
45.000,12,plasma_edge,9,102.5464,-33.1232
45.000,12,plasma_edge,10,99.2603,-34.5966
45.000,12,plasma_edge,11,95.9429,-35.7846
45.000,12,plasma_edge,12,92.6581,-36.6819
45.000,12,plasma_edge,13,89.4683,-37.2916
45.000,12,plasma_edge,14,86.4289,-37.6226
45.000,12,plasma_edge,15,83.5827,-37.6868
45.000,12,plasma_edge,16,80.9547,-37.4938
45.000,12,plasma_edge,17,78.5491,-37.0424
45.000,12,plasma_edge,18,76.3545,-36.3086
45.000,12,plasma_edge,19,74.3654,-35.2336
45.000,12,plasma_edge,20,72.6369,-33.7390
45.000,12,plasma_edge,21,71.3306,-31.8205
45.000,12,plasma_edge,22,70.6235,-29.6687
45.000,12,plasma_edge,23,70.5136,-27.5804
45.000,12,plasma_edge,24,70.8321,-25.7279
45.000,12,plasma_edge,25,71.4089,-24.1204
45.000,12,plasma_edge,26,72.1439,-22.6986
45.000,12,plasma_edge,27,72.9919,-21.3981
45.000,12,plasma_edge,28,73.9376,-20.1668
45.000,12,plasma_edge,29,74.9802,-18.9650
45.000,12,plasma_edge,30,76.1248,-17.7633
45.000,12,plasma_edge,31,77.3776,-16.5401
45.000,12,plasma_edge,32,78.7429,-15.2807
45.000,12,plasma_edge,33,80.2215,-13.9757
45.000,12,plasma_edge,34,81.8103,-12.6199
45.000,12,plasma_edge,35,83.5026,-11.2109
45.000,12,plasma_edge,36,85.2890,-9.7479
45.000,12,plasma_edge,37,87.1584,-8.2308
45.000,12,plasma_edge,38,89.0986,-6.6606
45.000,12,plasma_edge,39,91.0964,-5.0389
45.000,12,plasma_edge,40,93.1382,-3.3697
45.000,12,plasma_edge,41,95.2089,-1.6594
45.000,12,plasma_edge,42,97.2929,0.0815
45.000,12,plasma_edge,43,99.3739,1.8384
45.000,12,plasma_edge,44,101.4362,3.5919
45.000,12,plasma_edge,45,103.4660,5.3189
45.000,12,plasma_edge,46,105.4534,6.9926
45.000,12,plasma_edge,47,107.3946,8.5842
45.000,12,plasma_edge,48,109.2953,10.0639
45.000,12,plasma_edge,49,111.1759,11.4023
45.000,12,plasma_edge,50,113.0818,12.5686
45.000,12,plasma_edge,51,115.0991,13.5173
45.000,12,plasma_edge,52,117.3656,14.1420
45.000,12,plasma_edge,53,119.9872,14.1758
45.000,12,plasma_edge,54,122.7084,13.2446
45.000,12,plasma_edge,55,124.8683,11.4164
45.000,12,plasma_edge,56,126.2041,9.2173
45.000,12,plasma_edge,57,126.9253,6.9376
45.000,12,plasma_edge,58,127.2424,4.6017
45.000,12,plasma_edge,59,127.2604,2.1787
45.000,12,plasma_edge,60,127.0236,-0.3465
45.000,12,plasma_edge,61,126.5503,-2.9690
45.000,12,plasma_edge,62,125.8474,-5.6722
45.000,12,plasma_edge,63,124.9162,-8.4336
45.000,12,W_outer,0,123.9362,-11.3121
45.000,12,W_outer,1,122.5320,-14.1284
45.000,12,W_outer,2,120.8839,-16.9267
45.000,12,W_outer,3,118.9850,-19.6783
45.000,12,W_outer,4,116.8315,-22.3516
45.000,12,W_outer,5,114.4252,-24.9118
45.000,12,W_outer,6,111.7760,-27.3225
45.000,12,W_outer,7,108.9045,-29.5465
45.000,12,W_outer,8,105.8430,-31.5497
45.000,12,W_outer,9,102.6353,-33.3023
45.000,12,W_outer,10,99.3351,-34.7821
45.000,12,W_outer,11,96.0031,-35.9753
45.000,12,W_outer,12,92.7034,-36.8767
45.000,12,W_outer,13,89.4982,-37.4893
45.000,12,W_outer,14,86.4425,-37.8221
45.000,12,W_outer,15,83.5783,-37.8868
45.000,12,W_outer,16,80.9297,-37.6922
45.000,12,W_outer,17,78.5001,-37.2363
45.000,12,W_outer,18,76.2765,-36.4928
45.000,12,W_outer,19,74.2536,-35.3994
45.000,12,W_outer,20,72.4888,-33.8734
45.000,12,W_outer,21,71.1514,-31.9093
45.000,12,W_outer,22,70.4268,-29.7046
45.000,12,W_outer,23,70.3141,-27.5670
45.000,12,W_outer,24,70.6390,-25.6756
45.000,12,W_outer,25,71.2260,-24.0396
45.000,12,W_outer,26,71.9715,-22.5973
45.000,12,W_outer,27,72.8290,-21.2821
45.000,12,W_outer,28,73.7829,-20.0400
45.000,12,W_outer,29,74.8324,-18.8303
45.000,12,W_outer,30,75.9826,-17.6226
45.000,12,W_outer,31,77.2400,-16.3949
45.000,12,W_outer,32,78.6090,-15.1321
45.000,12,W_outer,33,80.0905,-13.8246
45.000,12,W_outer,34,81.6814,-12.4670
45.000,12,W_outer,35,83.3752,-11.0567
45.000,12,W_outer,36,85.1626,-9.5929
45.000,12,W_outer,37,87.0325,-8.0755
45.000,12,W_outer,38,88.9726,-6.5052
45.000,12,W_outer,39,90.9701,-4.8839
45.000,12,W_outer,40,93.0112,-3.2151
45.000,12,W_outer,41,95.0811,-1.5055
45.000,12,W_outer,42,97.1642,0.2347
45.000,12,W_outer,43,99.2446,1.9910
45.000,12,W_outer,44,101.3066,3.7443
45.000,12,W_outer,45,103.3368,5.4716
45.000,12,W_outer,46,105.3256,7.1464
45.000,12,W_outer,47,107.2696,8.7403
45.000,12,W_outer,48,109.1756,10.2241
45.000,12,W_outer,49,111.0652,11.5689
45.000,12,W_outer,50,112.9859,12.7440
45.000,12,W_outer,51,115.0276,13.7041
45.000,12,W_outer,52,117.3341,14.3395
45.000,12,W_outer,53,120.0159,14.3737
45.000,12,W_outer,54,122.8076,13.4183
45.000,12,W_outer,55,125.0225,11.5438
45.000,12,W_outer,56,126.3874,9.2973
45.000,12,W_outer,57,127.1208,6.9795
45.000,12,W_outer,58,127.4420,4.6149
45.000,12,W_outer,59,127.4602,2.1695
45.000,12,W_outer,60,127.2217,-0.3740
45.000,12,W_outer,61,126.7455,-3.0123
45.000,12,W_outer,62,126.0390,-5.7295
45.000,12,W_outer,63,125.1034,-8.5042
45.000,12,steel_outer,0,127.3922,-12.8920
45.000,12,steel_outer,1,125.8707,-15.9431
45.000,12,steel_outer,2,124.0860,-18.9727
45.000,12,steel_outer,3,122.0297,-21.9520
45.000,12,steel_outer,4,119.6969,-24.8475
45.000,12,steel_outer,5,117.0896,-27.6212
45.000,12,steel_outer,6,114.2194,-30.2327
45.000,12,steel_outer,7,111.1095,-32.6413
45.000,12,steel_outer,8,107.7958,-34.8095
45.000,12,steel_outer,9,104.3256,-36.7057
45.000,12,steel_outer,10,100.7554,-38.3067
45.000,12,steel_outer,11,97.1476,-39.5988
45.000,12,steel_outer,12,93.5652,-40.5777
45.000,12,steel_outer,13,90.0665,-41.2466
45.000,12,steel_outer,14,86.6991,-41.6134
45.000,12,steel_outer,15,83.4931,-41.6858
45.000,12,steel_outer,16,80.4555,-41.4625
45.000,12,steel_outer,17,77.5679,-40.9202
45.000,12,steel_outer,18,74.7954,-39.9923
45.000,12,steel_outer,19,72.1279,-38.5492
45.000,12,steel_outer,20,69.6749,-36.4272
45.000,12,steel_outer,21,67.7471,-33.5977
45.000,12,steel_outer,22,66.6884,-30.3864
45.000,12,steel_outer,23,66.5225,-27.3140
45.000,12,steel_outer,24,66.9712,-24.6824
45.000,12,steel_outer,25,67.7501,-22.5039
45.000,12,steel_outer,26,68.6949,-20.6728
45.000,12,steel_outer,27,69.7339,-19.0775
45.000,12,steel_outer,28,70.8440,-17.6312
45.000,12,steel_outer,29,72.0240,-16.2704
45.000,12,steel_outer,30,73.2816,-14.9497
45.000,12,steel_outer,31,74.6261,-13.6368
45.000,12,steel_outer,32,76.0647,-12.3096
45.000,12,steel_outer,33,77.6008,-10.9538
45.000,12,steel_outer,34,79.2330,-9.5609
45.000,12,steel_outer,35,80.9560,-8.1262
45.000,12,steel_outer,36,82.7617,-6.6474
45.000,12,steel_outer,37,84.6400,-5.1232
45.000,12,steel_outer,38,86.5799,-3.5531
45.000,12,steel_outer,39,88.5700,-1.9378
45.000,12,steel_outer,40,90.5985,-0.2793
45.000,12,steel_outer,41,92.6530,1.4175
45.000,12,steel_outer,42,94.7205,3.1447
45.000,12,steel_outer,43,96.7882,4.8903
45.000,12,steel_outer,44,98.8446,6.6389
45.000,12,steel_outer,45,100.8815,8.3718
45.000,12,steel_outer,46,102.8962,10.0685
45.000,12,steel_outer,47,104.8957,11.7076
45.000,12,steel_outer,48,106.9018,13.2688
45.000,12,steel_outer,49,108.9609,14.7331
45.000,12,steel_outer,50,111.1627,16.0781
45.000,12,steel_outer,51,113.6692,17.2530
45.000,12,steel_outer,52,116.7360,18.0921
45.000,12,steel_outer,53,120.5611,18.1344
45.000,12,steel_outer,54,124.6930,16.7176
45.000,12,steel_outer,55,127.9510,13.9653
45.000,12,steel_outer,56,129.8704,10.8167
45.000,12,steel_outer,57,130.8362,7.7769
45.000,12,steel_outer,58,131.2337,4.8647
45.000,12,steel_outer,59,131.2561,1.9937
45.000,12,steel_outer,60,130.9855,-0.8970
45.000,12,steel_outer,61,130.4557,-3.8335
45.000,12,steel_outer,62,129.6795,-6.8190
45.000,12,steel_outer,63,128.6594,-9.8438
45.000,12,Be_outer,0,129.2111,-13.7236
45.000,12,Be_outer,1,127.6279,-16.8982
45.000,12,Be_outer,2,125.7714,-20.0495
45.000,12,Be_outer,3,123.6322,-23.1487
45.000,12,Be_outer,4,121.2050,-26.1611
45.000,12,Be_outer,5,118.4920,-29.0472
45.000,12,Be_outer,6,115.5054,-31.7644
45.000,12,Be_outer,7,112.2701,-34.2702
45.000,12,Be_outer,8,108.8236,-36.5252
45.000,12,Be_outer,9,105.2152,-38.4970
45.000,12,Be_outer,10,101.5030,-40.1617
45.000,12,Be_outer,11,97.7500,-41.5060
45.000,12,Be_outer,12,94.0188,-42.5256
45.000,12,Be_outer,13,90.3657,-43.2241
45.000,12,Be_outer,14,86.8342,-43.6089
45.000,12,Be_outer,15,83.4483,-43.6853
45.000,12,Be_outer,16,80.2060,-43.4469
45.000,12,Be_outer,17,77.0772,-42.8591
45.000,12,Be_outer,18,74.0158,-41.8341
45.000,12,Be_outer,19,71.0091,-40.2071
45.000,12,Be_outer,20,68.1939,-37.7713
45.000,12,Be_outer,21,65.9553,-34.4863
45.000,12,Be_outer,22,64.7209,-30.7452
45.000,12,Be_outer,23,64.5270,-27.1809
45.000,12,Be_outer,24,65.0407,-24.1596
45.000,12,Be_outer,25,65.9207,-21.6957
45.000,12,Be_outer,26,66.9703,-19.6599
45.000,12,Be_outer,27,68.1048,-17.9172
45.000,12,Be_outer,28,69.2971,-16.3634
45.000,12,Be_outer,29,70.5459,-14.9231
45.000,12,Be_outer,30,71.8600,-13.5429
45.000,12,Be_outer,31,73.2503,-12.1852
45.000,12,Be_outer,32,74.7256,-10.8240
45.000,12,Be_outer,33,76.2904,-9.4429
45.000,12,Be_outer,34,77.9443,-8.0314
45.000,12,Be_outer,35,79.6828,-6.5839
45.000,12,Be_outer,36,81.4981,-5.0972
45.000,12,Be_outer,37,83.3807,-3.5694
45.000,12,Be_outer,38,85.3205,-1.9994
45.000,12,Be_outer,39,87.3068,-0.3872
45.000,12,Be_outer,40,89.3287,1.2659
45.000,12,Be_outer,41,91.3750,2.9560
45.000,12,Be_outer,42,93.4343,4.6762
45.000,12,Be_outer,43,95.4953,6.4163
45.000,12,Be_outer,44,97.5488,8.1623
45.000,12,Be_outer,45,99.5892,9.8983
45.000,12,Be_outer,46,101.6176,11.6064
45.000,12,Be_outer,47,103.6463,13.2693
45.000,12,Be_outer,48,105.7050,14.8712
45.000,12,Be_outer,49,107.8534,16.3984
45.000,12,Be_outer,50,110.2031,17.8328
45.000,12,Be_outer,51,112.9543,19.1208
45.000,12,Be_outer,52,116.4211,20.0672
45.000,12,Be_outer,53,120.8481,20.1137
45.000,12,Be_outer,54,125.6853,18.4540
45.000,12,Be_outer,55,129.4924,15.2398
45.000,12,Be_outer,56,131.7036,11.6164
45.000,12,Be_outer,57,132.7917,8.1965
45.000,12,Be_outer,58,133.2294,4.9962
45.000,12,Be_outer,59,133.2540,1.9012
45.000,12,Be_outer,60,132.9665,-1.1723
45.000,12,Be_outer,61,132.4085,-4.2658
45.000,12,Be_outer,62,131.5955,-7.3924
45.000,12,Be_outer,63,130.5310,-10.5489
45.000,12,FLiBe_outer,0,174.6847,-34.5119
45.000,12,FLiBe_outer,1,171.5583,-40.7755
45.000,12,FLiBe_outer,2,167.9051,-46.9707
45.000,12,FLiBe_outer,3,163.6939,-53.0663
45.000,12,FLiBe_outer,4,158.9072,-59.0023
45.000,12,FLiBe_outer,5,153.5504,-64.6970
45.000,12,FLiBe_outer,6,147.6558,-70.0575
45.000,12,FLiBe_outer,7,141.2838,-74.9912
45.000,12,FLiBe_outer,8,134.5181,-79.4181
45.000,12,FLiBe_outer,9,127.4552,-83.2784
45.000,12,FLiBe_outer,10,120.1917,-86.5377
45.000,12,FLiBe_outer,11,112.8089,-89.1844
45.000,12,FLiBe_outer,12,105.3578,-91.2229
45.000,12,FLiBe_outer,13,97.8439,-92.6617
45.000,12,FLiBe_outer,14,90.2117,-93.4947
45.000,12,FLiBe_outer,15,82.3281,-93.6728
45.000,12,FLiBe_outer,16,73.9669,-93.0561
45.000,12,FLiBe_outer,17,64.8113,-91.3312
45.000,12,FLiBe_outer,18,54.5270,-87.8795
45.000,12,FLiBe_outer,19,43.0399,-81.6525
45.000,12,FLiBe_outer,20,31.1686,-71.3738
45.000,12,FLiBe_outer,21,21.1615,-56.7013
45.000,12,FLiBe_outer,22,15.5323,-39.7165
45.000,12,FLiBe_outer,23,14.6379,-23.8520
45.000,12,FLiBe_outer,24,16.7789,-11.0904
45.000,12,FLiBe_outer,25,20.1855,-1.4895
45.000,12,FLiBe_outer,26,23.8570,5.6628
45.000,12,FLiBe_outer,27,27.3791,11.0899
45.000,12,FLiBe_outer,28,30.6264,15.3317
45.000,12,FLiBe_outer,29,33.5936,18.7597
45.000,12,FLiBe_outer,30,36.3201,21.6269
45.000,12,FLiBe_outer,31,38.8562,24.1060
45.000,12,FLiBe_outer,32,41.2482,26.3144
45.000,12,FLiBe_outer,33,43.5312,28.3306
45.000,12,FLiBe_outer,34,45.7280,30.2061
45.000,12,FLiBe_outer,35,47.8511,31.9744
45.000,12,FLiBe_outer,36,49.9071,33.6586
45.000,12,FLiBe_outer,37,51.9003,35.2762
45.000,12,FLiBe_outer,38,53.8368,36.8436
45.000,12,FLiBe_outer,39,55.7264,38.3772
45.000,12,FLiBe_outer,40,57.5833,39.8953
45.000,12,FLiBe_outer,41,59.4263,41.4174
45.000,12,FLiBe_outer,42,61.2794,42.9654
45.000,12,FLiBe_outer,43,63.1742,44.5652
45.000,12,FLiBe_outer,44,65.1543,46.2490
45.000,12,FLiBe_outer,45,67.2825,48.0595
45.000,12,FLiBe_outer,46,69.6528,50.0544
45.000,12,FLiBe_outer,47,72.4103,52.3117
45.000,12,FLiBe_outer,48,75.7864,54.9321
45.000,12,FLiBe_outer,49,80.1660,58.0326
45.000,12,FLiBe_outer,50,86.2133,61.7019
45.000,12,FLiBe_outer,51,95.0809,65.8171
45.000,12,FLiBe_outer,52,108.5507,69.4439
45.000,12,FLiBe_outer,53,128.0223,69.5964
45.000,12,FLiBe_outer,54,150.4933,61.8656
45.000,12,FLiBe_outer,55,168.0261,47.1012
45.000,12,FLiBe_outer,56,177.5324,31.6092
45.000,12,FLiBe_outer,57,181.6786,18.6878
45.000,12,FLiBe_outer,58,183.1212,8.2835
45.000,12,FLiBe_outer,59,183.2005,-0.4111
45.000,12,FLiBe_outer,60,182.4906,-8.0542
45.000,12,FLiBe_outer,61,181.2267,-15.0722
45.000,12,FLiBe_outer,62,179.4967,-21.7269
45.000,12,FLiBe_outer,63,177.3206,-28.1765
45.000,12,shield_outer,0,211.0636,-51.1425
45.000,12,shield_outer,1,206.7025,-59.8774
45.000,12,shield_outer,2,201.6121,-68.5076
45.000,12,shield_outer,3,195.7432,-77.0004
45.000,12,shield_outer,4,189.0690,-85.2752
45.000,12,shield_outer,5,181.5971,-93.2168
45.000,12,shield_outer,6,173.3760,-100.6919
45.000,12,shield_outer,7,164.4948,-107.5681
45.000,12,shield_outer,8,155.0736,-113.7323
45.000,12,shield_outer,9,145.2472,-119.1036
45.000,12,shield_outer,10,135.1427,-123.6385
45.000,12,shield_outer,11,124.8561,-127.3271
45.000,12,shield_outer,12,114.4290,-130.1807
45.000,12,shield_outer,13,103.8264,-132.2118
45.000,12,shield_outer,14,92.9137,-133.4033
45.000,12,shield_outer,15,81.4319,-133.6627
45.000,12,shield_outer,16,68.9756,-132.7435
45.000,12,shield_outer,17,54.9985,-130.1089
45.000,12,shield_outer,18,38.9359,-124.7159
45.000,12,shield_outer,19,20.6645,-114.8088
45.000,12,shield_outer,20,1.5483,-98.2557
45.000,12,shield_outer,21,-14.6736,-74.4734
45.000,12,shield_outer,22,-23.8186,-46.8935
45.000,12,shield_outer,23,-25.2734,-21.1890
45.000,12,shield_outer,24,-21.8305,-0.6351
45.000,12,shield_outer,25,-16.4027,14.6754
45.000,12,shield_outer,26,-10.6337,25.9209
45.000,12,shield_outer,27,-5.2015,34.2957
45.000,12,shield_outer,28,-0.3102,40.6877
45.000,12,shield_outer,29,4.0318,45.7059
45.000,12,shield_outer,30,7.8881,49.7627
45.000,12,shield_outer,31,11.3409,53.1389
45.000,12,shield_outer,32,14.4663,56.0251
45.000,12,shield_outer,33,17.3238,58.5494
45.000,12,shield_outer,34,19.9549,60.7961
45.000,12,shield_outer,35,22.3858,62.8211
45.000,12,shield_outer,36,24.6343,64.6632
45.000,12,shield_outer,37,26.7159,66.3527
45.000,12,shield_outer,38,28.6499,67.9179
45.000,12,shield_outer,39,30.4622,69.3888
45.000,12,shield_outer,40,32.1870,70.7988
45.000,12,shield_outer,41,33.8673,72.1865
45.000,12,shield_outer,42,35.5555,73.5968
45.000,12,shield_outer,43,37.3173,75.0844
45.000,12,shield_outer,44,39.2387,76.7183
45.000,12,shield_outer,45,41.4371,78.5884
45.000,12,shield_outer,46,44.0809,80.8128
45.000,12,shield_outer,47,47.4214,83.5456
45.000,12,shield_outer,48,51.8515,86.9808
45.000,12,shield_outer,49,58.0160,91.3400
45.000,12,shield_outer,50,67.0214,96.7971
45.000,12,shield_outer,51,80.7822,103.1741
45.000,12,shield_outer,52,102.2543,108.9452
45.000,12,shield_outer,53,133.7616,109.1825
45.000,12,shield_outer,54,170.3398,96.5948
45.000,12,shield_outer,55,198.8531,72.5904
45.000,12,shield_outer,56,214.1956,47.6035
45.000,12,shield_outer,57,220.7882,27.0808
45.000,12,shield_outer,58,223.0347,10.9134
45.000,12,shield_outer,59,223.1577,-2.2609
45.000,12,shield_outer,60,222.1099,-13.5598
45.000,12,shield_outer,61,220.2813,-23.7173
45.000,12,shield_outer,62,217.8176,-33.1945
45.000,12,shield_outer,63,214.7523,-42.2785
45.000,12,coil_outer,0,224.7057,-57.3790
45.000,12,coil_outer,1,219.8816,-67.0406
45.000,12,coil_outer,2,214.2522,-76.5840
45.000,12,coil_outer,3,207.7617,-85.9756
45.000,12,coil_outer,4,200.3797,-95.1275
45.000,12,coil_outer,5,192.1146,-103.9118
45.000,12,coil_outer,6,183.0211,-112.1798
45.000,12,coil_outer,7,173.1989,-119.7844
45.000,12,coil_outer,8,162.7820,-126.6002
45.000,12,coil_outer,9,151.9192,-132.5381
45.000,12,coil_outer,10,140.7493,-137.5513
45.000,12,coil_outer,11,129.3737,-141.6306
45.000,12,coil_outer,12,117.8307,-144.7899
45.000,12,coil_outer,13,106.0699,-147.0430
45.000,12,coil_outer,14,93.9270,-148.3690
45.000,12,coil_outer,15,81.0958,-148.6590
45.000,12,coil_outer,16,67.1038,-147.6262
45.000,12,coil_outer,17,51.3187,-144.6505
45.000,12,coil_outer,18,33.0893,-138.5296
45.000,12,coil_outer,19,12.2737,-127.2424
45.000,12,coil_outer,20,-9.5593,-108.3365
45.000,12,coil_outer,21,-28.1118,-81.1379
45.000,12,coil_outer,22,-38.5751,-49.5848
45.000,12,coil_outer,23,-40.2401,-20.1903
45.000,12,coil_outer,24,-36.3090,3.2856
45.000,12,coil_outer,25,-30.1233,20.7372
45.000,12,coil_outer,26,-23.5677,33.5177
45.000,12,coil_outer,27,-17.4192,42.9978
45.000,12,coil_outer,28,-11.9114,50.1962
45.000,12,coil_outer,29,-7.0539,55.8107
45.000,12,coil_outer,30,-2.7739,60.3136
45.000,12,coil_outer,31,1.0227,64.0262
45.000,12,coil_outer,32,4.4231,67.1667
45.000,12,coil_outer,33,7.4961,69.8814
45.000,12,coil_outer,34,10.2900,72.2674
45.000,12,coil_outer,35,12.8363,74.3886
45.000,12,coil_outer,36,15.1570,76.2899
45.000,12,coil_outer,37,17.2718,78.0064
45.000,12,coil_outer,38,19.2047,79.5708
45.000,12,coil_outer,39,20.9881,81.0181
45.000,12,coil_outer,40,22.6634,82.3876
45.000,12,coil_outer,41,24.2827,83.7249
45.000,12,coil_outer,42,25.9090,85.0836
45.000,12,coil_outer,43,27.6210,86.5291
45.000,12,coil_outer,44,29.5203,88.1444
45.000,12,coil_outer,45,31.7451,90.0367
45.000,12,coil_outer,46,34.4915,92.3472
45.000,12,coil_outer,47,38.0506,95.2584
45.000,12,coil_outer,48,42.8759,98.9991
45.000,12,coil_outer,49,49.7098,103.8302
45.000,12,coil_outer,50,59.8245,109.9578
45.000,12,coil_outer,51,75.4202,117.1830
45.000,12,coil_outer,52,99.8932,123.7582
45.000,12,coil_outer,53,135.9138,124.0273
45.000,12,coil_outer,54,177.7822,109.6183
45.000,12,coil_outer,55,210.4132,82.1488
45.000,12,coil_outer,56,227.9442,53.6013
45.000,12,coil_outer,57,235.4543,30.2281
45.000,12,coil_outer,58,238.0022,11.8996
45.000,12,coil_outer,59,238.1416,-2.9546
45.000,12,coil_outer,60,236.9672,-15.6244
45.000,12,coil_outer,61,234.9268,-26.9592
45.000,12,coil_outer,62,232.1880,-37.4949
45.000,12,coil_outer,63,228.7892,-47.5668
90.000,24,LCFS,0,108.1725,-0.0000
90.000,24,LCFS,1,108.0179,-1.9914
90.000,24,LCFS,2,107.5551,-3.9261
90.000,24,LCFS,3,106.7867,-5.7508
90.000,24,LCFS,4,105.7178,-7.4188
90.000,24,LCFS,5,104.3558,-8.8918
90.000,24,LCFS,6,102.7116,-10.1424
90.000,24,LCFS,7,100.8001,-11.1540
90.000,24,LCFS,8,98.6418,-11.9206
90.000,24,LCFS,9,96.2633,-12.4458
90.000,24,LCFS,10,93.6987,-12.7407
90.000,24,LCFS,11,90.9898,-12.8219
90.000,24,LCFS,12,88.1856,-12.7096
90.000,24,LCFS,13,85.3412,-12.4253
90.000,24,LCFS,14,82.5159,-11.9916
90.000,24,LCFS,15,79.7694,-11.4307
90.000,24,LCFS,16,77.1589,-10.7649
90.000,24,LCFS,17,74.7347,-10.0168
90.000,24,LCFS,18,72.5372,-9.2091
90.000,24,LCFS,19,70.5943,-8.3649
90.000,24,LCFS,20,68.9195,-7.5069
90.000,24,LCFS,21,67.5125,-6.6567
90.000,24,LCFS,22,66.3602,-5.8330
90.000,24,LCFS,23,65.4398,-5.0507
90.000,24,LCFS,24,64.7217,-4.3193
90.000,24,LCFS,25,64.1733,-3.6432
90.000,24,LCFS,26,63.7626,-3.0210
90.000,24,LCFS,27,63.4604,-2.4473
90.000,24,LCFS,28,63.2425,-1.9139
90.000,24,LCFS,29,63.0901,-1.4112
90.000,24,LCFS,30,62.9897,-0.9299
90.000,24,LCFS,31,62.9326,-0.4619
90.000,24,LCFS,32,62.9141,-0.0000
90.000,24,LCFS,33,62.9326,0.4619
90.000,24,LCFS,34,62.9897,0.9299
90.000,24,LCFS,35,63.0901,1.4112
90.000,24,LCFS,36,63.2425,1.9139
90.000,24,LCFS,37,63.4604,2.4473
90.000,24,LCFS,38,63.7626,3.0210
90.000,24,LCFS,39,64.1733,3.6432
90.000,24,LCFS,40,64.7217,4.3193
90.000,24,LCFS,41,65.4398,5.0507
90.000,24,LCFS,42,66.3602,5.8330
90.000,24,LCFS,43,67.5125,6.6567
90.000,24,LCFS,44,68.9195,7.5069
90.000,24,LCFS,45,70.5943,8.3649
90.000,24,LCFS,46,72.5372,9.2091
90.000,24,LCFS,47,74.7347,10.0168
90.000,24,LCFS,48,77.1589,10.7649
90.000,24,LCFS,49,79.7694,11.4307
90.000,24,LCFS,50,82.5159,11.9916
90.000,24,LCFS,51,85.3412,12.4253
90.000,24,LCFS,52,88.1856,12.7096
90.000,24,LCFS,53,90.9898,12.8219
90.000,24,LCFS,54,93.6987,12.7407
90.000,24,LCFS,55,96.2633,12.4458
90.000,24,LCFS,56,98.6418,11.9206
90.000,24,LCFS,57,100.8001,11.1540
90.000,24,LCFS,58,102.7116,10.1424
90.000,24,LCFS,59,104.3558,8.8918
90.000,24,LCFS,60,105.7178,7.4188
90.000,24,LCFS,61,106.7867,5.7508
90.000,24,LCFS,62,107.5551,3.9261
90.000,24,LCFS,63,108.0179,1.9914
90.000,24,plasma_edge,0,113.1725,-0.0000
90.000,24,plasma_edge,1,112.9572,-2.7682
90.000,24,plasma_edge,2,112.3067,-5.4823
90.000,24,plasma_edge,3,111.2118,-8.0786
90.000,24,plasma_edge,4,109.6719,-10.4790
90.000,24,plasma_edge,5,107.7129,-12.5972
90.000,24,plasma_edge,6,105.3955,-14.3610
90.000,24,plasma_edge,7,102.8020,-15.7357
90.000,24,plasma_edge,8,100.0111,-16.7294
90.000,24,plasma_edge,9,97.0817,-17.3784
90.000,24,plasma_edge,10,94.0545,-17.7280
90.000,24,plasma_edge,11,90.9615,-17.8219
90.000,24,plasma_edge,12,87.8353,-17.6973
90.000,24,plasma_edge,13,84.7131,-17.3857
90.000,24,plasma_edge,14,81.6372,-16.9138
90.000,24,plasma_edge,15,78.6534,-16.3045
90.000,24,plasma_edge,16,75.8070,-15.5787
90.000,24,plasma_edge,17,73.1394,-14.7555
90.000,24,plasma_edge,18,70.6844,-13.8531
90.000,24,plasma_edge,19,68.4656,-12.8891
90.000,24,plasma_edge,20,66.4956,-11.8801
90.000,24,plasma_edge,21,64.7756,-10.8412
90.000,24,plasma_edge,22,63.2977,-9.7854
90.000,24,plasma_edge,23,62.0470,-8.7234
90.000,24,plasma_edge,24,61.0049,-7.6638
90.000,24,plasma_edge,25,60.1516,-6.6140
90.000,24,plasma_edge,26,59.4678,-5.5812
90.000,24,plasma_edge,27,58.9349,-4.5732
90.000,24,plasma_edge,28,58.5343,-3.5967
90.000,24,plasma_edge,29,58.2475,-2.6557
90.000,24,plasma_edge,30,58.0571,-1.7484
90.000,24,plasma_edge,31,57.9490,-0.8671
90.000,24,plasma_edge,32,57.9141,-0.0000
90.000,24,plasma_edge,33,57.9490,0.8671
90.000,24,plasma_edge,34,58.0571,1.7484
90.000,24,plasma_edge,35,58.2475,2.6557
90.000,24,plasma_edge,36,58.5343,3.5967
90.000,24,plasma_edge,37,58.9349,4.5732
90.000,24,plasma_edge,38,59.4678,5.5812
90.000,24,plasma_edge,39,60.1516,6.6140
90.000,24,plasma_edge,40,61.0049,7.6638
90.000,24,plasma_edge,41,62.0470,8.7234
90.000,24,plasma_edge,42,63.2977,9.7854
90.000,24,plasma_edge,43,64.7756,10.8412
90.000,24,plasma_edge,44,66.4956,11.8801
90.000,24,plasma_edge,45,68.4656,12.8891
90.000,24,plasma_edge,46,70.6844,13.8531
90.000,24,plasma_edge,47,73.1394,14.7555
90.000,24,plasma_edge,48,75.8070,15.5787
90.000,24,plasma_edge,49,78.6534,16.3045
90.000,24,plasma_edge,50,81.6372,16.9138
90.000,24,plasma_edge,51,84.7131,17.3857
90.000,24,plasma_edge,52,87.8353,17.6973
90.000,24,plasma_edge,53,90.9615,17.8219
90.000,24,plasma_edge,54,94.0545,17.7280
90.000,24,plasma_edge,55,97.0817,17.3784
90.000,24,plasma_edge,56,100.0111,16.7294
90.000,24,plasma_edge,57,102.8020,15.7357
90.000,24,plasma_edge,58,105.3955,14.3610
90.000,24,plasma_edge,59,107.7129,12.5972
90.000,24,plasma_edge,60,109.6719,10.4790
90.000,24,plasma_edge,61,111.2118,8.0786
90.000,24,plasma_edge,62,112.3067,5.4823
90.000,24,plasma_edge,63,112.9572,2.7682
90.000,24,W_outer,0,113.3725,-0.0000
90.000,24,W_outer,1,113.1548,-2.7993
90.000,24,W_outer,2,112.4968,-5.5445
90.000,24,W_outer,3,111.3888,-8.1718
90.000,24,W_outer,4,109.8300,-10.6014
90.000,24,W_outer,5,107.8472,-12.7454
90.000,24,W_outer,6,105.5029,-14.5297
90.000,24,W_outer,7,102.8821,-15.9190
90.000,24,W_outer,8,100.0659,-16.9218
90.000,24,W_outer,9,97.1144,-17.5757
90.000,24,W_outer,10,94.0687,-17.9275
90.000,24,W_outer,11,90.9604,-18.0219
90.000,24,W_outer,12,87.8213,-17.8968
90.000,24,W_outer,13,84.6880,-17.5841
90.000,24,W_outer,14,81.6021,-17.1107
90.000,24,W_outer,15,78.6088,-16.4995
90.000,24,W_outer,16,75.7529,-15.7713
90.000,24,W_outer,17,73.0756,-14.9450
90.000,24,W_outer,18,70.6103,-14.0388
90.000,24,W_outer,19,68.3805,-13.0701
90.000,24,W_outer,20,66.3986,-12.0550
90.000,24,W_outer,21,64.6662,-11.0085
90.000,24,W_outer,22,63.1752,-9.9435
90.000,24,W_outer,23,61.9113,-8.8703
90.000,24,W_outer,24,60.8562,-7.7976
90.000,24,W_outer,25,59.9907,-6.7328
90.000,24,W_outer,26,59.2960,-5.6836
90.000,24,W_outer,27,58.7538,-4.6582
90.000,24,W_outer,28,58.3459,-3.6641
90.000,24,W_outer,29,58.0538,-2.7055
90.000,24,W_outer,30,57.8598,-1.7811
90.000,24,W_outer,31,57.7497,-0.8833
90.000,24,W_outer,32,57.7141,-0.0000
90.000,24,W_outer,33,57.7497,0.8833
90.000,24,W_outer,34,57.8598,1.7811
90.000,24,W_outer,35,58.0538,2.7055
90.000,24,W_outer,36,58.3459,3.6641
90.000,24,W_outer,37,58.7538,4.6582
90.000,24,W_outer,38,59.2960,5.6836
90.000,24,W_outer,39,59.9907,6.7328
90.000,24,W_outer,40,60.8562,7.7976
90.000,24,W_outer,41,61.9113,8.8703
90.000,24,W_outer,42,63.1752,9.9435
90.000,24,W_outer,43,64.6662,11.0085
90.000,24,W_outer,44,66.3986,12.0550
90.000,24,W_outer,45,68.3805,13.0701
90.000,24,W_outer,46,70.6103,14.0388
90.000,24,W_outer,47,73.0756,14.9450
90.000,24,W_outer,48,75.7529,15.7713
90.000,24,W_outer,49,78.6088,16.4995
90.000,24,W_outer,50,81.6021,17.1107
90.000,24,W_outer,51,84.6880,17.5841
90.000,24,W_outer,52,87.8213,17.8968
90.000,24,W_outer,53,90.9604,18.0219
90.000,24,W_outer,54,94.0687,17.9275
90.000,24,W_outer,55,97.1144,17.5757
90.000,24,W_outer,56,100.0659,16.9218
90.000,24,W_outer,57,102.8821,15.9190
90.000,24,W_outer,58,105.5029,14.5297
90.000,24,W_outer,59,107.8472,12.7454
90.000,24,W_outer,60,109.8300,10.6014
90.000,24,W_outer,61,111.3888,8.1718
90.000,24,W_outer,62,112.4968,5.5445
90.000,24,W_outer,63,113.1548,2.7993
90.000,24,steel_outer,0,117.1725,-0.0000
90.000,24,steel_outer,1,116.9087,-3.3897
90.000,24,steel_outer,2,116.1081,-6.7272
90.000,24,steel_outer,3,114.7518,-9.9409
90.000,24,steel_outer,4,112.8352,-12.9272
90.000,24,steel_outer,5,110.3986,-15.5615
90.000,24,steel_outer,6,107.5426,-17.7359
90.000,24,steel_outer,7,104.4035,-19.4011
90.000,24,steel_outer,8,101.1065,-20.5765
90.000,24,steel_outer,9,97.7364,-21.3244
90.000,24,steel_outer,10,94.3391,-21.7179
90.000,24,steel_outer,11,90.9389,-21.8218
90.000,24,steel_outer,12,87.5552,-21.6874
90.000,24,steel_outer,13,84.2106,-21.3540
90.000,24,steel_outer,14,80.9343,-20.8515
90.000,24,steel_outer,15,77.7606,-20.2036
90.000,24,steel_outer,16,74.7255,-19.4297
90.000,24,steel_outer,17,71.8632,-18.5464
90.000,24,steel_outer,18,69.2021,-17.5683
90.000,24,steel_outer,19,66.7627,-16.5085
90.000,24,steel_outer,20,64.5565,-15.3786
90.000,24,steel_outer,21,62.5862,-14.1887
90.000,24,steel_outer,22,60.8477,-12.9472
90.000,24,steel_outer,23,59.3327,-11.6615
90.000,24,steel_outer,24,58.0314,-10.3393
90.000,24,steel_outer,25,56.9342,-8.9906
90.000,24,steel_outer,26,56.0320,-7.6294
90.000,24,steel_outer,27,55.3144,-6.2738
90.000,24,steel_outer,28,54.7676,-4.9430
90.000,24,steel_outer,29,54.3733,-3.6513
90.000,24,steel_outer,30,54.1111,-2.4031
90.000,24,steel_outer,31,53.9622,-1.1913
90.000,24,steel_outer,32,53.9141,-0.0000
90.000,24,steel_outer,33,53.9622,1.1913
90.000,24,steel_outer,34,54.1111,2.4031
90.000,24,steel_outer,35,54.3733,3.6513
90.000,24,steel_outer,36,54.7676,4.9430
90.000,24,steel_outer,37,55.3144,6.2738
90.000,24,steel_outer,38,56.0320,7.6294
90.000,24,steel_outer,39,56.9342,8.9906
90.000,24,steel_outer,40,58.0314,10.3393
90.000,24,steel_outer,41,59.3327,11.6615
90.000,24,steel_outer,42,60.8477,12.9472
90.000,24,steel_outer,43,62.5862,14.1887
90.000,24,steel_outer,44,64.5565,15.3786
90.000,24,steel_outer,45,66.7627,16.5085
90.000,24,steel_outer,46,69.2021,17.5683
90.000,24,steel_outer,47,71.8632,18.5464
90.000,24,steel_outer,48,74.7255,19.4297
90.000,24,steel_outer,49,77.7606,20.2036
90.000,24,steel_outer,50,80.9343,20.8515
90.000,24,steel_outer,51,84.2106,21.3540
90.000,24,steel_outer,52,87.5552,21.6874
90.000,24,steel_outer,53,90.9389,21.8218
90.000,24,steel_outer,54,94.3391,21.7179
90.000,24,steel_outer,55,97.7364,21.3244
90.000,24,steel_outer,56,101.1065,20.5765
90.000,24,steel_outer,57,104.4035,19.4011
90.000,24,steel_outer,58,107.5426,17.7359
90.000,24,steel_outer,59,110.3986,15.5615
90.000,24,steel_outer,60,112.8352,12.9272
90.000,24,steel_outer,61,114.7518,9.9409
90.000,24,steel_outer,62,116.1081,6.7272
90.000,24,steel_outer,63,116.9087,3.3897
90.000,24,Be_outer,0,119.1725,-0.0000
90.000,24,Be_outer,1,118.8844,-3.7004
90.000,24,Be_outer,2,118.0087,-7.3497
90.000,24,Be_outer,3,116.5219,-10.8720
90.000,24,Be_outer,4,114.4168,-14.1513
90.000,24,Be_outer,5,111.7414,-17.0436
90.000,24,Be_outer,6,108.6162,-19.4233
90.000,24,Be_outer,7,105.2043,-21.2338
90.000,24,Be_outer,8,101.6542,-22.5001
90.000,24,Be_outer,9,98.0637,-23.2974
90.000,24,Be_outer,10,94.4814,-23.7128
90.000,24,Be_outer,11,90.9276,-23.8218
90.000,24,Be_outer,12,87.4151,-23.6825
90.000,24,Be_outer,13,83.9593,-23.3382
90.000,24,Be_outer,14,80.5828,-22.8204
90.000,24,Be_outer,15,77.3142,-22.1532
90.000,24,Be_outer,16,74.1848,-21.3553
90.000,24,Be_outer,17,71.2251,-20.4419
90.000,24,Be_outer,18,68.4609,-19.4259
90.000,24,Be_outer,19,65.9112,-18.3182
90.000,24,Be_outer,20,63.5869,-17.1279
90.000,24,Be_outer,21,61.4914,-15.8625
90.000,24,Be_outer,22,59.6227,-14.5282
90.000,24,Be_outer,23,57.9756,-13.1306
90.000,24,Be_outer,24,56.5447,-11.6771
90.000,24,Be_outer,25,55.3255,-10.1789
90.000,24,Be_outer,26,54.3141,-8.6535
90.000,24,Be_outer,27,53.5042,-7.1242
90.000,24,Be_outer,28,52.8843,-5.6161
90.000,24,Be_outer,29,52.4363,-4.1491
90.000,24,Be_outer,30,52.1380,-2.7305
90.000,24,Be_outer,31,51.9688,-1.3534
90.000,24,Be_outer,32,51.9141,-0.0000
90.000,24,Be_outer,33,51.9688,1.3534
90.000,24,Be_outer,34,52.1380,2.7305
90.000,24,Be_outer,35,52.4363,4.1491
90.000,24,Be_outer,36,52.8843,5.6161
90.000,24,Be_outer,37,53.5042,7.1242
90.000,24,Be_outer,38,54.3141,8.6535
90.000,24,Be_outer,39,55.3255,10.1789
90.000,24,Be_outer,40,56.5447,11.6771
90.000,24,Be_outer,41,57.9756,13.1306
90.000,24,Be_outer,42,59.6227,14.5282
90.000,24,Be_outer,43,61.4914,15.8625
90.000,24,Be_outer,44,63.5869,17.1279
90.000,24,Be_outer,45,65.9112,18.3182
90.000,24,Be_outer,46,68.4609,19.4259
90.000,24,Be_outer,47,71.2251,20.4419
90.000,24,Be_outer,48,74.1848,21.3553
90.000,24,Be_outer,49,77.3142,22.1532
90.000,24,Be_outer,50,80.5828,22.8204
90.000,24,Be_outer,51,83.9593,23.3382
90.000,24,Be_outer,52,87.4151,23.6825
90.000,24,Be_outer,53,90.9276,23.8218
90.000,24,Be_outer,54,94.4814,23.7128
90.000,24,Be_outer,55,98.0637,23.2974
90.000,24,Be_outer,56,101.6542,22.5001
90.000,24,Be_outer,57,105.2043,21.2338
90.000,24,Be_outer,58,108.6162,19.4233
90.000,24,Be_outer,59,111.7414,17.0436
90.000,24,Be_outer,60,114.4168,14.1513
90.000,24,Be_outer,61,116.5219,10.8720
90.000,24,Be_outer,62,118.0087,7.3497
90.000,24,Be_outer,63,118.8844,3.7004
90.000,24,FLiBe_outer,0,169.1725,-0.0000
90.000,24,FLiBe_outer,1,168.2772,-11.4685
90.000,24,FLiBe_outer,2,165.5253,-22.9116
90.000,24,FLiBe_outer,3,160.7727,-34.1499
90.000,24,FLiBe_outer,4,153.9579,-44.7536
90.000,24,FLiBe_outer,5,145.3125,-54.0974
90.000,24,FLiBe_outer,6,135.4554,-61.6093
90.000,24,FLiBe_outer,7,125.2231,-67.0514
90.000,24,FLiBe_outer,8,115.3471,-70.5886
90.000,24,FLiBe_outer,9,106.2475,-72.6232
90.000,24,FLiBe_outer,10,98.0387,-73.5861
90.000,24,FLiBe_outer,11,90.6452,-73.8210
90.000,24,FLiBe_outer,12,83.9129,-73.5597
90.000,24,FLiBe_outer,13,77.6778,-72.9420
90.000,24,FLiBe_outer,14,71.7961,-72.0423
90.000,24,FLiBe_outer,15,66.1541,-70.8918
90.000,24,FLiBe_outer,16,60.6664,-69.4931
90.000,24,FLiBe_outer,17,55.2724,-67.8287
90.000,24,FLiBe_outer,18,49.9321,-65.8660
90.000,24,FLiBe_outer,19,44.6245,-63.5606
90.000,24,FLiBe_outer,20,39.3478,-60.8596
90.000,24,FLiBe_outer,21,34.1231,-57.7071
90.000,24,FLiBe_outer,22,28.9975,-54.0516
90.000,24,FLiBe_outer,23,24.0474,-49.8577
90.000,24,FLiBe_outer,24,19.3766,-45.1216
90.000,24,FLiBe_outer,25,15.1083,-39.8871
90.000,24,FLiBe_outer,26,11.3662,-34.2559
90.000,24,FLiBe_outer,27,8.2484,-28.3825
90.000,24,FLiBe_outer,28,5.8013,-22.4445
90.000,24,FLiBe_outer,29,4.0099,-16.5943
90.000,24,FLiBe_outer,30,2.8124,-10.9149
90.000,24,FLiBe_outer,31,2.1333,-5.4061
90.000,24,FLiBe_outer,32,1.9141,-0.0000
90.000,24,FLiBe_outer,33,2.1333,5.4061
90.000,24,FLiBe_outer,34,2.8124,10.9149
90.000,24,FLiBe_outer,35,4.0099,16.5943
90.000,24,FLiBe_outer,36,5.8013,22.4445
90.000,24,FLiBe_outer,37,8.2484,28.3825
90.000,24,FLiBe_outer,38,11.3662,34.2559
90.000,24,FLiBe_outer,39,15.1083,39.8871
90.000,24,FLiBe_outer,40,19.3766,45.1216
90.000,24,FLiBe_outer,41,24.0474,49.8577
90.000,24,FLiBe_outer,42,28.9975,54.0516
90.000,24,FLiBe_outer,43,34.1231,57.7071
90.000,24,FLiBe_outer,44,39.3478,60.8596
90.000,24,FLiBe_outer,45,44.6245,63.5606
90.000,24,FLiBe_outer,46,49.9321,65.8660
90.000,24,FLiBe_outer,47,55.2724,67.8287
90.000,24,FLiBe_outer,48,60.6664,69.4931
90.000,24,FLiBe_outer,49,66.1541,70.8918
90.000,24,FLiBe_outer,50,71.7961,72.0423
90.000,24,FLiBe_outer,51,77.6778,72.9420
90.000,24,FLiBe_outer,52,83.9129,73.5597
90.000,24,FLiBe_outer,53,90.6452,73.8210
90.000,24,FLiBe_outer,54,98.0387,73.5861
90.000,24,FLiBe_outer,55,106.2475,72.6232
90.000,24,FLiBe_outer,56,115.3471,70.5886
90.000,24,FLiBe_outer,57,125.2231,67.0514
90.000,24,FLiBe_outer,58,135.4554,61.6093
90.000,24,FLiBe_outer,59,145.3125,54.0974
90.000,24,FLiBe_outer,60,153.9579,44.7536
90.000,24,FLiBe_outer,61,160.7727,34.1499
90.000,24,FLiBe_outer,62,165.5253,22.9116
90.000,24,FLiBe_outer,63,168.2772,11.4685
90.000,24,shield_outer,0,209.1725,-0.0000
90.000,24,shield_outer,1,207.7915,-17.6831
90.000,24,shield_outer,2,203.5386,-35.3612
90.000,24,shield_outer,3,196.1734,-52.7723
90.000,24,shield_outer,4,185.5908,-69.2355
90.000,24,shield_outer,5,172.1694,-83.7405
90.000,24,shield_outer,6,156.9268,-95.3581
90.000,24,shield_outer,7,141.2382,-103.7054
90.000,24,shield_outer,8,126.3014,-109.0594
90.000,24,shield_outer,9,112.7945,-112.0837
90.000,24,shield_outer,10,100.8846,-113.4847
90.000,24,shield_outer,11,90.4192,-113.8203
90.000,24,shield_outer,12,81.1112,-113.4615
90.000,24,shield_outer,13,72.6525,-112.6251
90.000,24,shield_outer,14,64.7667,-111.4198
90.000,24,shield_outer,15,57.2260,-109.8827
90.000,24,shield_outer,16,49.8516,-108.0034
90.000,24,shield_outer,17,42.5102,-105.7382
90.000,24,shield_outer,18,35.1091,-103.0181
90.000,24,shield_outer,19,27.5950,-99.7545
90.000,24,shield_outer,20,19.9565,-95.8450
90.000,24,shield_outer,21,12.2284,-91.1829
90.000,24,shield_outer,22,4.4974,-85.6703
90.000,24,shield_outer,23,-3.0952,-79.2393
90.000,24,shield_outer,24,-10.3578,-71.8772
90.000,24,shield_outer,25,-17.0655,-63.6536
90.000,24,shield_outer,26,-22.9921,-54.7378
90.000,24,shield_outer,27,-27.9562,-45.3891
90.000,24,shield_outer,28,-31.8650,-35.9073
90.000,24,shield_outer,29,-34.7313,-26.5504
90.000,24,shield_outer,30,-36.6481,-17.4624
90.000,24,shield_outer,31,-37.7351,-8.6481
90.000,24,shield_outer,32,-38.0859,-0.0000
90.000,24,shield_outer,33,-37.7351,8.6481
90.000,24,shield_outer,34,-36.6481,17.4624
90.000,24,shield_outer,35,-34.7313,26.5504
90.000,24,shield_outer,36,-31.8650,35.9073
90.000,24,shield_outer,37,-27.9562,45.3891
90.000,24,shield_outer,38,-22.9921,54.7378
90.000,24,shield_outer,39,-17.0655,63.6536
90.000,24,shield_outer,40,-10.3578,71.8772
90.000,24,shield_outer,41,-3.0952,79.2393
90.000,24,shield_outer,42,4.4974,85.6703
90.000,24,shield_outer,43,12.2284,91.1829
90.000,24,shield_outer,44,19.9565,95.8450
90.000,24,shield_outer,45,27.5950,99.7545
90.000,24,shield_outer,46,35.1091,103.0181
90.000,24,shield_outer,47,42.5102,105.7382
90.000,24,shield_outer,48,49.8516,108.0034
90.000,24,shield_outer,49,57.2260,109.8827
90.000,24,shield_outer,50,64.7667,111.4198
90.000,24,shield_outer,51,72.6525,112.6251
90.000,24,shield_outer,52,81.1112,113.4615
90.000,24,shield_outer,53,90.4192,113.8203
90.000,24,shield_outer,54,100.8846,113.4847
90.000,24,shield_outer,55,112.7945,112.0837
90.000,24,shield_outer,56,126.3014,109.0594
90.000,24,shield_outer,57,141.2382,103.7054
90.000,24,shield_outer,58,156.9268,95.3581
90.000,24,shield_outer,59,172.1694,83.7405
90.000,24,shield_outer,60,185.5908,69.2355
90.000,24,shield_outer,61,196.1734,52.7723
90.000,24,shield_outer,62,203.5386,35.3612
90.000,24,shield_outer,63,207.7915,17.6831
90.000,24,coil_outer,0,224.1725,-0.0000
90.000,24,coil_outer,1,222.6094,-20.0135
90.000,24,coil_outer,2,217.7936,-40.0297
90.000,24,coil_outer,3,209.4487,-59.7557
90.000,24,coil_outer,4,197.4531,-78.4162
90.000,24,coil_outer,5,182.2407,-94.8566
90.000,24,coil_outer,6,164.9786,-108.0138
90.000,24,coil_outer,7,147.2438,-117.4506
90.000,24,coil_outer,8,130.4092,-123.4859
90.000,24,coil_outer,9,115.2496,-126.8815
90.000,24,coil_outer,10,101.9518,-128.4467
90.000,24,coil_outer,11,90.3345,-128.8201
90.000,24,coil_outer,12,80.0606,-128.4247
90.000,24,coil_outer,13,70.7681,-127.5063
90.000,24,coil_outer,14,62.1307,-126.1863
90.000,24,coil_outer,15,53.8779,-124.5042
90.000,24,coil_outer,16,45.7961,-122.4447
90.000,24,coil_outer,17,37.7244,-119.9542
90.000,24,coil_outer,18,29.5505,-116.9501
90.000,24,coil_outer,19,21.2090,-113.3272
90.000,24,coil_outer,20,12.6848,-108.9646
90.000,24,coil_outer,21,4.0179,-103.7362
90.000,24,coil_outer,22,-4.6902,-97.5273
90.000,24,coil_outer,23,-13.2736,-90.2574
90.000,24,coil_outer,24,-21.5082,-81.9106
90.000,24,coil_outer,25,-29.1307,-72.5661
90.000,24,coil_outer,26,-35.8765,-62.4185
90.000,24,coil_outer,27,-41.5329,-51.7666
90.000,24,coil_outer,28,-45.9899,-40.9558
90.000,24,coil_outer,29,-49.2592,-30.2839
90.000,24,coil_outer,30,-51.4457,-19.9177
90.000,24,coil_outer,31,-52.6858,-9.8639
90.000,24,coil_outer,32,-53.0859,-0.0000
90.000,24,coil_outer,33,-52.6858,9.8639
90.000,24,coil_outer,34,-51.4457,19.9177
90.000,24,coil_outer,35,-49.2592,30.2839
90.000,24,coil_outer,36,-45.9899,40.9558
90.000,24,coil_outer,37,-41.5329,51.7666
90.000,24,coil_outer,38,-35.8765,62.4185
90.000,24,coil_outer,39,-29.1307,72.5661
90.000,24,coil_outer,40,-21.5082,81.9106
90.000,24,coil_outer,41,-13.2736,90.2574
90.000,24,coil_outer,42,-4.6902,97.5273
90.000,24,coil_outer,43,4.0179,103.7362
90.000,24,coil_outer,44,12.6848,108.9646
90.000,24,coil_outer,45,21.2090,113.3272
90.000,24,coil_outer,46,29.5505,116.9501
90.000,24,coil_outer,47,37.7244,119.9542
90.000,24,coil_outer,48,45.7961,122.4447
90.000,24,coil_outer,49,53.8779,124.5042
90.000,24,coil_outer,50,62.1307,126.1863
90.000,24,coil_outer,51,70.7681,127.5063
90.000,24,coil_outer,52,80.0606,128.4247
90.000,24,coil_outer,53,90.3345,128.8201
90.000,24,coil_outer,54,101.9518,128.4467
90.000,24,coil_outer,55,115.2496,126.8815
90.000,24,coil_outer,56,130.4092,123.4859
90.000,24,coil_outer,57,147.2438,117.4506
90.000,24,coil_outer,58,164.9786,108.0138
90.000,24,coil_outer,59,182.2407,94.8566
90.000,24,coil_outer,60,197.4531,78.4162
90.000,24,coil_outer,61,209.4487,59.7557
90.000,24,coil_outer,62,217.7936,40.0297
90.000,24,coil_outer,63,222.6094,20.0135
135.000,36,LCFS,0,119.2070,9.1501
135.000,36,LCFS,1,120.2373,6.6709
135.000,36,LCFS,2,121.0573,4.2388
135.000,36,LCFS,3,121.6684,1.8884
135.000,36,LCFS,4,122.0712,-0.3417
135.000,36,LCFS,5,122.2658,-2.4099
135.000,36,LCFS,6,122.2532,-4.2730
135.000,36,LCFS,7,122.0366,-5.8885
135.000,36,LCFS,8,121.6212,-7.2180
135.000,36,LCFS,9,121.0150,-8.2302
135.000,36,LCFS,10,120.2276,-8.9035
135.000,36,LCFS,11,119.2698,-9.2275
135.000,36,LCFS,12,118.1526,-9.2043
135.000,36,LCFS,13,116.8865,-8.8476
135.000,36,LCFS,14,115.4808,-8.1817
135.000,36,LCFS,15,113.9447,-7.2389
135.000,36,LCFS,16,112.2871,-6.0578
135.000,36,LCFS,17,110.5182,-4.6799
135.000,36,LCFS,18,108.6499,-3.1478
135.000,36,LCFS,19,106.6967,-1.5028
135.000,36,LCFS,20,104.6756,0.2167
135.000,36,LCFS,21,102.6060,1.9765
135.000,36,LCFS,22,100.5084,3.7474
135.000,36,LCFS,23,98.4038,5.5055
135.000,36,LCFS,24,96.3127,7.2326
135.000,36,LCFS,25,94.2545,8.9154
135.000,36,LCFS,26,92.2469,10.5449
135.000,36,LCFS,27,90.3064,12.1154
135.000,36,LCFS,28,88.4481,13.6235
135.000,36,LCFS,29,86.6857,15.0668
135.000,36,LCFS,30,85.0319,16.4437
135.000,36,LCFS,31,83.4974,17.7530
135.000,36,LCFS,32,82.0906,18.9945
135.000,36,LCFS,33,80.8170,20.1692
135.000,36,LCFS,34,79.6788,21.2803
135.000,36,LCFS,35,78.6754,22.3333
135.000,36,LCFS,36,77.8047,23.3363
135.000,36,LCFS,37,77.0645,24.2988
135.000,36,LCFS,38,76.4553,25.2308
135.000,36,LCFS,39,75.9825,26.1410
135.000,36,LCFS,40,75.6583,27.0348
135.000,36,LCFS,41,75.5026,27.9132
135.000,36,LCFS,42,75.5424,28.7716
135.000,36,LCFS,43,75.8100,29.5990
135.000,36,LCFS,44,76.3395,30.3787
135.000,36,LCFS,45,77.1624,31.0891
135.000,36,LCFS,46,78.3033,31.7041
135.000,36,LCFS,47,79.7757,32.1952
135.000,36,LCFS,48,81.5786,32.5329
135.000,36,LCFS,49,83.6948,32.6881
135.000,36,LCFS,50,86.0912,32.6340
135.000,36,LCFS,51,88.7205,32.3478
135.000,36,LCFS,52,91.5242,31.8122
135.000,36,LCFS,53,94.4370,31.0167
135.000,36,LCFS,54,97.3915,29.9590
135.000,36,LCFS,55,100.3224,28.6450
135.000,36,LCFS,56,103.1708,27.0888
135.000,36,LCFS,57,105.8871,25.3116
135.000,36,LCFS,58,108.4323,23.3400
135.000,36,LCFS,59,110.7791,21.2043
135.000,36,LCFS,60,112.9105,18.9361
135.000,36,LCFS,61,114.8186,16.5669
135.000,36,LCFS,62,116.5020,14.1269
135.000,36,LCFS,63,117.9633,11.6452
135.000,36,plasma_edge,0,123.7543,11.2290
135.000,36,plasma_edge,1,124.9162,8.4336
135.000,36,plasma_edge,2,125.8474,5.6722
135.000,36,plasma_edge,3,126.5503,2.9690
135.000,36,plasma_edge,4,127.0236,0.3465
135.000,36,plasma_edge,5,127.2604,-2.1787
135.000,36,plasma_edge,6,127.2424,-4.6017
135.000,36,plasma_edge,7,126.9253,-6.9376
135.000,36,plasma_edge,8,126.2041,-9.2173
135.000,36,plasma_edge,9,124.8683,-11.4164
135.000,36,plasma_edge,10,122.7084,-13.2446
135.000,36,plasma_edge,11,119.9872,-14.1758
135.000,36,plasma_edge,12,117.3656,-14.1420
135.000,36,plasma_edge,13,115.0991,-13.5173
135.000,36,plasma_edge,14,113.0818,-12.5686
135.000,36,plasma_edge,15,111.1759,-11.4023
135.000,36,plasma_edge,16,109.2953,-10.0639
135.000,36,plasma_edge,17,107.3946,-8.5842
135.000,36,plasma_edge,18,105.4534,-6.9926
135.000,36,plasma_edge,19,103.4660,-5.3189
135.000,36,plasma_edge,20,101.4362,-3.5919
135.000,36,plasma_edge,21,99.3739,-1.8384
135.000,36,plasma_edge,22,97.2929,-0.0815
135.000,36,plasma_edge,23,95.2089,1.6594
135.000,36,plasma_edge,24,93.1382,3.3697
135.000,36,plasma_edge,25,91.0964,5.0389
135.000,36,plasma_edge,26,89.0986,6.6606
135.000,36,plasma_edge,27,87.1584,8.2308
135.000,36,plasma_edge,28,85.2890,9.7479
135.000,36,plasma_edge,29,83.5026,11.2109
135.000,36,plasma_edge,30,81.8103,12.6199
135.000,36,plasma_edge,31,80.2215,13.9757
135.000,36,plasma_edge,32,78.7429,15.2807
135.000,36,plasma_edge,33,77.3776,16.5401
135.000,36,plasma_edge,34,76.1248,17.7633
135.000,36,plasma_edge,35,74.9802,18.9650
135.000,36,plasma_edge,36,73.9376,20.1668
135.000,36,plasma_edge,37,72.9919,21.3981
135.000,36,plasma_edge,38,72.1439,22.6986
135.000,36,plasma_edge,39,71.4089,24.1204
135.000,36,plasma_edge,40,70.8321,25.7279
135.000,36,plasma_edge,41,70.5136,27.5804
135.000,36,plasma_edge,42,70.6235,29.6687
135.000,36,plasma_edge,43,71.3306,31.8205
135.000,36,plasma_edge,44,72.6369,33.7390
135.000,36,plasma_edge,45,74.3654,35.2336
135.000,36,plasma_edge,46,76.3545,36.3086
135.000,36,plasma_edge,47,78.5491,37.0424
135.000,36,plasma_edge,48,80.9547,37.4938
135.000,36,plasma_edge,49,83.5827,37.6868
135.000,36,plasma_edge,50,86.4289,37.6226
135.000,36,plasma_edge,51,89.4683,37.2916
135.000,36,plasma_edge,52,92.6581,36.6819
135.000,36,plasma_edge,53,95.9429,35.7846
135.000,36,plasma_edge,54,99.2603,34.5966
135.000,36,plasma_edge,55,102.5464,33.1232
135.000,36,plasma_edge,56,105.7403,31.3781
135.000,36,plasma_edge,57,108.7884,29.3837
135.000,36,plasma_edge,58,111.6474,27.1693
135.000,36,plasma_edge,59,114.2849,24.7692
135.000,36,plasma_edge,60,116.6807,22.2202
135.000,36,plasma_edge,61,118.8248,19.5586
135.000,36,plasma_edge,62,120.7153,16.8190
135.000,36,plasma_edge,63,122.3563,14.0329
135.000,36,W_outer,0,123.9362,11.3121
135.000,36,W_outer,1,125.1034,8.5042
135.000,36,W_outer,2,126.0390,5.7295
135.000,36,W_outer,3,126.7455,3.0123
135.000,36,W_outer,4,127.2217,0.3740
135.000,36,W_outer,5,127.4602,-2.1695
135.000,36,W_outer,6,127.4420,-4.6149
135.000,36,W_outer,7,127.1208,-6.9795
135.000,36,W_outer,8,126.3874,-9.2973
135.000,36,W_outer,9,125.0225,-11.5438
135.000,36,W_outer,10,122.8076,-13.4183
135.000,36,W_outer,11,120.0159,-14.3737
135.000,36,W_outer,12,117.3341,-14.3395
135.000,36,W_outer,13,115.0276,-13.7041
135.000,36,W_outer,14,112.9859,-12.7440
135.000,36,W_outer,15,111.0652,-11.5689
135.000,36,W_outer,16,109.1756,-10.2241
135.000,36,W_outer,17,107.2696,-8.7403
135.000,36,W_outer,18,105.3256,-7.1464
135.000,36,W_outer,19,103.3368,-5.4716
135.000,36,W_outer,20,101.3066,-3.7443
135.000,36,W_outer,21,99.2446,-1.9910
135.000,36,W_outer,22,97.1642,-0.2347
135.000,36,W_outer,23,95.0811,1.5055
135.000,36,W_outer,24,93.0112,3.2151
135.000,36,W_outer,25,90.9701,4.8839
135.000,36,W_outer,26,88.9726,6.5052
135.000,36,W_outer,27,87.0325,8.0755
135.000,36,W_outer,28,85.1626,9.5929
135.000,36,W_outer,29,83.3752,11.0567
135.000,36,W_outer,30,81.6814,12.4670
135.000,36,W_outer,31,80.0905,13.8246
135.000,36,W_outer,32,78.6090,15.1321
135.000,36,W_outer,33,77.2400,16.3949
135.000,36,W_outer,34,75.9826,17.6226
135.000,36,W_outer,35,74.8324,18.8303
135.000,36,W_outer,36,73.7829,20.0400
135.000,36,W_outer,37,72.8290,21.2821
135.000,36,W_outer,38,71.9715,22.5973
135.000,36,W_outer,39,71.2260,24.0396
135.000,36,W_outer,40,70.6390,25.6756
135.000,36,W_outer,41,70.3141,27.5670
135.000,36,W_outer,42,70.4268,29.7046
135.000,36,W_outer,43,71.1514,31.9093
135.000,36,W_outer,44,72.4888,33.8734
135.000,36,W_outer,45,74.2536,35.3994
135.000,36,W_outer,46,76.2765,36.4928
135.000,36,W_outer,47,78.5001,37.2363
135.000,36,W_outer,48,80.9297,37.6922
135.000,36,W_outer,49,83.5783,37.8868
135.000,36,W_outer,50,86.4425,37.8221
135.000,36,W_outer,51,89.4982,37.4893
135.000,36,W_outer,52,92.7034,36.8767
135.000,36,W_outer,53,96.0031,35.9753
135.000,36,W_outer,54,99.3351,34.7821
135.000,36,W_outer,55,102.6353,33.3023
135.000,36,W_outer,56,105.8430,31.5497
135.000,36,W_outer,57,108.9045,29.5465
135.000,36,W_outer,58,111.7760,27.3225
135.000,36,W_outer,59,114.4252,24.9118
135.000,36,W_outer,60,116.8315,22.3516
135.000,36,W_outer,61,118.9850,19.6783
135.000,36,W_outer,62,120.8839,16.9267
135.000,36,W_outer,63,122.5320,14.1284
135.000,36,steel_outer,0,127.3922,12.8920
135.000,36,steel_outer,1,128.6594,9.8438
135.000,36,steel_outer,2,129.6795,6.8190
135.000,36,steel_outer,3,130.4557,3.8335
135.000,36,steel_outer,4,130.9855,0.8970
135.000,36,steel_outer,5,131.2561,-1.9937
135.000,36,steel_outer,6,131.2337,-4.8647
135.000,36,steel_outer,7,130.8362,-7.7769
135.000,36,steel_outer,8,129.8704,-10.8167
135.000,36,steel_outer,9,127.9510,-13.9653
135.000,36,steel_outer,10,124.6930,-16.7176
135.000,36,steel_outer,11,120.5611,-18.1344
135.000,36,steel_outer,12,116.7360,-18.0921
135.000,36,steel_outer,13,113.6692,-17.2530
135.000,36,steel_outer,14,111.1627,-16.0781
135.000,36,steel_outer,15,108.9609,-14.7331
135.000,36,steel_outer,16,106.9018,-13.2688
135.000,36,steel_outer,17,104.8957,-11.7076
135.000,36,steel_outer,18,102.8962,-10.0685
135.000,36,steel_outer,19,100.8815,-8.3718
135.000,36,steel_outer,20,98.8446,-6.6389
135.000,36,steel_outer,21,96.7882,-4.8903
135.000,36,steel_outer,22,94.7205,-3.1447
135.000,36,steel_outer,23,92.6530,-1.4175
135.000,36,steel_outer,24,90.5985,0.2793
135.000,36,steel_outer,25,88.5700,1.9378
135.000,36,steel_outer,26,86.5799,3.5531
135.000,36,steel_outer,27,84.6400,5.1232
135.000,36,steel_outer,28,82.7617,6.6474
135.000,36,steel_outer,29,80.9560,8.1262
135.000,36,steel_outer,30,79.2330,9.5609
135.000,36,steel_outer,31,77.6008,10.9538
135.000,36,steel_outer,32,76.0647,12.3096
135.000,36,steel_outer,33,74.6261,13.6368
135.000,36,steel_outer,34,73.2816,14.9497
135.000,36,steel_outer,35,72.0240,16.2704
135.000,36,steel_outer,36,70.8440,17.6312
135.000,36,steel_outer,37,69.7339,19.0775
135.000,36,steel_outer,38,68.6949,20.6728
135.000,36,steel_outer,39,67.7501,22.5039
135.000,36,steel_outer,40,66.9712,24.6824
135.000,36,steel_outer,41,66.5225,27.3140
135.000,36,steel_outer,42,66.6884,30.3864
135.000,36,steel_outer,43,67.7471,33.5977
135.000,36,steel_outer,44,69.6749,36.4272
135.000,36,steel_outer,45,72.1279,38.5492
135.000,36,steel_outer,46,74.7954,39.9923
135.000,36,steel_outer,47,77.5679,40.9202
135.000,36,steel_outer,48,80.4555,41.4625
135.000,36,steel_outer,49,83.4931,41.6858
135.000,36,steel_outer,50,86.6991,41.6134
135.000,36,steel_outer,51,90.0665,41.2466
135.000,36,steel_outer,52,93.5652,40.5777
135.000,36,steel_outer,53,97.1476,39.5988
135.000,36,steel_outer,54,100.7554,38.3067
135.000,36,steel_outer,55,104.3256,36.7057
135.000,36,steel_outer,56,107.7958,34.8095
135.000,36,steel_outer,57,111.1095,32.6413
135.000,36,steel_outer,58,114.2194,30.2327
135.000,36,steel_outer,59,117.0896,27.6212
135.000,36,steel_outer,60,119.6969,24.8475
135.000,36,steel_outer,61,122.0297,21.9520
135.000,36,steel_outer,62,124.0860,18.9727
135.000,36,steel_outer,63,125.8707,15.9431
135.000,36,Be_outer,0,129.2111,13.7236
135.000,36,Be_outer,1,130.5310,10.5489
135.000,36,Be_outer,2,131.5955,7.3924
135.000,36,Be_outer,3,132.4085,4.2658
135.000,36,Be_outer,4,132.9665,1.1723
135.000,36,Be_outer,5,133.2540,-1.9012
135.000,36,Be_outer,6,133.2294,-4.9962
135.000,36,Be_outer,7,132.7917,-8.1965
135.000,36,Be_outer,8,131.7036,-11.6164
135.000,36,Be_outer,9,129.4924,-15.2398
135.000,36,Be_outer,10,125.6853,-18.4540
135.000,36,Be_outer,11,120.8481,-20.1137
135.000,36,Be_outer,12,116.4211,-20.0672
135.000,36,Be_outer,13,112.9543,-19.1208
135.000,36,Be_outer,14,110.2031,-17.8328
135.000,36,Be_outer,15,107.8534,-16.3984
135.000,36,Be_outer,16,105.7050,-14.8712
135.000,36,Be_outer,17,103.6463,-13.2693
135.000,36,Be_outer,18,101.6176,-11.6064
135.000,36,Be_outer,19,99.5892,-9.8983
135.000,36,Be_outer,20,97.5488,-8.1623
135.000,36,Be_outer,21,95.4953,-6.4163
135.000,36,Be_outer,22,93.4343,-4.6762
135.000,36,Be_outer,23,91.3750,-2.9560
135.000,36,Be_outer,24,89.3287,-1.2659
135.000,36,Be_outer,25,87.3068,0.3872
135.000,36,Be_outer,26,85.3205,1.9994
135.000,36,Be_outer,27,83.3807,3.5694
135.000,36,Be_outer,28,81.4981,5.0972
135.000,36,Be_outer,29,79.6828,6.5839
135.000,36,Be_outer,30,77.9443,8.0314
135.000,36,Be_outer,31,76.2904,9.4429
135.000,36,Be_outer,32,74.7256,10.8240
135.000,36,Be_outer,33,73.2503,12.1852
135.000,36,Be_outer,34,71.8600,13.5429
135.000,36,Be_outer,35,70.5459,14.9231
135.000,36,Be_outer,36,69.2971,16.3634
135.000,36,Be_outer,37,68.1048,17.9172
135.000,36,Be_outer,38,66.9703,19.6599
135.000,36,Be_outer,39,65.9207,21.6957
135.000,36,Be_outer,40,65.0407,24.1596
135.000,36,Be_outer,41,64.5270,27.1809
135.000,36,Be_outer,42,64.7209,30.7452
135.000,36,Be_outer,43,65.9553,34.4863
135.000,36,Be_outer,44,68.1939,37.7713
135.000,36,Be_outer,45,71.0091,40.2071
135.000,36,Be_outer,46,74.0158,41.8341
135.000,36,Be_outer,47,77.0772,42.8591
135.000,36,Be_outer,48,80.2060,43.4469
135.000,36,Be_outer,49,83.4483,43.6853
135.000,36,Be_outer,50,86.8342,43.6089
135.000,36,Be_outer,51,90.3657,43.2241
135.000,36,Be_outer,52,94.0188,42.5256
135.000,36,Be_outer,53,97.7500,41.5060
135.000,36,Be_outer,54,101.5030,40.1617
135.000,36,Be_outer,55,105.2152,38.4970
135.000,36,Be_outer,56,108.8236,36.5252
135.000,36,Be_outer,57,112.2701,34.2702
135.000,36,Be_outer,58,115.5054,31.7644
135.000,36,Be_outer,59,118.4920,29.0472
135.000,36,Be_outer,60,121.2050,26.1611
135.000,36,Be_outer,61,123.6322,23.1487
135.000,36,Be_outer,62,125.7714,20.0495
135.000,36,Be_outer,63,127.6279,16.8982
135.000,36,FLiBe_outer,0,174.6847,34.5119
135.000,36,FLiBe_outer,1,177.3206,28.1765
135.000,36,FLiBe_outer,2,179.4967,21.7269
135.000,36,FLiBe_outer,3,181.2267,15.0722
135.000,36,FLiBe_outer,4,182.4906,8.0542
135.000,36,FLiBe_outer,5,183.2005,0.4111
135.000,36,FLiBe_outer,6,183.1212,-8.2835
135.000,36,FLiBe_outer,7,181.6786,-18.6878
135.000,36,FLiBe_outer,8,177.5324,-31.6092
135.000,36,FLiBe_outer,9,168.0261,-47.1012
135.000,36,FLiBe_outer,10,150.4933,-61.8656
135.000,36,FLiBe_outer,11,128.0223,-69.5964
135.000,36,FLiBe_outer,12,108.5507,-69.4439
135.000,36,FLiBe_outer,13,95.0809,-65.8171
135.000,36,FLiBe_outer,14,86.2133,-61.7019
135.000,36,FLiBe_outer,15,80.1660,-58.0326
135.000,36,FLiBe_outer,16,75.7864,-54.9321
135.000,36,FLiBe_outer,17,72.4103,-52.3117
135.000,36,FLiBe_outer,18,69.6528,-50.0544
135.000,36,FLiBe_outer,19,67.2825,-48.0595
135.000,36,FLiBe_outer,20,65.1543,-46.2490
135.000,36,FLiBe_outer,21,63.1742,-44.5652
135.000,36,FLiBe_outer,22,61.2794,-42.9654
135.000,36,FLiBe_outer,23,59.4263,-41.4174
135.000,36,FLiBe_outer,24,57.5833,-39.8953
135.000,36,FLiBe_outer,25,55.7264,-38.3772
135.000,36,FLiBe_outer,26,53.8368,-36.8436
135.000,36,FLiBe_outer,27,51.9003,-35.2762
135.000,36,FLiBe_outer,28,49.9071,-33.6586
135.000,36,FLiBe_outer,29,47.8511,-31.9744
135.000,36,FLiBe_outer,30,45.7280,-30.2061
135.000,36,FLiBe_outer,31,43.5312,-28.3306
135.000,36,FLiBe_outer,32,41.2482,-26.3144
135.000,36,FLiBe_outer,33,38.8562,-24.1060
135.000,36,FLiBe_outer,34,36.3201,-21.6269
135.000,36,FLiBe_outer,35,33.5936,-18.7597
135.000,36,FLiBe_outer,36,30.6264,-15.3317
135.000,36,FLiBe_outer,37,27.3791,-11.0899
135.000,36,FLiBe_outer,38,23.8570,-5.6628
135.000,36,FLiBe_outer,39,20.1855,1.4895
135.000,36,FLiBe_outer,40,16.7789,11.0904
135.000,36,FLiBe_outer,41,14.6379,23.8520
135.000,36,FLiBe_outer,42,15.5323,39.7165
135.000,36,FLiBe_outer,43,21.1615,56.7013
135.000,36,FLiBe_outer,44,31.1686,71.3738
135.000,36,FLiBe_outer,45,43.0399,81.6525
135.000,36,FLiBe_outer,46,54.5270,87.8795
135.000,36,FLiBe_outer,47,64.8113,91.3312
135.000,36,FLiBe_outer,48,73.9669,93.0561
135.000,36,FLiBe_outer,49,82.3281,93.6728
135.000,36,FLiBe_outer,50,90.2117,93.4947
135.000,36,FLiBe_outer,51,97.8439,92.6617
135.000,36,FLiBe_outer,52,105.3578,91.2229
135.000,36,FLiBe_outer,53,112.8089,89.1844
135.000,36,FLiBe_outer,54,120.1917,86.5377
135.000,36,FLiBe_outer,55,127.4552,83.2784
135.000,36,FLiBe_outer,56,134.5181,79.4181
135.000,36,FLiBe_outer,57,141.2838,74.9912
135.000,36,FLiBe_outer,58,147.6558,70.0575
135.000,36,FLiBe_outer,59,153.5504,64.6970
135.000,36,FLiBe_outer,60,158.9072,59.0023
135.000,36,FLiBe_outer,61,163.6939,53.0663
135.000,36,FLiBe_outer,62,167.9051,46.9707
135.000,36,FLiBe_outer,63,171.5583,40.7755
135.000,36,shield_outer,0,211.0636,51.1425
135.000,36,shield_outer,1,214.7523,42.2785
135.000,36,shield_outer,2,217.8176,33.1945
135.000,36,shield_outer,3,220.2813,23.7173
135.000,36,shield_outer,4,222.1099,13.5598
135.000,36,shield_outer,5,223.1577,2.2609
135.000,36,shield_outer,6,223.0347,-10.9134
135.000,36,shield_outer,7,220.7882,-27.0808
135.000,36,shield_outer,8,214.1956,-47.6035
135.000,36,shield_outer,9,198.8531,-72.5904
135.000,36,shield_outer,10,170.3398,-96.5948
135.000,36,shield_outer,11,133.7616,-109.1825
135.000,36,shield_outer,12,102.2543,-108.9452
135.000,36,shield_outer,13,80.7822,-103.1741
135.000,36,shield_outer,14,67.0214,-96.7971
135.000,36,shield_outer,15,58.0160,-91.3400
135.000,36,shield_outer,16,51.8515,-86.9808
135.000,36,shield_outer,17,47.4214,-83.5456
135.000,36,shield_outer,18,44.0809,-80.8128
135.000,36,shield_outer,19,41.4371,-78.5884
135.000,36,shield_outer,20,39.2387,-76.7183
135.000,36,shield_outer,21,37.3173,-75.0844
135.000,36,shield_outer,22,35.5555,-73.5968
135.000,36,shield_outer,23,33.8673,-72.1865
135.000,36,shield_outer,24,32.1870,-70.7988
135.000,36,shield_outer,25,30.4622,-69.3888
135.000,36,shield_outer,26,28.6499,-67.9179
135.000,36,shield_outer,27,26.7159,-66.3527
135.000,36,shield_outer,28,24.6343,-64.6632
135.000,36,shield_outer,29,22.3858,-62.8211
135.000,36,shield_outer,30,19.9549,-60.7961
135.000,36,shield_outer,31,17.3238,-58.5494
135.000,36,shield_outer,32,14.4663,-56.0251
135.000,36,shield_outer,33,11.3409,-53.1389
135.000,36,shield_outer,34,7.8881,-49.7627
135.000,36,shield_outer,35,4.0318,-45.7059
135.000,36,shield_outer,36,-0.3102,-40.6877
135.000,36,shield_outer,37,-5.2015,-34.2957
135.000,36,shield_outer,38,-10.6337,-25.9209
135.000,36,shield_outer,39,-16.4027,-14.6754
135.000,36,shield_outer,40,-21.8305,0.6351
135.000,36,shield_outer,41,-25.2734,21.1890
135.000,36,shield_outer,42,-23.8186,46.8935
135.000,36,shield_outer,43,-14.6736,74.4734
135.000,36,shield_outer,44,1.5483,98.2557
135.000,36,shield_outer,45,20.6645,114.8088
135.000,36,shield_outer,46,38.9359,124.7159
135.000,36,shield_outer,47,54.9985,130.1089
135.000,36,shield_outer,48,68.9756,132.7435
135.000,36,shield_outer,49,81.4319,133.6627
135.000,36,shield_outer,50,92.9137,133.4033
135.000,36,shield_outer,51,103.8264,132.2118
135.000,36,shield_outer,52,114.4290,130.1807
135.000,36,shield_outer,53,124.8561,127.3271
135.000,36,shield_outer,54,135.1427,123.6385
135.000,36,shield_outer,55,145.2472,119.1036
135.000,36,shield_outer,56,155.0736,113.7323
135.000,36,shield_outer,57,164.4948,107.5681
135.000,36,shield_outer,58,173.3760,100.6919
135.000,36,shield_outer,59,181.5971,93.2168
135.000,36,shield_outer,60,189.0690,85.2752
135.000,36,shield_outer,61,195.7432,77.0004
135.000,36,shield_outer,62,201.6121,68.5076
135.000,36,shield_outer,63,206.7025,59.8774
135.000,36,coil_outer,0,224.7057,57.3790
135.000,36,coil_outer,1,228.7892,47.5668
135.000,36,coil_outer,2,232.1880,37.4949
135.000,36,coil_outer,3,234.9268,26.9592
135.000,36,coil_outer,4,236.9672,15.6244
135.000,36,coil_outer,5,238.1416,2.9546
135.000,36,coil_outer,6,238.0022,-11.8996
135.000,36,coil_outer,7,235.4543,-30.2281
135.000,36,coil_outer,8,227.9442,-53.6013
135.000,36,coil_outer,9,210.4132,-82.1488
135.000,36,coil_outer,10,177.7822,-109.6183
135.000,36,coil_outer,11,135.9138,-124.0273
135.000,36,coil_outer,12,99.8932,-123.7582
135.000,36,coil_outer,13,75.4202,-117.1830
135.000,36,coil_outer,14,59.8245,-109.9578
135.000,36,coil_outer,15,49.7098,-103.8302
135.000,36,coil_outer,16,42.8759,-98.9991
135.000,36,coil_outer,17,38.0506,-95.2584
135.000,36,coil_outer,18,34.4915,-92.3472
135.000,36,coil_outer,19,31.7451,-90.0367
135.000,36,coil_outer,20,29.5203,-88.1444
135.000,36,coil_outer,21,27.6210,-86.5291
135.000,36,coil_outer,22,25.9090,-85.0836
135.000,36,coil_outer,23,24.2827,-83.7249
135.000,36,coil_outer,24,22.6634,-82.3876
135.000,36,coil_outer,25,20.9881,-81.0181
135.000,36,coil_outer,26,19.2047,-79.5708
135.000,36,coil_outer,27,17.2718,-78.0064
135.000,36,coil_outer,28,15.1570,-76.2899
135.000,36,coil_outer,29,12.8363,-74.3886
135.000,36,coil_outer,30,10.2900,-72.2674
135.000,36,coil_outer,31,7.4961,-69.8814
135.000,36,coil_outer,32,4.4231,-67.1667
135.000,36,coil_outer,33,1.0227,-64.0262
135.000,36,coil_outer,34,-2.7739,-60.3136
135.000,36,coil_outer,35,-7.0539,-55.8107
135.000,36,coil_outer,36,-11.9114,-50.1962
135.000,36,coil_outer,37,-17.4192,-42.9978
135.000,36,coil_outer,38,-23.5677,-33.5177
135.000,36,coil_outer,39,-30.1233,-20.7372
135.000,36,coil_outer,40,-36.3090,-3.2856
135.000,36,coil_outer,41,-40.2401,20.1903
135.000,36,coil_outer,42,-38.5751,49.5848
135.000,36,coil_outer,43,-28.1118,81.1379
135.000,36,coil_outer,44,-9.5593,108.3365
135.000,36,coil_outer,45,12.2737,127.2424
135.000,36,coil_outer,46,33.0893,138.5296
135.000,36,coil_outer,47,51.3187,144.6505
135.000,36,coil_outer,48,67.1038,147.6262
135.000,36,coil_outer,49,81.0958,148.6590
135.000,36,coil_outer,50,93.9270,148.3690
135.000,36,coil_outer,51,106.0699,147.0430
135.000,36,coil_outer,52,117.8307,144.7899
135.000,36,coil_outer,53,129.3737,141.6306
135.000,36,coil_outer,54,140.7493,137.5513
135.000,36,coil_outer,55,151.9192,132.5381
135.000,36,coil_outer,56,162.7820,126.6002
135.000,36,coil_outer,57,173.1989,119.7844
135.000,36,coil_outer,58,183.0211,112.1798
135.000,36,coil_outer,59,192.1146,103.9118
135.000,36,coil_outer,60,200.3797,95.1275
135.000,36,coil_outer,61,207.7617,85.9756
135.000,36,coil_outer,62,214.2522,76.5840
135.000,36,coil_outer,63,219.8816,67.0406
